sensors,frame_idx,fps,latency_ms,gpu_pct,cpu_pct,objects_count,trajectory_reset,ego,cameras,bev_objects,nearest_objects,frame_id
"{""cam"":true,""radar"":true,""gnss"":true,""imu"":true,""lidar"":true}",498761361,0,1378.1,46,2.1,"{""vehicle"":2,""person"":0,""cyclist"":0}",TRUE,"{""heading_deg"":270.3061024410886,""speed_mps"":0.0,""accelerating"":false,""braking"":true,""turning_left"":false,""turning_right"":false,""world_x"":0.0,""world_y"":0.0}","{""front"":{""boxes"":[{""id"":""F_1"",""cls"":""potted plant"",""conf"":0.87255859375,""box"":[0.7681640625,0.6145833333333334,0.077734375,0.07916666666666666]},{""id"":""F_2"",""cls"":""potted plant"",""conf"":0.80908203125,""box"":[0.70703125,0.5463541666666667,0.0265625,0.029166666666666667]},{""id"":""F_3"",""cls"":""potted plant"",""conf"":0.7138671875,""box"":[0.6255859375,0.5528645833333333,0.033984375,0.033854166666666664]},{""id"":""F_4"",""cls"":""potted plant"",""conf"":0.6494140625,""box"":[0.809375,0.5481770833333334,0.03125,0.03177083333333333]}]},""left"":{""boxes"":[]},""rear"":{""boxes"":[{""id"":""R_5"",""cls"":""car"",""conf"":0.89306640625,""box"":[0.775390625,0.546875,0.07890625,0.04895833333333333]},{""id"":""R_6"",""cls"":""car"",""conf"":0.88427734375,""box"":[0.841015625,0.6744791666666666,0.25859375,0.16458333333333333]},{""id"":""R_7"",""cls"":""potted plant"",""conf"":0.78271484375,""box"":[0.045361328125,0.6544270833333333,0.090625,0.10677083333333333]}]},""right"":{""boxes"":[{""id"":""RT_8"",""cls"":""potted plant"",""conf"":0.90576171875,""box"":[0.08974609375,0.7153645833333333,0.166796875,0.15572916666666667]},{""id"":""RT_9"",""cls"":""potted plant"",""conf"":0.8662109375,""box"":[0.653515625,0.71484375,0.13203125,0.15364583333333334]}]}}","[{""id"":""R_5"",""cls"":""vehicle"",""x"":-23.891788482666016,""y"":-12.535219192504883,""distance"":27.048355102539062},{""id"":""R_6"",""cls"":""vehicle"",""x"":-7.469481945037842,""y"":-3.9946413040161133,""distance"":8.695887088775635}]","[{""id"":""R_6"",""cls"":""vehicle"",""label"":""Car"",""dist_m"":8.696,""speed_mps"":null,""motion"":""unknown""},{""id"":""R_5"",""cls"":""vehicle"",""label"":""Car"",""dist_m"":27.048,""speed_mps"":null,""motion"":""unknown""}]",frame_000001
"{""cam"":true,""radar"":true,""gnss"":true,""imu"":true,""lidar"":true}",832149011,0.4,223.1,46,12.7,"{""vehicle"":2,""person"":0,""cyclist"":0}",FALSE,"{""heading_deg"":270.3061024410886,""speed_mps"":0.000748035691171391,""accelerating"":false,""braking"":false,""turning_left"":false,""turning_right"":false,""world_x"":-3.7933570096648685e-15,""world_y"":-1.5344585829024113e-17}","{""front"":{""boxes"":[{""id"":""F_1"",""cls"":""potted plant"",""conf"":0.8662109375,""box"":[0.768333548553719,0.614809314738292,0.07642550080641408,0.07781077823691464]},{""id"":""F_2"",""cls"":""potted plant"",""conf"":0.7919921875,""box"":[0.70703125,0.5465801480716254,0.026160213972764447,0.028714703856749266]},{""id"":""F_3"",""cls"":""potted plant"",""conf"":0.76611328125,""box"":[0.625416451446281,0.5528645833333333,0.03397671568251992,0.033854166666666664]},{""id"":""F_4"",""cls"":""potted plant"",""conf"":0.66015625,""box"":[0.809375,0.5481770833333334,0.03125,0.03177083333333333]}]},""left"":{""boxes"":[]},""rear"":{""boxes"":[{""id"":""R_5"",""cls"":""car"",""conf"":0.88427734375,""box"":[0.7814921229338843,0.5459710743801653,0.07884497546015963,0.04895833333333333]},{""id"":""R_6"",""cls"":""car"",""conf"":0.9091796875,""box"":[0.8403376807851239,0.6744791666666666,0.2585631127300797,0.16458333333333333]},{""id"":""R_7"",""cls"":""potted plant"",""conf"":0.7890625,""box"":[0.04547784978693182,0.6544270833333333,0.08987943834677116,0.10586690771349865]}]},""right"":{""boxes"":[{""id"":""RT_8"",""cls"":""potted plant"",""conf"":0.8955078125,""box"":[0.08978846526342975,0.7158165461432506,0.16679113051188993,0.15572916666666667]},{""id"":""RT_9"",""cls"":""potted plant"",""conf"":0.85205078125,""box"":[0.653515625,0.7146177685950412,0.131651648106347,0.153193870523416]}]}}","[{""id"":""R_6"",""cls"":""vehicle"",""x"":-7.406074047088623,""y"":-4.195432662963867,""distance"":8.970070838928223},{""id"":""R_5"",""cls"":""vehicle"",""x"":-24.135692596435547,""y"":-12.94088363647461,""distance"":27.55931148529053}]","[{""id"":""R_6"",""cls"":""vehicle"",""label"":""Car"",""dist_m"":8.97,""speed_mps"":0.19,""motion"":""stationary""},{""id"":""R_5"",""cls"":""vehicle"",""label"":""Car"",""dist_m"":27.559,""speed_mps"":0.732,""motion"":""approaching""}]",frame_000002
"{""cam"":true,""radar"":true,""gnss"":true,""imu"":true,""lidar"":true}",165388837,0.8,211.9,46,11.3,"{""vehicle"":2,""person"":0,""cyclist"":0}",FALSE,"{""heading_deg"":270.3061024410886,""speed_mps"":0.00041210294846781413,""accelerating"":false,""braking"":false,""turning_left"":false,""turning_right"":false,""world_x"":-1.1679338145413154e-15,""world_y"":-4.162587578453854e-17}","{""front"":{""boxes"":[{""id"":""F_1"",""cls"":""potted plant"",""conf"":0.8740234375,""box"":[0.7683624953286661,0.6150523923243573,0.07584337131781718,0.0771702402650669]},{""id"":""F_2"",""cls"":""potted plant"",""conf"":0.796875,""box"":[0.70703125,0.5464144133265757,0.026461924407035476,0.029046173346848527]},{""id"":""F_3"",""cls"":""potted plant"",""conf"":0.7578125,""box"":[0.625539679422628,0.5524585649202464,0.034739727386097916,0.034666203492840705]},{""id"":""F_4"",""cls"":""potted plant"",""conf"":0.6318359375,""box"":[0.809375,0.5481770833333334,0.03125,0.03177083333333333]},{""id"":""F_10"",""cls"":""potted plant"",""conf"":0.72314453125,""box"":[0.6741796875,0.5734375,0.04492574257425739,0.046875]}]},""left"":{""boxes"":[]},""rear"":{""boxes"":[{""id"":""R_5"",""cls"":""car"",""conf"":0.873046875,""box"":[0.7872571284142019,0.5452072258082116,0.0767430411407978,0.04774027809407233]},{""id"":""R_6"",""cls"":""car"",""conf"":0.91943359375,""box"":[0.838851252926713,0.6744791666666666,0.25966932999263354,0.16539537015950737]},{""id"":""R_7"",""cls"":""potted plant"",""conf"":0.78271484375,""box"":[0.0455073294186288,0.6546308184524451,0.08944541891794724,0.1053048324969391]}]},""right"":{""boxes"":[{""id"":""RT_8"",""cls"":""potted plant"",""conf"":0.90673828125,""box"":[0.0898337867217968,0.7154879382063252,0.16678006270275297,0.15572916666666667]},{""id"":""RT_9"",""cls"":""potted plant"",""conf"":0.87158203125,""box"":[0.653515625,0.7147823430554774,0.13193425887875732,0.15352301944428817]}]}}","[{""id"":""R_6"",""cls"":""vehicle"",""x"":-7.517411231994629,""y"":-4.147185325622559,""distance"":9.024789810180664},{""id"":""R_5"",""cls"":""vehicle"",""x"":-24.635663986206055,""y"":-13.552789688110352,""distance"":28.19706153869629}]","[{""id"":""R_6"",""cls"":""vehicle"",""label"":""Car"",""dist_m"":9.025,""speed_mps"":0.334,""motion"":""approaching""},{""id"":""R_5"",""cls"":""vehicle"",""label"":""Car"",""dist_m"":28.197,""speed_mps"":1.5,""motion"":""approaching""}]",frame_000003
"{""cam"":true,""radar"":true,""gnss"":true,""imu"":true,""lidar"":true}",498683008,1.2,212.7,16,9.1,"{""vehicle"":2,""person"":0,""cyclist"":0}",FALSE,"{""heading_deg"":270.30580191276516,""speed_mps"":0.018095581146986596,""accelerating"":false,""braking"":false,""turning_left"":false,""turning_right"":false,""world_x"":-0.0060310387052595615,""world_y"":3.599661431508139e-05}","{""front"":{""boxes"":[{""id"":""F_1"",""cls"":""potted plant"",""conf"":0.8818359375,""box"":[0.7683683270738354,0.6151229054958167,0.07573330329159536,0.07699811128124452]},{""id"":""F_2"",""cls"":""potted plant"",""conf"":0.7705078125,""box"":[0.70703125,0.5465576383069605,0.026218389519814523,0.028759723386079135]},{""id"":""F_3"",""cls"":""potted plant"",""conf"":0.6943359375,""box"":[0.6254340405874241,0.5525269876591596,0.03457057948574418,0.03452935801501423]},{""id"":""F_4"",""cls"":""potted plant"",""conf"":0.640625,""box"":[0.8090768550057958,0.5483758466628027,0.03084891572435682,0.03137330667439452]},{""id"":""F_10"",""cls"":""potted plant"",""conf"":0.61865234375,""box"":[0.6745108792979944,0.5734375,0.04493328924748088,0.046875]},{""id"":""F_11"",""cls"":""potted plant"",""conf"":0.62060546875,""box"":[0.9239062499999999,0.5494791666666666,0.03282023514851477,0.030208333333333334]}]},""left"":{""boxes"":[]},""rear"":{""boxes"":[{""id"":""R_5"",""cls"":""car"",""conf"":0.84912109375,""box"":[0.7928603879934586,0.5449870363908546,0.07586856109462473,0.047359759081299004]},{""id"":""R_6"",""cls"":""car"",""conf"":0.927734375,""box"":[0.8358690031942946,0.6740826626443732,0.2584524652133339,0.16485731154581346]},{""id"":""R_7"",""cls"":""potted plant"",""conf"":0.79052734375,""box"":[0.04555177215239001,0.6550932260217729,0.08872433728131782,0.10434856115232687]}]},""right"":{""boxes"":[{""id"":""RT_8"",""cls"":""potted plant"",""conf"":0.8955078125,""box"":[0.0898472279711252,0.7155753336904169,0.1671710674743339,0.15612669332560547]},{""id"":""RT_9"",""cls"":""potted plant"",""conf"":0.85302734375,""box"":[0.653515625,0.7146392319813949,0.13170467873442257,0.15323679729612322]},{""id"":""RT_12"",""cls"":""potted plant"",""conf"":0.5830078125,""box"":[0.9734375,0.5405208333333333,0.02881884061803621,0.027291666666666714]}]}}","[{""id"":""R_6"",""cls"":""vehicle"",""x"":-7.587957859039307,""y"":-3.9440762996673584,""distance"":8.858080101013183},{""id"":""R_5"",""cls"":""vehicle"",""x"":-25.599382400512695,""y"":-13.489795684814453,""distance"":29.004585647583006}]","[{""id"":""R_6"",""cls"":""vehicle"",""label"":""Car"",""dist_m"":8.858,""speed_mps"":0.212,""motion"":""approaching""},{""id"":""R_5"",""cls"":""vehicle"",""label"":""Car"",""dist_m"":29.005,""speed_mps"":2.891,""motion"":""approaching""}]",frame_000004
"{""cam"":true,""radar"":true,""gnss"":true,""imu"":true,""lidar"":true}",832108681,1.6,212.5,16,12.4,"{""vehicle"":2,""person"":0,""cyclist"":0}",FALSE,"{""heading_deg"":270.3058565542785,""speed_mps"":0.36523517524985893,""accelerating"":true,""braking"":false,""turning_left"":false,""turning_right"":false,""world_x"":-0.12780766189098358,""world_y"":0.0006808651960454881}","{""front"":{""boxes"":[{""id"":""F_1"",""cls"":""potted plant"",""conf"":0.87841796875,""box"":[0.7683681762699219,0.6151376795409687,0.07577389280090623,0.076969367478479]},{""id"":""F_2"",""cls"":""potted plant"",""conf"":0.79833984375,""box"":[0.7071760033845967,0.5464134325633273,0.026462532523902647,0.029048134873345312]},{""id"":""F_3"",""cls"":""potted plant"",""conf"":0.69921875,""box"":[0.6253972629372606,0.552752401873456,0.034070007368683,0.03407852958642117]},{""id"":""F_4"",""cls"":""potted plant"",""conf"":0.66015625,""box"":[0.8091264875134858,0.5486327968212537,0.030337371082805476,0.030859406357492722]},{""id"":""F_10"",""cls"":""potted plant"",""conf"":0.689453125,""box"":[0.6743177444056361,0.5734375,0.04494415996676375,0.046875]},{""id"":""F_11"",""cls"":""potted plant"",""conf"":0.60205078125,""box"":[0.9238460333094556,0.5494791666666666,0.032835328494961756,0.030208333333333334]}]},""left"":{""boxes"":[]},""rear"":{""boxes"":[{""id"":""R_5"",""cls"":""car"",""conf"":0.8232421875,""box"":[0.7977620762059044,0.5443609577633081,0.07587906554345007,0.04765671636452282]},{""id"":""R_6"",""cls"":""car"",""conf"":0.9345703125,""box"":[0.8320671222504501,0.6708790513420451,0.24950867585630299,0.15928090332137224]},{""id"":""R_7"",""cls"":""potted plant"",""conf"":0.77734375,""box"":[0.04570921118107422,0.6552346372735488,0.08860859186907158,0.10406705763930238]}]},""right"":{""boxes"":[{""id"":""RT_8"",""cls"":""potted plant"",""conf"":0.896484375,""box"":[0.09035372233360392,0.7156074471495436,0.16648672688015315,0.15548658432872836]},{""id"":""RT_9"",""cls"":""potted plant"",""conf"":0.85107421875,""box"":[0.6538040313542448,0.7145911629968056,0.1316411446039191,0.15314065932694448]},{""id"":""RT_12"",""cls"":""potted plant"",""conf"":0.5849609375,""box"":[0.9737414922763048,0.5403992364228114,0.029101333524058148,0.02753486048771047]}]}}","[{""id"":""R_6"",""cls"":""vehicle"",""x"":-7.752738952636719,""y"":-3.9681785106658936,""distance"":9.100921821594238},{""id"":""R_5"",""cls"":""vehicle"",""x"":-25.986425399780273,""y"":-13.93319034576416,""distance"":29.62341651916504}]","[{""id"":""R_6"",""cls"":""vehicle"",""label"":""Car"",""dist_m"":9.101,""speed_mps"":0.494,""motion"":""approaching""},{""id"":""R_5"",""cls"":""vehicle"",""label"":""Car"",""dist_m"":29.623,""speed_mps"":1.161,""motion"":""approaching""}]",frame_000005
"{""cam"":true,""radar"":true,""gnss"":true,""imu"":true,""lidar"":true}",165377534,1.8,220.7,16,16.1,"{""vehicle"":4,""person"":0,""cyclist"":0}",FALSE,"{""heading_deg"":270.30561066746844,""speed_mps"":0.6995970006388469,""accelerating"":true,""braking"":false,""turning_left"":false,""turning_right"":false,""world_x"":-0.3609582483768463,""world_y"":0.0019196842331439257}","{""front"":{""boxes"":[{""id"":""F_1"",""cls"":""potted plant"",""conf"":0.87890625,""box"":[0.7707519071943463,0.6160724389499791,0.07557773988135282,0.07660313283540307]},{""id"":""F_2"",""cls"":""potted plant"",""conf"":0.76904296875,""box"":[0.707781261156678,0.5467364951798476,0.026489493138762386,0.02914540340721506]},{""id"":""F_3"",""cls"":""potted plant"",""conf"":0.80078125,""box"":[0.626228305601923,0.5528327142302273,0.034590838300148266,0.03466669175157217]},{""id"":""F_4"",""cls"":""potted plant"",""conf"":0.67578125,""box"":[0.8102791954017536,0.5496560721426456,0.02982786181670889,0.03032079935835057]},{""id"":""F_10"",""cls"":""potted plant"",""conf"":0.763671875,""box"":[0.6754200154738672,0.5744142762098815,0.04525590377234323,0.047265710483952596]},{""id"":""F_11"",""cls"":""potted plant"",""conf"":0.64794921875,""box"":[0.925649452829228,0.5504922575485823,0.03243296998975946,0.02980309698056717]}]},""left"":{""boxes"":[]},""rear"":{""boxes"":[{""id"":""R_5"",""cls"":""car"",""conf"":0.73583984375,""box"":[0.8008654540639514,0.5428645853931834,0.0726218480547324,0.04590594059053548]},{""id"":""R_6"",""cls"":""car"",""conf"":0.923828125,""box"":[0.82320947555341,0.6624210634059864,0.23290708653575543,0.1486925062368229]},{""id"":""R_7"",""cls"":""potted plant"",""conf"":0.8115234375,""box"":[0.047717535636123284,0.6532100085085604,0.0869112724938352,0.1013791695567285]},{""id"":""R_13"",""cls"":""car"",""conf"":0.607421875,""box"":[0.506640625,0.731875,0.6007040549858559,0.5216666666666666]}]},""right"":{""boxes"":[{""id"":""RT_8"",""cls"":""potted plant"",""conf"":0.91064453125,""box"":[0.0992227768214005,0.7159925484321358,0.16611524669307814,0.15526498980134976]},{""id"":""RT_9"",""cls"":""potted plant"",""conf"":0.884765625,""box"":[0.662015863171689,0.7142033001978378,0.13167777978621498,0.1531112135250775]},{""id"":""RT_12"",""cls"":""potted plant"",""conf"":0.57763671875,""box"":[0.9753602810247912,0.5397517209234169,0.02883268686113265,0.027209120414804982]}]}}","[{""id"":""R_6"",""cls"":""vehicle"",""x"":-8.102455139160156,""y"":-4.169684886932373,""distance"":9.498677921295165},{""id"":""R_5"",""cls"":""vehicle"",""x"":-25.98657989501953,""y"":-14.60148811340332,""distance"":29.878735733032226},{""id"":""R_13"",""cls"":""vehicle"",""x"":-3.8240246772766113,""y"":0.3043147623538971,""distance"":3.9993858337402344},{""id"":""R_6"",""cls"":""vehicle"",""x"":-8.102455139160156,""y"":-4.169684886932373,""distance"":9.497853660583496}]","[{""id"":""R_13"",""cls"":""vehicle"",""label"":""Car"",""dist_m"":3.999,""speed_mps"":null,""motion"":""unknown""},{""id"":""R_6"",""cls"":""vehicle"",""label"":""Car"",""dist_m"":9.498,""speed_mps"":null,""motion"":""unknown""},{""id"":""R_6"",""cls"":""vehicle"",""label"":""Car"",""dist_m"":9.499,""speed_mps"":1.049,""motion"":""approaching""},{""id"":""R_5"",""cls"":""vehicle"",""label"":""Car"",""dist_m"":29.879,""speed_mps"":0.0,""motion"":""stationary""}]",frame_000006
"{""cam"":true,""radar"":true,""gnss"":true,""imu"":true,""lidar"":true}",498689325,2.1,205,16,9.1,"{""vehicle"":3,""person"":0,""cyclist"":0}",FALSE,"{""heading_deg"":270.30561066746844,""speed_mps"":0.9277427895774782,""accelerating"":true,""braking"":false,""turning_left"":false,""turning_right"":false,""world_x"":-0.6701815128326416,""world_y"":0.003558260854333639}","{""front"":{""boxes"":[{""id"":""F_1"",""cls"":""potted plant"",""conf"":0.85693359375,""box"":[0.7758335029472982,0.619322608252667,0.07716993491550328,0.07795547523703956]},{""id"":""F_2"",""cls"":""potted plant"",""conf"":0.75341796875,""box"":[0.7097645277822165,0.5473961955073323,0.02621884276466462,0.028813414902928023]},{""id"":""F_3"",""cls"":""potted plant"",""conf"":0.7890625,""box"":[0.6270560873041333,0.5543082824080676,0.033350599803964265,0.03341943673982944]},{""id"":""F_4"",""cls"":""potted plant"",""conf"":0.74462890625,""box"":[0.8126146209846039,0.5501818649517661,0.03006055327729129,0.030520052954945955]},{""id"":""F_10"",""cls"":""potted plant"",""conf"":0.796875,""box"":[0.6777502024536382,0.5756713815124928,0.04567676368703975,0.047768552604997086]},{""id"":""F_11"",""cls"":""potted plant"",""conf"":0.67724609375,""box"":[0.9288692779865073,0.5504143596602182,0.03481648917887377,0.0320378663518215]}]},""left"":{""boxes"":[]},""rear"":{""boxes"":[{""id"":""R_5"",""cls"":""car"",""conf"":0.6259765625,""box"":[0.8019532376068673,0.5423713399615019,0.07005905761256344,0.04456710748846125]},{""id"":""R_6"",""cls"":""car"",""conf"":0.9208984375,""box"":[0.8089840259620033,0.654710090423981,0.220904356547919,0.14144017645726273]},{""id"":""R_7"",""cls"":""potted plant"",""conf"":0.81298828125,""box"":[0.05247894998516176,0.6497220108197301,0.0854186172726306,0.09788615340674779]},{""id"":""R_13"",""cls"":""truck"",""conf"":0.548828125,""box"":[0.5131271930429083,0.7332024836925021,0.6019485889530842,0.5238389127089429]}]},""right"":{""boxes"":[{""id"":""RT_8"",""cls"":""potted plant"",""conf"":0.89892578125,""box"":[0.1179060245689774,0.7161256526816115,0.16500350525352578,0.154461745310813]},{""id"":""RT_9"",""cls"":""potted plant"",""conf"":0.8642578125,""box"":[0.6799069696473217,0.7137056553059594,0.13125431118265257,0.1523741781274965]},{""id"":""RT_12"",""cls"":""potted plant"",""conf"":0.556640625,""box"":[0.9791051473598358,0.5395530468321194,0.027989918032806392,0.02631182285234394]}]}}","[{""id"":""R_6"",""cls"":""vehicle"",""x"":-8.710714340209961,""y"":-4.078367710113525,""distance"":9.876481246948241},{""id"":""R_5"",""cls"":""vehicle"",""x"":-26.228397369384766,""y"":-14.986495971679688,""distance"":30.349169921875},{""id"":""R_13"",""cls"":""truck"",""x"":-4.071430206298828,""y"":0.2968941032886505,""distance"":4.230537700653076}]","[{""id"":""R_13"",""cls"":""truck"",""label"":""Truck"",""dist_m"":4.231,""speed_mps"":0.742,""motion"":""approaching""},{""id"":""R_6"",""cls"":""vehicle"",""label"":""Car"",""dist_m"":9.876,""speed_mps"":1.825,""motion"":""approaching""},{""id"":""R_5"",""cls"":""vehicle"",""label"":""Car"",""dist_m"":30.349,""speed_mps"":0.725,""motion"":""approaching""}]",frame_000007
"{""cam"":true,""radar"":true,""gnss"":true,""imu"":true,""lidar"":true}",831972830,2.3,236,18,11.8,"{""vehicle"":4,""person"":0,""cyclist"":0}",FALSE,"{""heading_deg"":270.305556025955,""speed_mps"":1.1262375777241733,""accelerating"":true,""braking"":false,""turning_left"":false,""turning_right"":false,""world_x"":-1.0455325841903687,""world_y"":0.005546385422348976}","{""front"":{""boxes"":[{""id"":""F_1"",""cls"":""potted plant"",""conf"":0.8642578125,""box"":[0.7837593396450726,0.6234902028105559,0.07838838532250873,0.07879845065560823]},{""id"":""F_2"",""cls"":""potted plant"",""conf"":0.81396484375,""box"":[0.7122246249587647,0.5478101080305949,0.027058271854902394,0.02977313317719634]},{""id"":""F_3"",""cls"":""potted plant"",""conf"":0.76220703125,""box"":[0.6287123867952683,0.5552095374206903,0.03355240461814759,0.03368389867095895]},{""id"":""F_4"",""cls"":""potted plant"",""conf"":0.75927734375,""box"":[0.815982867633007,0.5507115218876549,0.030202917488221813,0.03060072800374473]},{""id"":""F_10"",""cls"":""potted plant"",""conf"":0.82666015625,""box"":[0.6810007023005329,0.5782810520467666,0.044602111022371285,0.04647585534395624]},{""id"":""F_11"",""cls"":""potted plant"",""conf"":0.67919921875,""box"":[0.9334368267006494,0.5509286231718443,0.03594297716902517,0.033118489228081076]}]},""left"":{""boxes"":[]},""rear"":{""boxes"":[{""id"":""R_5"",""cls"":""car"",""conf"":0.60400390625,""box"":[0.8008922157579595,0.5405808052481685,0.07053807826880928,0.04524121480698682]},{""id"":""R_6"",""cls"":""car"",""conf"":0.875,""box"":[0.7929768269860136,0.6442567722486022,0.20211007905922287,0.1298681199980314]},{""id"":""R_7"",""cls"":""potted plant"",""conf"":0.70556640625,""box"":[0.0631868360010183,0.6439333819994769,0.08331740112014549,0.09341884573968345]},{""id"":""R_13"",""cls"":""truck"",""conf"":0.449462890625,""box"":[0.515439078822918,0.7306089613113766,0.5880598708189911,0.5144436616717142]},{""id"":""R_14"",""cls"":""potted plant"",""conf"":0.54296875,""box"":[0.05376464843749999,0.54234375,0.03191038751431846,0.02947916666666662]}]},""right"":{""boxes"":[{""id"":""RT_8"",""cls"":""potted plant"",""conf"":0.9033203125,""box"":[0.14488878819976622,0.7156286532762363,0.16448359815312466,0.15454174900210507]},{""id"":""RT_9"",""cls"":""potted plant"",""conf"":0.88330078125,""box"":[0.7058923402516198,0.7137139402007612,0.13167875941132223,0.15247457989569782]}]}}","[{""id"":""R_6"",""cls"":""vehicle"",""x"":-9.18600082397461,""y"":-4.282730579376221,""distance"":10.419662475585938},{""id"":""R_5"",""cls"":""vehicle"",""x"":-27.176231384277344,""y"":-14.823548316955566,""distance"":31.058542823791505},{""id"":""R_13"",""cls"":""truck"",""x"":-4.360014915466309,""y"":0.2894650399684906,""distance"":4.534772491455078},{""id"":""R_13"",""cls"":""vehicle"",""x"":-4.360014915466309,""y"":0.2894650399684906,""distance"":4.534772491455078}]","[{""id"":""R_13"",""cls"":""truck"",""label"":""Truck"",""dist_m"":4.535,""speed_mps"":0.866,""motion"":""approaching""},{""id"":""R_13"",""cls"":""vehicle"",""label"":""Car"",""dist_m"":4.535,""speed_mps"":null,""motion"":""unknown""},{""id"":""R_6"",""cls"":""vehicle"",""label"":""Car"",""dist_m"":10.42,""speed_mps"":1.426,""motion"":""approaching""},{""id"":""R_5"",""cls"":""vehicle"",""label"":""Car"",""dist_m"":31.059,""speed_mps"":2.844,""motion"":""approaching""}]",frame_000008
"{""cam"":true,""radar"":true,""gnss"":true,""imu"":true,""lidar"":true}",165371517,2.5,225.9,18,10.2,"{""vehicle"":3,""person"":0,""cyclist"":0}",FALSE,"{""heading_deg"":270.30552870519836,""speed_mps"":1.3012894431036024,""accelerating"":true,""braking"":false,""turning_left"":false,""turning_right"":false,""world_x"":-1.4793745279312134,""world_y"":0.007844986394047737}","{""front"":{""boxes"":[{""id"":""F_1"",""cls"":""potted plant"",""conf"":0.85986328125,""box"":[0.7952002152980295,0.6290367988727896,0.08157982527148197,0.08157617060552802]},{""id"":""F_2"",""cls"":""potted plant"",""conf"":0.796875,""box"":[0.7151872484615338,0.5483027817171592,0.0268177480325555,0.02941437140158077]},{""id"":""F_3"",""cls"":""potted plant"",""conf"":0.71240234375,""box"":[0.6311488525252245,0.5560484112746965,0.03459688652576727,0.034847462345470245]},{""id"":""F_4"",""cls"":""potted plant"",""conf"":0.767578125,""box"":[0.8203736379329051,0.55159843597052,0.03030408722620397,0.030638987767647664]},{""id"":""F_10"",""cls"":""potted plant"",""conf"":0.78662109375,""box"":[0.685399874449515,0.5791879111855015,0.045684987220114694,0.04745595899065087]},{""id"":""F_11"",""cls"":""potted plant"",""conf"":0.64794921875,""box"":[0.9393227123047396,0.5519968101149978,0.03601222428612818,0.03312847471841955]}]},""left"":{""boxes"":[]},""rear"":{""boxes"":[{""id"":""R_5"",""cls"":""car"",""conf"":0.60205078125,""box"":[0.7996193509241485,0.538197323727488,0.07241699029292752,0.04692535762983094]},{""id"":""R_6"",""cls"":""car"",""conf"":0.8818359375,""box"":[0.7751795835850903,0.6341586702790856,0.18576092388211646,0.12018971645588934]},{""id"":""R_7"",""cls"":""potted plant"",""conf"":0.49609375,""box"":[0.08154805555429126,0.6375616037870927,0.08034985311535325,0.0882706006073421]},{""id"":""R_13"",""cls"":""truck"",""conf"":0.73095703125,""box"":[0.5123268377999497,0.7135843231311341,0.5413680050786922,0.47751669872582325]},{""id"":""R_14"",""cls"":""potted plant"",""conf"":0.55810546875,""box"":[0.05942415727471304,0.5418149189855614,0.030782342642360395,0.028421504637789495]}]},""right"":{""boxes"":[{""id"":""RT_8"",""cls"":""potted plant"",""conf"":0.8896484375,""box"":[0.17878411512288925,0.715090269460698,0.1635347541412751,0.15458099229877503]},{""id"":""RT_9"",""cls"":""potted plant"",""conf"":0.85595703125,""box"":[0.7386247803340996,0.7135472190426434,0.13252148763244379,0.1528742368264485]}]}}","[{""id"":""R_6"",""cls"":""vehicle"",""x"":-9.936665534973145,""y"":-4.0998148918151855,""distance"":10.965047836303711},{""id"":""R_13"",""cls"":""truck"",""x"":-4.682229042053223,""y"":0.22041569650173187,""distance"":4.878728866577148},{""id"":""R_5"",""cls"":""vehicle"",""x"":-27.46969985961914,""y"":-15.36982536315918,""distance"":31.555627822875977}]","[{""id"":""R_13"",""cls"":""truck"",""label"":""Truck"",""dist_m"":4.879,""speed_mps"":0.966,""motion"":""approaching""},{""id"":""R_6"",""cls"":""vehicle"",""label"":""Car"",""dist_m"":10.965,""speed_mps"":2.252,""motion"":""approaching""},{""id"":""R_5"",""cls"":""vehicle"",""label"":""Car"",""dist_m"":31.556,""speed_mps"":0.88,""motion"":""approaching""}]",frame_000009
"{""cam"":true,""radar"":true,""gnss"":true,""imu"":true,""lidar"":true}",498696291,2.7,247,18,13.4,"{""vehicle"":3,""person"":0,""cyclist"":0}",FALSE,"{""heading_deg"":270.30547406368504,""speed_mps"":1.4674538791444753,""accelerating"":true,""braking"":false,""turning_left"":false,""turning_right"":false,""world_x"":-1.9685065746307373,""world_y"":0.01043582521378994}","{""front"":{""boxes"":[{""id"":""F_1"",""cls"":""potted plant"",""conf"":0.88720703125,""box"":[0.8095754518868054,0.6353553897167992,0.08615849864375669,0.08570618798130454]},{""id"":""F_2"",""cls"":""potted plant"",""conf"":0.78271484375,""box"":[0.7187715378630977,0.5490058566138318,0.02708505136593926,0.02962266007226937]},{""id"":""F_3"",""cls"":""potted plant"",""conf"":0.74462890625,""box"":[0.6339734235396579,0.5577316893943862,0.03498940136391537,0.03527196704166353]},{""id"":""F_4"",""cls"":""potted plant"",""conf"":0.74755859375,""box"":[0.8261654304989691,0.5526112308819348,0.030387222918484547,0.03065969156923766]},{""id"":""F_10"",""cls"":""potted plant"",""conf"":0.767578125,""box"":[0.6906176741449028,0.5819553905824418,0.046782627513368966,0.048509869943078716]},{""id"":""F_11"",""cls"":""potted plant"",""conf"":0.64599609375,""box"":[0.9469927826485819,0.5534438861003413,0.036174718110791385,0.03309351557139486]}]},""left"":{""boxes"":[]},""rear"":{""boxes"":[{""id"":""R_5"",""cls"":""car"",""conf"":0.640625,""box"":[0.7968510618193158,0.5371889179799568,0.07098352928731728,0.04650149295776173]},{""id"":""R_6"",""cls"":""car"",""conf"":0.8056640625,""box"":[0.7574513007519124,0.6239467926035024,0.16617269628814507,0.10825950812273924]},{""id"":""R_7"",""cls"":""potted plant"",""conf"":0.416748046875,""box"":[0.10100247766811372,0.630665413447342,0.07680433583430457,0.08291389228519783]},{""id"":""R_13"",""cls"":""truck"",""conf"":0.7373046875,""box"":[0.5077478337019413,0.6850276931860313,0.4676545668635633,0.41647414639636254]},{""id"":""R_14"",""cls"":""potted plant"",""conf"":0.533203125,""box"":[0.06666820840944729,0.5410225423365965,0.030863898815278356,0.028498603684562814]}]},""right"":{""boxes"":[{""id"":""RT_8"",""cls"":""potted plant"",""conf"":0.900390625,""box"":[0.2185558471589734,0.7154227995189966,0.16111973097396867,0.15354545510021633]},{""id"":""RT_9"",""cls"":""potted plant"",""conf"":0.88232421875,""box"":[0.7773013437863547,0.7134927407906432,0.13400264591798522,0.15373053877112758]}]}}","[{""id"":""R_6"",""cls"":""vehicle"",""x"":-10.76362133026123,""y"":-3.9693048000335693,""distance"":11.727200508117676},{""id"":""R_13"",""cls"":""truck"",""x"":-5.045738220214844,""y"":0.09123047441244125,""distance"":5.289917278289795},{""id"":""R_5"",""cls"":""vehicle"",""x"":-28.457624435424805,""y"":-15.061279296875,""distance"":32.286109924316406}]","[{""id"":""R_13"",""cls"":""truck"",""label"":""Truck"",""dist_m"":5.29,""speed_mps"":1.091,""motion"":""approaching""},{""id"":""R_6"",""cls"":""vehicle"",""label"":""Car"",""dist_m"":11.727,""speed_mps"":2.481,""motion"":""approaching""},{""id"":""R_5"",""cls"":""vehicle"",""label"":""Car"",""dist_m"":32.286,""speed_mps"":2.964,""motion"":""approaching""}]",frame_000010
"{""cam"":true,""radar"":true,""gnss"":true,""imu"":true,""lidar"":true}",832030617,2.8,239.1,18,10.5,"{""vehicle"":4,""person"":0,""cyclist"":0}",FALSE,"{""heading_deg"":270.30547406368504,""speed_mps"":1.6009103393521946,""accelerating"":true,""braking"":false,""turning_left"":false,""turning_right"":false,""world_x"":-2.5021371841430664,""world_y"":0.0132620669901371}","{""front"":{""boxes"":[{""id"":""F_1"",""cls"":""potted plant"",""conf"":0.85595703125,""box"":[0.8268730536430976,0.6436305820441911,0.09091223524393684,0.08962883047393065]},{""id"":""F_2"",""cls"":""potted plant"",""conf"":0.72802734375,""box"":[0.7231823046383283,0.5494288939559442,0.028700108305577832,0.03143973120330242]},{""id"":""F_3"",""cls"":""potted plant"",""conf"":0.70263671875,""box"":[0.6374778708359512,0.5590420918964873,0.03575436158380798,0.03612067559210423]},{""id"":""F_4"",""cls"":""potted plant"",""conf"":0.7734375,""box"":[0.8324383376111539,0.5534902180930402,0.030888406140443435,0.03102362551105422]},{""id"":""F_10"",""cls"":""potted plant"",""conf"":0.63720703125,""box"":[0.6969193211406928,0.5855572490827444,0.04655153443041291,0.0478470678563261]},{""id"":""F_11"",""cls"":""potted plant"",""conf"":0.42626953125,""box"":[0.9565593893130344,0.5550138003576018,0.03564595126249461,0.03235071794629422]}]},""left"":{""boxes"":[]},""rear"":{""boxes"":[{""id"":""R_5"",""cls"":""car"",""conf"":0.74169921875,""box"":[0.793850460538161,0.5358121681925241,0.07005334031294472,0.04634745642047212]},{""id"":""R_6"",""cls"":""car"",""conf"":0.8427734375,""box"":[0.7403367473712305,0.6142791438152311,0.14939849034753322,0.09825353316245362]},{""id"":""R_7"",""cls"":""potted plant"",""conf"":0.56005859375,""box"":[0.12241268573415058,0.6245575404484381,0.0727438372200178,0.07714689514603836]},{""id"":""R_13"",""cls"":""truck"",""conf"":0.716796875,""box"":[0.5030272885161283,0.6522079038244202,0.38562654798284707,0.3465814398534585]},{""id"":""R_14"",""cls"":""potted plant"",""conf"":0.64794921875,""box"":[0.07499039438751673,0.5404092746920367,0.030065935962783064,0.027757159619264372]}]},""right"":{""boxes"":[{""id"":""RT_8"",""cls"":""potted plant"",""conf"":0.87158203125,""box"":[0.26374759024430866,0.7155496468955391,0.1591831147520239,0.15316989458034888]},{""id"":""RT_9"",""cls"":""potted plant"",""conf"":0.89501953125,""box"":[0.8216130591580557,0.7134789209248174,0.13545000335210028,0.15404873453402732]}]}}","[{""id"":""R_6"",""cls"":""vehicle"",""x"":-11.572039604187012,""y"":-4.410487651824951,""distance"":12.536251068115234},{""id"":""R_5"",""cls"":""vehicle"",""x"":-28.85536003112793,""y"":-15.538228988647461,""distance"":32.836021423339844},{""id"":""R_13"",""cls"":""truck"",""x"":-5.31293249130249,""y"":0.01807291805744171,""distance"":5.636226654052734},{""id"":""R_13"",""cls"":""vehicle"",""x"":-5.31293249130249,""y"":0.01807291805744171,""distance"":5.636226654052734}]","[{""id"":""R_13"",""cls"":""truck"",""label"":""Truck"",""dist_m"":5.636,""speed_mps"":0.802,""motion"":""approaching""},{""id"":""R_13"",""cls"":""vehicle"",""label"":""Car"",""dist_m"":5.636,""speed_mps"":null,""motion"":""unknown""},{""id"":""R_6"",""cls"":""vehicle"",""label"":""Car"",""dist_m"":12.536,""speed_mps"":2.425,""motion"":""approaching""},{""id"":""R_5"",""cls"":""vehicle"",""label"":""Car"",""dist_m"":32.836,""speed_mps"":1.193,""motion"":""approaching""}]",frame_000011
"{""cam"":true,""radar"":true,""gnss"":true,""imu"":true,""lidar"":true}",165306240,2.9,248.5,28,12.8,"{""vehicle"":4,""person"":0,""cyclist"":0}",FALSE,"{""heading_deg"":270.30539210141495,""speed_mps"":1.6575519007625943,""accelerating"":false,""braking"":false,""turning_left"":false,""turning_right"":false,""world_x"":-3.054551362991333,""world_y"":0.01618729904294014}","{""front"":{""boxes"":[{""id"":""F_1"",""cls"":""potted plant"",""conf"":0.90576171875,""box"":[0.8488190883565375,0.65247758105353,0.09926962772242112,0.09718410921670066]},{""id"":""F_2"",""cls"":""potted plant"",""conf"":0.75048828125,""box"":[0.7282115626609896,0.550596127820958,0.028814589563310733,0.031428504653962124]},{""id"":""F_3"",""cls"":""potted plant"",""conf"":0.72509765625,""box"":[0.6409439825909867,0.5608854743625268,0.03602033651497303,0.03643310148722693]},{""id"":""F_4"",""cls"":""potted plant"",""conf"":0.75927734375,""box"":[0.8398846860938232,0.5544895126074015,0.0306798996213546,0.0304661000664904]},{""id"":""F_10"",""cls"":""potted plant"",""conf"":0.80322265625,""box"":[0.7052346310111417,0.5879087790169618,0.05051535887319449,0.05179666011341955]},{""id"":""F_11"",""cls"":""potted plant"",""conf"":0.615234375,""box"":[0.9673574457273378,0.5562742966448634,0.03559647599446105,0.03204942592255253]}]},""left"":{""boxes"":[]},""rear"":{""boxes"":[{""id"":""R_5"",""cls"":""car"",""conf"":0.50390625,""box"":[0.7911190247895161,0.5360487465491094,0.06544944223249187,0.04349836963729595]},{""id"":""R_6"",""cls"":""car"",""conf"":0.88818359375,""box"":[0.7244456876221819,0.6054471428228064,0.13641073463731904,0.09089577163607636]},{""id"":""R_7"",""cls"":""potted plant"",""conf"":0.63720703125,""box"":[0.14434177199033382,0.6176405378231498,0.06999923618238965,0.07349103999026489]},{""id"":""R_13"",""cls"":""truck"",""conf"":0.552734375,""box"":[0.5014642232436303,0.6390709609215186,0.34769621680134133,0.31681314182054243]},{""id"":""R_14"",""cls"":""potted plant"",""conf"":0.60595703125,""box"":[0.08328710299206654,0.5394709813405121,0.028979862947715408,0.026765238253684192]}]},""right"":{""boxes"":[{""id"":""RT_8"",""cls"":""potted plant"",""conf"":0.81982421875,""box"":[0.31330492948873206,0.7155975903276554,0.15649010897781362,0.1523431770881139]},{""id"":""RT_9"",""cls"":""potted plant"",""conf"":0.830078125,""box"":[0.8710152658405823,0.7126090546355337,0.13593154322294437,0.15242297632179316]}]}}","[{""id"":""R_6"",""cls"":""vehicle"",""x"":-12.469584465026855,""y"":-4.520751476287842,""distance"":13.540536308288575},{""id"":""R_13"",""cls"":""truck"",""x"":-5.660992622375488,""y"":0.026775123551487923,""distance"":5.960393047332763},{""id"":""R_5"",""cls"":""vehicle"",""x"":-29.82452392578125,""y"":-15.853789329528809,""distance"":33.84290313720703},{""id"":""R_13"",""cls"":""vehicle"",""x"":-5.660992622375488,""y"":0.026775123551487923,""distance"":5.960393047332763}]","[{""id"":""R_13"",""cls"":""truck"",""label"":""Truck"",""dist_m"":5.96,""speed_mps"":1.044,""motion"":""approaching""},{""id"":""R_13"",""cls"":""vehicle"",""label"":""Car"",""dist_m"":5.96,""speed_mps"":null,""motion"":""unknown""},{""id"":""R_6"",""cls"":""vehicle"",""label"":""Car"",""dist_m"":13.541,""speed_mps"":2.693,""motion"":""approaching""},{""id"":""R_5"",""cls"":""vehicle"",""label"":""Car"",""dist_m"":33.843,""speed_mps"":2.908,""motion"":""approaching""}]",frame_000012
"{""cam"":true,""radar"":true,""gnss"":true,""imu"":true,""lidar"":true}",498719022,3,247.9,28,10.7,"{""vehicle"":4,""person"":0,""cyclist"":0}",FALSE,"{""heading_deg"":270.30539210141495,""speed_mps"":1.762007717203672,""accelerating"":true,""braking"":false,""turning_left"":false,""turning_right"":false,""world_x"":-3.6420187950134277,""world_y"":0.019297728314995766}","{""front"":{""boxes"":[{""id"":""F_1"",""cls"":""potted plant"",""conf"":0.9013671875,""box"":[0.8749883231903153,0.6634221775376056,0.10918242115516356,0.1060169692766344]},{""id"":""F_2"",""cls"":""potted plant"",""conf"":0.68408203125,""box"":[0.7336975229268236,0.5524120370699402,0.028913123001514673,0.031406861980843935]},{""id"":""F_3"",""cls"":""potted plant"",""conf"":0.74609375,""box"":[0.644914420615248,0.5622463829538319,0.03671372958004522,0.03722871918890611]},{""id"":""F_4"",""cls"":""potted plant"",""conf"":0.7548828125,""box"":[0.8483320547335106,0.555537028902678,0.031540792304618745,0.03095822577595063]},{""id"":""F_10"",""cls"":""potted plant"",""conf"":0.7490234375,""box"":[0.7137755026390644,0.5919481588091837,0.05215443495594467,0.05288385562678144]},{""id"":""F_11"",""cls"":""potted plant"",""conf"":0.5390625,""box"":[0.9771842072487502,0.5570564861090157,0.03787706115782008,0.03403290329145037]}]},""left"":{""boxes"":[]},""rear"":{""boxes"":[{""id"":""R_5"",""cls"":""car"",""conf"":0.75927734375,""box"":[0.7873639068188679,0.5354942975421968,0.06452520081146407,0.04315175018641024]},{""id"":""R_6"",""cls"":""car"",""conf"":0.8291015625,""box"":[0.710601925126391,0.5972985914819453,0.12256204265102788,0.08285327593902707]},{""id"":""R_7"",""cls"":""potted plant"",""conf"":0.525390625,""box"":[0.16419846463084123,0.6114344105497428,0.06546586102940624,0.06798922783820747]},{""id"":""R_13"",""cls"":""truck"",""conf"":0.63330078125,""box"":[0.5004249935693159,0.6373057774331097,0.33187144970622756,0.30846140021861423]},{""id"":""R_14"",""cls"":""potted plant"",""conf"":0.4921875,""box"":[0.09163436329922783,0.5391916017048393,0.028571120604905343,0.026462836371546197]}]},""right"":{""boxes"":[{""id"":""RT_8"",""cls"":""potted plant"",""conf"":0.8388671875,""box"":[0.3646792537554142,0.7150919945630243,0.15316064344566996,0.15100113197666556]},{""id"":""RT_9"",""cls"":""potted plant"",""conf"":0.845703125,""box"":[0.9163680968184286,0.7128121124533779,0.1371031551329093,0.15285577356819607]}]}}","[{""id"":""R_6"",""cls"":""vehicle"",""x"":-13.471142768859863,""y"":-4.23569917678833,""distance"":14.248544692993164},{""id"":""R_5"",""cls"":""vehicle"",""x"":-30.379228591918945,""y"":-16.008573532104492,""distance"":34.46138153076172},{""id"":""R_13"",""cls"":""truck"",""x"":-6.104896545410156,""y"":0.07984668016433716,""distance"":6.346691274642945},{""id"":""R_13"",""cls"":""vehicle"",""x"":-6.104896545410156,""y"":0.07984668016433716,""distance"":6.346691274642945}]","[{""id"":""R_13"",""cls"":""truck"",""label"":""Truck"",""dist_m"":6.347,""speed_mps"":1.331,""motion"":""approaching""},{""id"":""R_13"",""cls"":""vehicle"",""label"":""Car"",""dist_m"":6.347,""speed_mps"":null,""motion"":""unknown""},{""id"":""R_6"",""cls"":""vehicle"",""label"":""Car"",""dist_m"":14.249,""speed_mps"":3.004,""motion"":""approaching""},{""id"":""R_5"",""cls"":""vehicle"",""label"":""Car"",""dist_m"":34.461,""speed_mps"":1.664,""motion"":""approaching""}]",frame_000013
"{""cam"":true,""radar"":true,""gnss"":true,""imu"":true,""lidar"":true}",832008371,3.1,288.4,28,8.9,"{""vehicle"":5,""person"":0,""cyclist"":0}",FALSE,"{""heading_deg"":270.30492764855137,""speed_mps"":1.9027204404839486,""accelerating"":true,""braking"":false,""turning_left"":false,""turning_right"":false,""world_x"":-4.2761664390563965,""world_y"":0.022658003494143486}","{""front"":{""boxes"":[{""id"":""F_1"",""cls"":""potted plant"",""conf"":0.83642578125,""box"":[0.9079648849734632,0.6787804015534658,0.11948689905199554,0.11470445176355]},{""id"":""F_2"",""cls"":""potted plant"",""conf"":0.66552734375,""box"":[0.7400737250304518,0.5539439685841384,0.029964625797993083,0.032418760610187884]},{""id"":""F_3"",""cls"":""potted plant"",""conf"":0.50390625,""box"":[0.6490463262504079,0.5634144442073219,0.03707862820146426,0.03752059857819804]},{""id"":""F_4"",""cls"":""potted plant"",""conf"":0.73876953125,""box"":[0.8570241577143122,0.5565922439672627,0.03342820977041931,0.032523696672715846]},{""id"":""F_10"",""cls"":""potted plant"",""conf"":0.401611328125,""box"":[0.7237382215810539,0.5958475426439515,0.05625683321191044,0.05668291052512776]},{""id"":""F_11"",""cls"":""potted plant"",""conf"":0.368408203125,""box"":[0.9850027454108087,0.5580071344116132,0.03785636343516696,0.03475106786327811]}]},""left"":{""boxes"":[]},""rear"":{""boxes"":[{""id"":""R_5"",""cls"":""truck"",""conf"":0.39794921875,""box"":[0.7866979481366242,0.531450158446879,0.07110060518170833,0.0479776001738923]},{""id"":""R_6"",""cls"":""car"",""conf"":0.884765625,""box"":[0.6985833770924122,0.5897592009819187,0.11068279104240038,0.07613349248432412]},{""id"":""R_7"",""cls"":""potted plant"",""conf"":0.490234375,""box"":[0.18300779736031217,0.6058346133147545,0.060951273634853156,0.06258169640088482]},{""id"":""R_13"",""cls"":""truck"",""conf"":0.69091796875,""box"":[0.4995909902371599,0.6372472168912078,0.32112205115740294,0.3062630459290177]},{""id"":""R_14"",""cls"":""potted plant"",""conf"":0.6943359375,""box"":[0.09962824393189362,0.5383866303080876,0.028352662622403636,0.026385070915417745]}]},""right"":{""boxes"":[{""id"":""RT_8"",""cls"":""potted plant"",""conf"":0.85107421875,""box"":[0.4203712962063677,0.7150786443017846,0.15096892991259508,0.15086665780047248]},{""id"":""RT_9"",""cls"":""potted plant"",""conf"":0.80419921875,""box"":[0.9486801542918275,0.7078661176940486,0.12299977048269621,0.13949355556900211]}]}}","[{""id"":""R_6"",""cls"":""vehicle"",""x"":-14.536355018615723,""y"":-4.310930252075195,""distance"":15.259366989135742},{""id"":""R_13"",""cls"":""truck"",""x"":-6.6565842628479,""y"":0.1878044158220291,""distance"":6.8999241352081295},{""id"":""R_13"",""cls"":""vehicle"",""x"":-6.6565842628479,""y"":0.1878044158220291,""distance"":6.8999241352081295},{""id"":""R_5"",""cls"":""truck"",""x"":-31.733388900756836,""y"":-15.85790729522705,""distance"":35.56570892333984},{""id"":""R_5"",""cls"":""vehicle"",""x"":-31.733388900756836,""y"":-15.85790729522705,""distance"":35.56570892333984}]","[{""id"":""R_13"",""cls"":""truck"",""label"":""Truck"",""dist_m"":6.9,""speed_mps"":1.655,""motion"":""approaching""},{""id"":""R_13"",""cls"":""vehicle"",""label"":""Car"",""dist_m"":6.9,""speed_mps"":null,""motion"":""unknown""},{""id"":""R_6"",""cls"":""vehicle"",""label"":""Car"",""dist_m"":15.259,""speed_mps"":3.196,""motion"":""approaching""},{""id"":""R_5"",""cls"":""truck"",""label"":""Truck"",""dist_m"":35.566,""speed_mps"":4.063,""motion"":""approaching""},{""id"":""R_5"",""cls"":""vehicle"",""label"":""Car"",""dist_m"":35.566,""speed_mps"":null,""motion"":""unknown""}]",frame_000014
"{""cam"":true,""radar"":true,""gnss"":true,""imu"":true,""lidar"":true}",165362357,3,341,28,11.3,"{""vehicle"":4,""person"":0,""cyclist"":0}",FALSE,"{""heading_deg"":270.30757776194935,""speed_mps"":2.0589577367278222,""accelerating"":true,""braking"":false,""turning_left"":false,""turning_right"":false,""world_x"":-4.962518692016602,""world_y"":0.026274994015693665}","{""front"":{""boxes"":[{""id"":""F_1"",""cls"":""potted plant"",""conf"":0.8681640625,""box"":[0.934913084598995,0.6968892334327937,0.13086890595643527,0.12789190597997427]},{""id"":""F_2"",""cls"":""potted plant"",""conf"":0.25390625,""box"":[0.7469743716215891,0.5556900631199828,0.031305204965183096,0.033809383573741414]},{""id"":""F_3"",""cls"":""potted plant"",""conf"":0.57763671875,""box"":[0.6547842454683253,0.5665599458728906,0.036698125331357453,0.03693582041261614]},{""id"":""F_4"",""cls"":""potted plant"",""conf"":0.71875,""box"":[0.8672882868681157,0.5578165556915141,0.03534456027123607,0.034125128387684]},{""id"":""F_10"",""cls"":""potted plant"",""conf"":0.7216796875,""box"":[0.7351818623047268,0.6004540659032057,0.05926709804773669,0.05911284842410088]}]},""left"":{""boxes"":[]},""rear"":{""boxes"":[{""id"":""R_5"",""cls"":""truck"",""conf"":0.6943359375,""box"":[0.7835734692138387,0.5291764450368981,0.07128229384440239,0.048683788533694226]},{""id"":""R_6"",""cls"":""car"",""conf"":0.908203125,""box"":[0.6875748198313648,0.5826087545116884,0.099007652348726,0.06943810313516062]},{""id"":""R_7"",""cls"":""potted plant"",""conf"":0.65673828125,""box"":[0.20092892467676418,0.5980188630988585,0.059320599715192615,0.06062449084682034]},{""id"":""R_13"",""cls"":""truck"",""conf"":0.6826171875,""box"":[0.4985365443208788,0.6279632557636138,0.29219407068337,0.28641525903863585]},{""id"":""R_14"",""cls"":""potted plant"",""conf"":0.65673828125,""box"":[0.10830743088003555,0.5374064196766588,0.027472048737075518,0.025655399574541764]},{""id"":""R_15"",""cls"":""potted plant"",""conf"":0.80078125,""box"":[0.0509619140625,0.6938541666666667,0.07134855684229138,0.115625]}]},""right"":{""boxes"":[{""id"":""RT_8"",""cls"":""potted plant"",""conf"":0.80908203125,""box"":[0.4804689653044125,0.7154237102460641,0.14891518896035966,0.15083523451011469]},{""id"":""RT_9"",""cls"":""potted plant"",""conf"":0.662109375,""box"":[0.9766425879070304,0.7048983137800202,0.1052957093628338,0.1257259038121044]}]}}","[{""id"":""R_6"",""cls"":""vehicle"",""x"":-15.564925193786621,""y"":-4.999968528747559,""distance"":16.672730445861816},{""id"":""R_5"",""cls"":""truck"",""x"":-32.154869079589844,""y"":-16.503944396972656,""distance"":36.23615188598633},{""id"":""R_13"",""cls"":""truck"",""x"":-7.359600067138672,""y"":0.08776025474071503,""distance"":7.571394538879394},{""id"":""R_13"",""cls"":""vehicle"",""x"":-7.359600067138672,""y"":0.08776025474071503,""distance"":7.571440410614014}]","[{""id"":""R_13"",""cls"":""truck"",""label"":""Truck"",""dist_m"":7.571,""speed_mps"":2.109,""motion"":""approaching""},{""id"":""R_13"",""cls"":""vehicle"",""label"":""Car"",""dist_m"":7.571,""speed_mps"":null,""motion"":""unknown""},{""id"":""R_6"",""cls"":""vehicle"",""label"":""Car"",""dist_m"":16.673,""speed_mps"":3.086,""motion"":""approaching""},{""id"":""R_5"",""cls"":""truck"",""label"":""Truck"",""dist_m"":36.236,""speed_mps"":1.264,""motion"":""approaching""}]",frame_000015
"{""cam"":true,""radar"":true,""gnss"":true,""imu"":true,""lidar"":true}",498686297,3,333.3,28,10.3,"{""vehicle"":4,""person"":0,""cyclist"":0}",FALSE,"{""heading_deg"":270.3026053842336,""speed_mps"":2.2260518489165717,""accelerating"":true,""braking"":false,""turning_left"":false,""turning_right"":false,""world_x"":-5.704504489898682,""world_y"":0.030231352895498276}","{""front"":{""boxes"":[{""id"":""F_1"",""cls"":""potted plant"",""conf"":0.69580078125,""box"":[0.9601818097912111,0.7071121933332669,0.13181826839452898,0.13537553509342015]},{""id"":""F_2"",""cls"":""potted plant"",""conf"":0.55078125,""box"":[0.7548283926993147,0.5581889314314228,0.03325805887052491,0.036014451975814175]},{""id"":""F_3"",""cls"":""potted plant"",""conf"":0.74755859375,""box"":[0.6603771918084914,0.5687579463105567,0.03978760530852714,0.040144666583264765]},{""id"":""F_4"",""cls"":""potted plant"",""conf"":0.6826171875,""box"":[0.8784186190305029,0.5594426352338234,0.03733900088364468,0.035747048898316196]},{""id"":""F_10"",""cls"":""potted plant"",""conf"":0.80810546875,""box"":[0.7495483549178642,0.6078701256418865,0.06289377605734758,0.062040101761359524]}]},""left"":{""boxes"":[]},""rear"":{""boxes"":[{""id"":""R_5"",""cls"":""truck"",""conf"":0.43408203125,""box"":[0.7783744145111295,0.5279942626489754,0.06854548653896923,0.04759429472569566]},{""id"":""R_6"",""cls"":""car"",""conf"":0.490234375,""box"":[0.677166310751642,0.5771303548360242,0.08883309526271699,0.06351766569541499]},{""id"":""R_7"",""cls"":""potted plant"",""conf"":0.71240234375,""box"":[0.21646424482970703,0.5910331461277608,0.05737656786058502,0.0582785142766646]},{""id"":""R_13"",""cls"":""car"",""conf"":0.394287109375,""box"":[0.4978389677453666,0.6158003743349126,0.25911688233211966,0.2611112518757705]},{""id"":""R_14"",""cls"":""potted plant"",""conf"":0.59619140625,""box"":[0.11733500714823548,0.5367251654182613,0.026370121775546672,0.02469251037079161]},{""id"":""R_15"",""cls"":""potted plant"",""conf"":0.86083984375,""box"":[0.07185503255721289,0.6809627466578999,0.07522665085532387,0.11996156330570133]}]},""right"":{""boxes"":[{""id"":""RT_8"",""cls"":""potted plant"",""conf"":0.85791015625,""box"":[0.5440509718318826,0.7155546121119198,0.14717829385923223,0.15084072578065708]}]}}","[{""id"":""R_13"",""cls"":""truck"",""x"":-8.10954761505127,""y"":0.03676527366042137,""distance"":8.314585781097412},{""id"":""R_6"",""cls"":""vehicle"",""x"":-16.47508430480957,""y"":-5.674350738525391,""distance"":17.526215744018554},{""id"":""R_5"",""cls"":""truck"",""x"":-33.02082061767578,""y"":-17.24928092956543,""distance"":37.373985290527344},{""id"":""R_13"",""cls"":""vehicle"",""x"":-8.10954761505127,""y"":0.03676527366042137,""distance"":8.314585781097412}]","[{""id"":""R_13"",""cls"":""truck"",""label"":""Truck"",""dist_m"":8.315,""speed_mps"":2.25,""motion"":""approaching""},{""id"":""R_13"",""cls"":""vehicle"",""label"":""Car"",""dist_m"":8.315,""speed_mps"":null,""motion"":""unknown""},{""id"":""R_6"",""cls"":""vehicle"",""label"":""Car"",""dist_m"":17.526,""speed_mps"":2.731,""motion"":""approaching""},{""id"":""R_5"",""cls"":""truck"",""label"":""Truck"",""dist_m"":37.374,""speed_mps"":2.598,""motion"":""approaching""}]",frame_000016
"{""cam"":true,""radar"":true,""gnss"":true,""imu"":true,""lidar"":true}",832065137,3,329.4,28,10.8,"{""vehicle"":4,""person"":0,""cyclist"":0}",FALSE,"{""heading_deg"":270.30539210141495,""speed_mps"":2.372664829663618,""accelerating"":true,""braking"":false,""turning_left"":false,""turning_right"":false,""world_x"":-6.495489597320557,""world_y"":0.03440132737159729}","{""front"":{""boxes"":[{""id"":""F_2"",""cls"":""potted plant"",""conf"":0.642578125,""box"":[0.763632794184845,0.5601320798072249,0.03571246478208545,0.038848167354935965]},{""id"":""F_3"",""cls"":""potted plant"",""conf"":0.79443359375,""box"":[0.667897754793554,0.5723828478255815,0.04298871080104316,0.04364451726093937]},{""id"":""F_4"",""cls"":""potted plant"",""conf"":0.6826171875,""box"":[0.8916197725746663,0.5615560579578002,0.03886079548569743,0.03670306437534308]},{""id"":""F_10"",""cls"":""potted plant"",""conf"":0.83203125,""box"":[0.7669658865307903,0.6150235346619584,0.06933350439780658,0.06779719669636688]}]},""left"":{""boxes"":[]},""rear"":{""boxes"":[{""id"":""R_5"",""cls"":""car"",""conf"":0.638671875,""box"":[0.7752256559079465,0.5288193460791607,0.06201048646972538,0.04335528445093395]},{""id"":""R_6"",""cls"":""car"",""conf"":0.59814453125,""box"":[0.6674972618828343,0.5721576283216228,0.08324757502279265,0.06092800646369447]},{""id"":""R_7"",""cls"":""potted plant"",""conf"":0.658203125,""box"":[0.23288016445590412,0.5859672460337315,0.053304167950263756,0.053971312123023314]},{""id"":""R_13"",""cls"":""truck"",""conf"":0.7294921875,""box"":[0.49725721190058225,0.6041918290779348,0.22749188867666192,0.2354506156300306]},{""id"":""R_14"",""cls"":""potted plant"",""conf"":0.5947265625,""box"":[0.12624694866101635,0.535430175130697,0.025940410173468088,0.02437483720501916]},{""id"":""R_15"",""cls"":""potted plant"",""conf"":0.82080078125,""box"":[0.11263988056531446,0.6622389879328013,0.07025734228953608,0.10967056552197008]}]},""right"":{""boxes"":[{""id"":""RT_8"",""cls"":""potted plant"",""conf"":0.88330078125,""box"":[0.6125590882931465,0.7157770119449341,0.14612127106168266,0.1512042159311753]},{""id"":""RT_16"",""cls"":""potted plant"",""conf"":0.9130859375,""box"":[0.07749755859375,0.7161979166666667,0.10461412056516717,0.14802083333333335]}]}}","[{""id"":""R_13"",""cls"":""truck"",""x"":-8.858044624328613,""y"":0.12092114239931107,""distance"":9.057333755493165},{""id"":""R_5"",""cls"":""vehicle"",""x"":-34.392826080322266,""y"":-17.186891555786133,""distance"":38.546112060546875},{""id"":""R_6"",""cls"":""vehicle"",""x"":-18.122432708740234,""y"":-5.0534987449646,""distance"":18.981411743164063},{""id"":""R_6"",""cls"":""truck"",""x"":-18.122432708740234,""y"":-5.0534987449646,""distance"":18.981411743164063}]","[{""id"":""R_13"",""cls"":""truck"",""label"":""Truck"",""dist_m"":9.057,""speed_mps"":2.245,""motion"":""approaching""},{""id"":""R_6"",""cls"":""vehicle"",""label"":""Car"",""dist_m"":18.981,""speed_mps"":4.941,""motion"":""approaching""},{""id"":""R_6"",""cls"":""truck"",""label"":""Truck"",""dist_m"":18.981,""speed_mps"":null,""motion"":""unknown""},{""id"":""R_5"",""cls"":""vehicle"",""label"":""Car"",""dist_m"":38.546,""speed_mps"":4.115,""motion"":""approaching""}]",frame_000017
"{""cam"":true,""radar"":true,""gnss"":true,""imu"":true,""lidar"":true}",165364965,3,315.5,37,10.6,"{""vehicle"":5,""person"":0,""cyclist"":0}",FALSE,"{""heading_deg"":270.30522817687483,""speed_mps"":2.407026555104184,""accelerating"":false,""braking"":false,""turning_left"":false,""turning_right"":false,""world_x"":-7.2977399826049805,""world_y"":0.03864755481481552}","{""front"":{""boxes"":[{""id"":""F_2"",""cls"":""potted plant"",""conf"":0.7431640625,""box"":[0.7740212806597817,0.561694429916601,0.03546033849620187,0.03830935135339194]},{""id"":""F_3"",""cls"":""potted plant"",""conf"":0.72509765625,""box"":[0.6767034296852772,0.5757510201607136,0.04505604169279272,0.045668716526952716]},{""id"":""F_4"",""cls"":""potted plant"",""conf"":0.71044921875,""box"":[0.9069135474584588,0.5633611296123822,0.04054462168001134,0.03773313327727384]},{""id"":""F_10"",""cls"":""potted plant"",""conf"":0.8232421875,""box"":[0.7884428573987128,0.6236330001187327,0.07855279997320883,0.07653653001961219]},{""id"":""F_18"",""cls"":""car"",""conf"":0.55810546875,""box"":[0.47046875000000005,0.5182291666666666,0.01798422029702973,0.019791666666666666]}]},""left"":{""boxes"":[]},""rear"":{""boxes"":[{""id"":""R_5"",""cls"":""car"",""conf"":0.4072265625,""box"":[0.7714217545549028,0.5283366218226374,0.059532399103055675,0.04208515799460753]},{""id"":""R_6"",""cls"":""car"",""conf"":0.845703125,""box"":[0.6585536952535179,0.5663252529268262,0.07664215075924999,0.057338028361912305]},{""id"":""R_7"",""cls"":""potted plant"",""conf"":0.66015625,""box"":[0.248734035484547,0.579897509716388,0.05029733951486217,0.0508397129509009]},{""id"":""R_13"",""cls"":""truck"",""conf"":0.5849609375,""box"":[0.4965599753705998,0.593187358857177,0.20101486016459585,0.2135880959131086]},{""id"":""R_14"",""cls"":""potted plant"",""conf"":0.439697265625,""box"":[0.1353567498495999,0.5341071050955696,0.02536502093420112,0.023926385198599517]},{""id"":""R_15"",""cls"":""potted plant"",""conf"":0.8115234375,""box"":[0.1524610517980753,0.6461325281398912,0.06280322602371524,0.09553392679376908]}]},""right"":{""boxes"":[{""id"":""RT_8"",""cls"":""potted plant"",""conf"":0.873046875,""box"":[0.6857215800114681,0.7158599364702433,0.14675508985224522,0.1527350432090966]},{""id"":""RT_16"",""cls"":""potted plant"",""conf"":0.9130859375,""box"":[0.13859095053257514,0.7167552847738765,0.1057794273667021,0.1483393293945961]}]}}","[{""id"":""R_6"",""cls"":""vehicle"",""x"":-19.188011169433594,""y"":-5.57125997543335,""distance"":20.1056116104126},{""id"":""R_13"",""cls"":""truck"",""x"":-9.623884201049805,""y"":0.07776767015457153,""distance"":9.796115684509278},{""id"":""R_5"",""cls"":""vehicle"",""x"":-35.02705001831055,""y"":-17.81944465637207,""distance"":39.4748291015625},{""id"":""R_5"",""cls"":""vehicle"",""x"":-35.02705001831055,""y"":-17.81944465637207,""distance"":39.44182662963867},{""id"":""R_13"",""cls"":""vehicle"",""x"":-9.623884201049805,""y"":0.07776767015457153,""distance"":9.796115684509278}]","[{""id"":""R_13"",""cls"":""truck"",""label"":""Truck"",""dist_m"":9.796,""speed_mps"":2.298,""motion"":""approaching""},{""id"":""R_13"",""cls"":""vehicle"",""label"":""Car"",""dist_m"":9.796,""speed_mps"":null,""motion"":""unknown""},{""id"":""R_6"",""cls"":""vehicle"",""label"":""Car"",""dist_m"":20.106,""speed_mps"":3.197,""motion"":""approaching""},{""id"":""R_5"",""cls"":""vehicle"",""label"":""Car"",""dist_m"":39.442,""speed_mps"":null,""motion"":""unknown""},{""id"":""R_5"",""cls"":""vehicle"",""label"":""Car"",""dist_m"":39.475,""speed_mps"":1.903,""motion"":""approaching""}]",frame_000018
"{""cam"":true,""radar"":true,""gnss"":true,""imu"":true,""lidar"":true}",498704206,3,252.6,37,11.7,"{""vehicle"":3,""person"":0,""cyclist"":0}",FALSE,"{""heading_deg"":270.30525549763155,""speed_mps"":2.3352728938593517,""accelerating"":false,""braking"":false,""turning_left"":false,""turning_right"":false,""world_x"":-8.076167106628418,""world_y"":0.04276684671640396}","{""front"":{""boxes"":[{""id"":""F_2"",""cls"":""potted plant"",""conf"":0.84912109375,""box"":[0.7857497283720362,0.5637912547456667,0.03687511469480524,0.03972467255715735]},{""id"":""F_4"",""cls"":""potted plant"",""conf"":0.7490234375,""box"":[0.9237094447477047,0.5657065006128524,0.0437720018411067,0.040128471231023255]},{""id"":""F_10"",""cls"":""potted plant"",""conf"":0.8740234375,""box"":[0.8140673090690462,0.6334227525251553,0.08842638570725221,0.08576037238367616]},{""id"":""F_18"",""cls"":""car"",""conf"":0.552734375,""box"":[0.46989669143982804,0.5182291666666666,0.018022029129879068,0.019791666666666666]}]},""left"":{""boxes"":[]},""rear"":{""boxes"":[{""id"":""R_5"",""cls"":""car"",""conf"":0.79833984375,""box"":[0.7682768200431639,0.5289067538865831,0.05313674433746236,0.0374111324903834]},{""id"":""R_7"",""cls"":""potted plant"",""conf"":0.46875,""box"":[0.2632560897301004,0.5757273847646541,0.047536448691783084,0.04810897423262759]},{""id"":""R_13"",""cls"":""truck"",""conf"":0.611328125,""box"":[0.4965456125285105,0.5839459258769794,0.17721851670826547,0.19295148063293233]},{""id"":""R_14"",""cls"":""potted plant"",""conf"":0.638671875,""box"":[0.1443704037739148,0.533666117109409,0.024408636873936775,0.02307448109503287]},{""id"":""R_15"",""cls"":""potted plant"",""conf"":0.70751953125,""box"":[0.1868893848818638,0.6303905018658668,0.05847614411073263,0.08669118942878243]},{""id"":""R_19"",""cls"":""potted plant"",""conf"":0.708984375,""box"":[0.22994140625000004,0.5534895833333333,0.03971266579083159,0.04010416666666667]},{""id"":""R_20"",""cls"":""potted plant"",""conf"":0.66015625,""box"":[0.17630859375000002,0.5386979166666667,0.025177392569003375,0.02635416666666662]}]},""right"":{""boxes"":[{""id"":""RT_8"",""cls"":""potted plant"",""conf"":0.83203125,""box"":[0.7624736806546746,0.7158898516244816,0.14717486995347376,0.15331750040445408]},{""id"":""RT_16"",""cls"":""potted plant"",""conf"":0.8818359375,""box"":[0.21757993008831322,0.7159378857945036,0.10668727078854678,0.14804504273431968]}]}}","[{""id"":""R_5"",""cls"":""vehicle"",""x"":-36.84817886352539,""y"":-17.756803512573242,""distance"":40.98590850830078},{""id"":""R_13"",""cls"":""truck"",""x"":-10.334195137023926,""y"":0.10460777580738068,""distance"":10.51604995727539},{""id"":""R_13"",""cls"":""vehicle"",""x"":-10.334195137023926,""y"":0.10460777580738068,""distance"":10.51604995727539}]","[{""id"":""R_13"",""cls"":""truck"",""label"":""Truck"",""dist_m"":10.516,""speed_mps"":2.131,""motion"":""approaching""},{""id"":""R_13"",""cls"":""vehicle"",""label"":""Car"",""dist_m"":10.516,""speed_mps"":null,""motion"":""unknown""},{""id"":""R_5"",""cls"":""vehicle"",""label"":""Car"",""dist_m"":40.986,""speed_mps"":5.463,""motion"":""approaching""}]",frame_000019
"{""cam"":true,""radar"":true,""gnss"":true,""imu"":true,""lidar"":true}",832127023,3.1,253.1,37,13,"{""vehicle"":3,""person"":0,""cyclist"":0}",FALSE,"{""heading_deg"":270.3053374599016,""speed_mps"":2.2204351591052265,""accelerating"":false,""braking"":true,""turning_left"":false,""turning_right"":false,""world_x"":-8.816500663757324,""world_y"":0.046683892607688904}","{""front"":{""boxes"":[{""id"":""F_2"",""cls"":""potted plant"",""conf"":0.865234375,""box"":[0.7983603748702238,0.5663991802919469,0.03899652318104394,0.04191479846874901]},{""id"":""F_4"",""cls"":""potted plant"",""conf"":0.83203125,""box"":[0.9431741139753506,0.5685721157610524,0.04592070411498685,0.04170173601592874]},{""id"":""F_10"",""cls"":""potted plant"",""conf"":0.85693359375,""box"":[0.8448291901395054,0.6461179232821183,0.09913308128544011,0.09555450633755917]},{""id"":""F_18"",""cls"":""car"",""conf"":0.515625,""box"":[0.4689455046354721,0.5180265484902836,0.018420531939004548,0.020196903019432888]},{""id"":""F_3"",""cls"":""potted plant"",""conf"":0.638671875,""box"":[0.6972936133657818,0.5835150442331385,0.05135597960189662,0.052351102660526054]}]},""left"":{""boxes"":[]},""rear"":{""boxes"":[{""id"":""R_5"",""cls"":""car"",""conf"":0.79052734375,""box"":[0.7655838556301744,0.5282829651664878,0.05212670140256268,0.03681219597804309]},{""id"":""R_7"",""cls"":""potted plant"",""conf"":0.78515625,""box"":[0.2753109710788439,0.5727443325286692,0.044646587537546224,0.04513433852605881]},{""id"":""R_13"",""cls"":""car"",""conf"":0.525390625,""box"":[0.49615569467084847,0.5783812852178671,0.16047039166360033,0.1789310082648664]},{""id"":""R_14"",""cls"":""potted plant"",""conf"":0.501953125,""box"":[0.15327876992483563,0.5333699974434337,0.023532057855902577,0.022433450877332697]},{""id"":""R_15"",""cls"":""potted plant"",""conf"":0.78125,""box"":[0.21424407269727036,0.619973902711897,0.05385072100278585,0.07771819069925101]},{""id"":""R_19"",""cls"":""potted plant"",""conf"":0.70263671875,""box"":[0.23973542367845457,0.5536079400394175,0.03620227865144714,0.03655346548414542]}]},""right"":{""boxes"":[{""id"":""RT_8"",""cls"":""potted plant"",""conf"":0.8681640625,""box"":[0.8375983407862815,0.7160716822690546,0.1482968631580454,0.15388395661867235]},{""id"":""RT_16"",""cls"":""potted plant"",""conf"":0.85302734375,""box"":[0.29440454677084416,0.7160536969939346,0.10719596825044664,0.1471629760608503]}]}}","[{""id"":""R_5"",""cls"":""vehicle"",""x"":-37.33806228637695,""y"":-18.6586971282959,""distance"":41.87803421020508},{""id"":""R_13"",""cls"":""vehicle"",""x"":-10.953544616699219,""y"":0.2032254934310913,""distance"":11.161125659942627},{""id"":""R_13"",""cls"":""truck"",""x"":-10.953544616699219,""y"":0.2032254934310913,""distance"":11.161125659942627}]","[{""id"":""R_13"",""cls"":""vehicle"",""label"":""Car"",""dist_m"":11.161,""speed_mps"":1.858,""motion"":""approaching""},{""id"":""R_13"",""cls"":""truck"",""label"":""Truck"",""dist_m"":11.161,""speed_mps"":null,""motion"":""unknown""},{""id"":""R_5"",""cls"":""vehicle"",""label"":""Car"",""dist_m"":41.878,""speed_mps"":1.469,""motion"":""approaching""}]",frame_000020
"{""cam"":true,""radar"":true,""gnss"":true,""imu"":true,""lidar"":true}",165388371,3.2,237,17,11.4,"{""vehicle"":3,""person"":0,""cyclist"":0}",FALSE,"{""heading_deg"":270.30536478065824,""speed_mps"":2.0898090497990056,""accelerating"":false,""braking"":true,""turning_left"":false,""turning_right"":false,""world_x"":-9.512943267822266,""world_y"":0.05036980286240578}","{""front"":{""boxes"":[{""id"":""F_2"",""cls"":""potted plant"",""conf"":0.83642578125,""box"":[0.8111931328762392,0.5688729434709231,0.04127693953475529,0.04440099200639291]},{""id"":""F_4"",""cls"":""potted plant"",""conf"":0.740234375,""box"":[0.962581844010885,0.5714964122071053,0.04896674733991695,0.043961481304344116]},{""id"":""F_10"",""cls"":""potted plant"",""conf"":0.9111328125,""box"":[0.8811315415501124,0.6609537047052478,0.11098156659376154,0.106207539114299]},{""id"":""F_18"",""cls"":""car"",""conf"":0.69775390625,""box"":[0.46808268426562905,0.518349648587757,0.01857364800709238,0.020323728841220814]},{""id"":""F_3"",""cls"":""potted plant"",""conf"":0.80322265625,""box"":[0.7084105500124069,0.5883008685309741,0.053355108038399025,0.05401443465975409]}]},""left"":{""boxes"":[]},""rear"":{""boxes"":[{""id"":""R_5"",""cls"":""car"",""conf"":0.80078125,""box"":[0.7636521576082848,0.5279135895517021,0.0511438740858428,0.036274498950129325]},{""id"":""R_7"",""cls"":""potted plant"",""conf"":0.7578125,""box"":[0.28548797355048305,0.5692198037652049,0.04157460897790992,0.04170043479845471]},{""id"":""R_13"",""cls"":""car"",""conf"":0.6806640625,""box"":[0.4960729534474101,0.5728969369541723,0.14594054114022495,0.16640839804674482]},{""id"":""R_14"",""cls"":""potted plant"",""conf"":0.552734375,""box"":[0.16129749622030584,0.5325824207874935,0.023124654366670903,0.0222294423862173]},{""id"":""R_15"",""cls"":""potted plant"",""conf"":0.84912109375,""box"":[0.23656045685916705,0.6089277835120567,0.052849350296983476,0.07469596256014993]},{""id"":""R_19"",""cls"":""potted plant"",""conf"":0.74755859375,""box"":[0.2506159485179502,0.5532275869232812,0.034097118386330075,0.03448635260261277]}]},""right"":{""boxes"":[{""id"":""RT_8"",""cls"":""potted plant"",""conf"":0.8623046875,""box"":[0.9085822600430216,0.7151075170967849,0.1485840691361206,0.15272186870825522]},{""id"":""RT_16"",""cls"":""potted plant"",""conf"":0.767578125,""box"":[0.36723643517386223,0.7109994434328722,0.10324191321104981,0.13969818353145697]}]}}","[{""id"":""R_5"",""cls"":""vehicle"",""x"":-39.39924621582031,""y"":-18.638545989990234,""distance"":43.62388153076172},{""id"":""R_13"",""cls"":""vehicle"",""x"":-11.562249183654785,""y"":0.15584051609039307,""distance"":11.761514854431152},{""id"":""R_13"",""cls"":""truck"",""x"":-11.562249183654785,""y"":0.15584051609039307,""distance"":11.761514854431152}]","[{""id"":""R_13"",""cls"":""vehicle"",""label"":""Car"",""dist_m"":11.762,""speed_mps"":1.827,""motion"":""approaching""},{""id"":""R_13"",""cls"":""truck"",""label"":""Truck"",""dist_m"":11.762,""speed_mps"":null,""motion"":""unknown""},{""id"":""R_5"",""cls"":""vehicle"",""label"":""Car"",""dist_m"":43.624,""speed_mps"":6.185,""motion"":""approaching""}]",frame_000021
"{""cam"":true,""radar"":true,""gnss"":true,""imu"":true,""lidar"":true}",498690391,3.1,248.8,17,8.4,"{""vehicle"":4,""person"":0,""cyclist"":0}",FALSE,"{""heading_deg"":270.3054467429283,""speed_mps"":1.9524927215891614,""accelerating"":false,""braking"":true,""turning_left"":false,""turning_right"":false,""world_x"":-10.163703918457031,""world_y"":0.053813911974430084}","{""front"":{""boxes"":[{""id"":""F_2"",""cls"":""potted plant"",""conf"":0.78271484375,""box"":[0.8253528010661915,0.571952940464914,0.043767306382341074,0.047004595854934904]},{""id"":""F_4"",""cls"":""potted plant"",""conf"":0.7607421875,""box"":[0.9773843992355118,0.5735994828532519,0.049633182099747056,0.045487831260983214]},{""id"":""F_10"",""cls"":""potted plant"",""conf"":0.89990234375,""box"":[0.9182463964795231,0.6780747933881287,0.1252836461531089,0.12004297830846547]},{""id"":""F_18"",""cls"":""car"",""conf"":0.607421875,""box"":[0.4674013384942775,0.5188365183735253,0.018630727506913303,0.020357638234426528]},{""id"":""F_3"",""cls"":""potted plant"",""conf"":0.8115234375,""box"":[0.7200841981019146,0.5917719414794195,0.06090344995175947,0.06195593911813937]}]},""left"":{""boxes"":[]},""rear"":{""boxes"":[{""id"":""R_5"",""cls"":""car"",""conf"":0.72021484375,""box"":[0.7623755576044882,0.5281720143593202,0.04887893978859879,0.03469595850862781]},{""id"":""R_7"",""cls"":""potted plant"",""conf"":0.80419921875,""box"":[0.2949047467254832,0.5671958169662101,0.04050702664390893,0.040748699100730805]},{""id"":""R_13"",""cls"":""car"",""conf"":0.6875,""box"":[0.49593686471746645,0.568766126609448,0.13482015897721739,0.1570029539899481]},{""id"":""R_14"",""cls"":""potted plant"",""conf"":0.62255859375,""box"":[0.16853460003029574,0.5323289125375896,0.022201219542956084,0.02146805250344001]},{""id"":""R_15"",""cls"":""potted plant"",""conf"":0.822265625,""box"":[0.2557630579655349,0.6001254765475288,0.05187242471190765,0.07211532716211527]},{""id"":""R_19"",""cls"":""potted plant"",""conf"":0.62451171875,""box"":[0.2586838872376903,0.5508811170471312,0.03160685682302189,0.031973811655804714]}]},""right"":{""boxes"":[{""id"":""RT_8"",""cls"":""potted plant"",""conf"":0.75927734375,""box"":[0.9529830577072612,0.7156031584264809,0.1400985139185888,0.1477920909898772]},{""id"":""RT_16"",""cls"":""potted plant"",""conf"":0.8310546875,""box"":[0.4366345878805463,0.7132364246236714,0.1086821414582924,0.14583847049357093]}]}}","[{""id"":""F_18"",""cls"":""vehicle"",""x"":48.99193572998047,""y"":-3.2607882022857666,""distance"":49.14381446838379},{""id"":""R_5"",""cls"":""vehicle"",""x"":-39.62489318847656,""y"":-19.270565032958984,""distance"":44.27128791809082},{""id"":""R_13"",""cls"":""vehicle"",""x"":-12.022503852844238,""y"":0.33040082454681396,""distance"":12.174597358703613},{""id"":""R_13"",""cls"":""truck"",""x"":-12.022503852844238,""y"":0.33040082454681396,""distance"":12.174597358703613}]","[{""id"":""R_13"",""cls"":""vehicle"",""label"":""Car"",""dist_m"":12.175,""speed_mps"":1.381,""motion"":""approaching""},{""id"":""R_13"",""cls"":""truck"",""label"":""Truck"",""dist_m"":12.175,""speed_mps"":null,""motion"":""unknown""},{""id"":""R_5"",""cls"":""vehicle"",""label"":""Car"",""dist_m"":44.271,""speed_mps"":0.677,""motion"":""approaching""},{""id"":""F_18"",""cls"":""vehicle"",""label"":""Car"",""dist_m"":49.144,""speed_mps"":6.673,""motion"":""approaching""}]",frame_000022
"{""cam"":true,""radar"":true,""gnss"":true,""imu"":true,""lidar"":true}",832047212,3.1,252.4,17,10.5,"{""vehicle"":4,""person"":0,""cyclist"":0}",FALSE,"{""heading_deg"":270.30547406368504,""speed_mps"":1.7752444213989416,""accelerating"":false,""braking"":true,""turning_left"":false,""turning_right"":false,""world_x"":-10.755485534667969,""world_y"":0.05694659799337387}","{""front"":{""boxes"":[{""id"":""F_2"",""cls"":""potted plant"",""conf"":0.7880859375,""box"":[0.8389244073543001,0.5741248093136979,0.04655022979425372,0.04998060167678512]},{""id"":""F_4"",""cls"":""potted plant"",""conf"":0.640625,""box"":[0.9879059615793743,0.5767046628943692,0.044522201578275224,0.04275446668138774]},{""id"":""F_10"",""cls"":""potted plant"",""conf"":0.75341796875,""box"":[0.9451530492029635,0.6987198498137371,0.13001165779222107,0.12852630580810415]},{""id"":""F_18"",""cls"":""car"",""conf"":0.61328125,""box"":[0.4666475400605935,0.5190031214512243,0.018704589316564758,0.020362129136739782]},{""id"":""F_3"",""cls"":""potted plant"",""conf"":0.8447265625,""box"":[0.7319784830818022,0.5966199345145751,0.06463888261178771,0.06560766679023129]}]},""left"":{""boxes"":[]},""rear"":{""boxes"":[{""id"":""R_5"",""cls"":""car"",""conf"":0.7646484375,""box"":[0.7616136969942247,0.5281273237288499,0.04675244239104472,0.03309093907948988]},{""id"":""R_7"",""cls"":""potted plant"",""conf"":0.65673828125,""box"":[0.302291551776118,0.5642841645930768,0.03921489496143558,0.03943288277571225]},{""id"":""R_13"",""cls"":""car"",""conf"":0.60595703125,""box"":[0.4959200981026779,0.5663302112630071,0.1259365557623336,0.1495712687432808]},{""id"":""R_14"",""cls"":""potted plant"",""conf"":0.552734375,""box"":[0.1743067989731474,0.5319160052933174,0.021140628750349232,0.020502070346147802]},{""id"":""R_15"",""cls"":""potted plant"",""conf"":0.70263671875,""box"":[0.2701643455739031,0.5937101506640343,0.049589384416410455,0.06779137943397764]},{""id"":""R_19"",""cls"":""potted plant"",""conf"":0.67236328125,""box"":[0.2664688498557507,0.5488061174977812,0.03130258127753014,0.03174866683062808]},{""id"":""R_24"",""cls"":""potted plant"",""conf"":0.521484375,""box"":[0.23195312499999998,0.5433333333333333,0.02617574257425743,0.025]},{""id"":""R_25"",""cls"":""potted plant"",""conf"":0.85986328125,""box"":[0.05027587890625,0.709375,0.07831650514455228,0.13270833333333332]}]},""right"":{""boxes"":[{""id"":""RT_16"",""cls"":""potted plant"",""conf"":0.845703125,""box"":[0.4995604915109485,0.714350909591492,0.11118549163076183,0.1478922655757497]}]}}","[{""id"":""F_18"",""cls"":""vehicle"",""x"":48.046531677246094,""y"":-2.851344347000122,""distance"":48.17832298278809},{""id"":""R_5"",""cls"":""vehicle"",""x"":-40.25373077392578,""y"":-19.935266494750977,""distance"":44.954124450683594},{""id"":""R_13"",""cls"":""vehicle"",""x"":-12.408404350280762,""y"":0.11149326711893082,""distance"":12.53431339263916},{""id"":""R_13"",""cls"":""truck"",""x"":-12.408404350280762,""y"":0.11149326711893082,""distance"":12.53431339263916}]","[{""id"":""R_13"",""cls"":""vehicle"",""label"":""Car"",""dist_m"":12.534,""speed_mps"":1.158,""motion"":""approaching""},{""id"":""R_13"",""cls"":""truck"",""label"":""Truck"",""dist_m"":12.534,""speed_mps"":null,""motion"":""unknown""},{""id"":""R_5"",""cls"":""vehicle"",""label"":""Car"",""dist_m"":44.954,""speed_mps"":1.886,""motion"":""approaching""},{""id"":""F_18"",""cls"":""vehicle"",""label"":""Car"",""dist_m"":48.178,""speed_mps"":6.199,""motion"":""approaching""}]",frame_000023
"{""cam"":true,""radar"":true,""gnss"":true,""imu"":true,""lidar"":true}",165362396,3.1,345.2,14,9.8,"{""vehicle"":4,""person"":0,""cyclist"":0}",FALSE,"{""heading_deg"":270.305556025955,""speed_mps"":1.1143307523112962,""accelerating"":false,""braking"":true,""turning_left"":false,""turning_right"":false,""world_x"":-11.126903533935547,""world_y"":0.058911990374326706}","{""front"":{""boxes"":[{""id"":""F_2"",""cls"":""potted plant"",""conf"":0.394287109375,""box"":[0.8522332207392423,0.5754407507169196,0.050192705092829824,0.054077297074583086]},{""id"":""F_18"",""cls"":""car"",""conf"":0.6806640625,""box"":[0.4658697929213497,0.5192352955892152,0.018473618166521176,0.019998491019706677]},{""id"":""F_3"",""cls"":""potted plant"",""conf"":0.27978515625,""box"":[0.7448693569162493,0.6030967779931612,0.0664208221948254,0.06708834811356562]}]},""left"":{""boxes"":[]},""rear"":{""boxes"":[{""id"":""R_5"",""cls"":""car"",""conf"":0.75048828125,""box"":[0.7615692844912758,0.5275989791680721,0.04573233908852137,0.03220869625982961]},{""id"":""R_7"",""cls"":""potted plant"",""conf"":0.58154296875,""box"":[0.30888775332240337,0.5623876750446528,0.03874061208686106,0.03912097616354065]},{""id"":""R_13"",""cls"":""car"",""conf"":0.64404296875,""box"":[0.4960781659681183,0.5636158090952216,0.11741581499852431,0.1419008678942684]},{""id"":""R_14"",""cls"":""potted plant"",""conf"":0.486328125,""box"":[0.1808011025046997,0.5316207664712516,0.020830517848413898,0.020542879073409577]},{""id"":""R_15"",""cls"":""potted plant"",""conf"":0.56982421875,""box"":[0.281991719799838,0.589977700088742,0.046436185064822146,0.06213026978468837]},{""id"":""R_19"",""cls"":""potted plant"",""conf"":0.609375,""box"":[0.27264429910403337,0.548023989589478,0.02942636339907092,0.029833905434133296]},{""id"":""R_24"",""cls"":""potted plant"",""conf"":0.5869140625,""box"":[0.2376586564290831,0.5422494329035339,0.026581607612616763,0.025401444603629385]},{""id"":""R_25"",""cls"":""potted plant"",""conf"":0.88427734375,""box"":[0.06648298138286665,0.6939447046919045,0.07424326227908953,0.12337488641526578]}]},""right"":{""boxes"":[{""id"":""RT_16"",""cls"":""potted plant"",""conf"":0.88427734375,""box"":[0.5569128681711204,0.7146107731643594,0.11397411218489842,0.1504331593715206]},{""id"":""RT_27"",""cls"":""potted plant"",""conf"":0.865234375,""box"":[0.05344482421875,0.7145833333333333,0.07801035233505516,0.140625]},{""id"":""RT_28"",""cls"":""potted plant"",""conf"":0.71875,""box"":[0.02596923828125,0.5757291666666667,0.03811511399512711,0.049374999999999974]}]}}","[{""id"":""F_18"",""cls"":""vehicle"",""x"":47.18854904174805,""y"":-3.9932658672332764,""distance"":47.609153747558594},{""id"":""R_5"",""cls"":""vehicle"",""x"":-40.870033264160156,""y"":-20.60747528076172,""distance"":45.907691955566406},{""id"":""R_13"",""cls"":""vehicle"",""x"":-12.735108375549316,""y"":0.05626968666911125,""distance"":12.949498081207276},{""id"":""R_13"",""cls"":""truck"",""x"":-12.735108375549316,""y"":0.05626968666911125,""distance"":12.949498081207276}]","[{""id"":""R_13"",""cls"":""vehicle"",""label"":""Car"",""dist_m"":12.949,""speed_mps"":0.98,""motion"":""approaching""},{""id"":""R_13"",""cls"":""truck"",""label"":""Truck"",""dist_m"":12.949,""speed_mps"":null,""motion"":""unknown""},{""id"":""R_5"",""cls"":""vehicle"",""label"":""Car"",""dist_m"":45.908,""speed_mps"":1.849,""motion"":""approaching""},{""id"":""F_18"",""cls"":""vehicle"",""label"":""Car"",""dist_m"":47.609,""speed_mps"":5.075,""motion"":""approaching""}]",frame_000024
"{""cam"":true,""radar"":true,""gnss"":true,""imu"":true,""lidar"":true}",498687382,3,352.5,14,11.3,"{""vehicle"":4,""person"":0,""cyclist"":0}",FALSE,"{""heading_deg"":270.30539210141495,""speed_mps"":0.31789723267714115,""accelerating"":false,""braking"":true,""turning_left"":false,""turning_right"":false,""world_x"":-11.232864379882812,""world_y"":0.059473972767591476}","{""front"":{""boxes"":[{""id"":""F_2"",""cls"":""potted plant"",""conf"":0.7744140625,""box"":[0.8634545424695705,0.5775511272928612,0.05123459054993287,0.055038427008287275]},{""id"":""F_18"",""cls"":""car"",""conf"":0.662109375,""box"":[0.4650839538590765,0.5191326805069179,0.018204333979789666,0.019502961779927594]},{""id"":""F_3"",""cls"":""potted plant"",""conf"":0.81396484375,""box"":[0.7554222854972901,0.6076072951588262,0.06980367699715292,0.0702741589603607]}]},""left"":{""boxes"":[]},""rear"":{""boxes"":[{""id"":""R_5"",""cls"":""car"",""conf"":0.8173828125,""box"":[0.762832473756454,0.5279745674552628,0.044350640850792364,0.030864399087293215]},{""id"":""R_7"",""cls"":""potted plant"",""conf"":0.673828125,""box"":[0.31294431662302014,0.5620656961504492,0.03707382599247207,0.03729287871996642]},{""id"":""R_13"",""cls"":""car"",""conf"":0.59619140625,""box"":[0.49643124266188166,0.5634342795697787,0.11327599021070478,0.13940035166464881]},{""id"":""R_14"",""cls"":""potted plant"",""conf"":0.33984375,""box"":[0.18636521463108197,0.5324190162288842,0.019889556675737597,0.0202201016811595]},{""id"":""R_19"",""cls"":""potted plant"",""conf"":0.2861328125,""box"":[0.2772138381187602,0.5493696674936036,0.02949025815652755,0.03005962376320544]},{""id"":""R_24"",""cls"":""potted plant"",""conf"":0.56982421875,""box"":[0.24160786720471758,0.5422875061996625,0.026673647773982845,0.025536175460889567]},{""id"":""R_25"",""cls"":""potted plant"",""conf"":0.892578125,""box"":[0.09107751637167896,0.680187506543375,0.07236939834755451,0.11729525111370633]}]},""right"":{""boxes"":[{""id"":""RT_16"",""cls"":""potted plant"",""conf"":0.85009765625,""box"":[0.5987572890071258,0.7150659416680192,0.11523152943959998,0.1506652995445966]},{""id"":""RT_27"",""cls"":""potted plant"",""conf"":0.8984375,""box"":[0.06857142709299245,0.7153490252572084,0.08060973039591628,0.14292207577162538]},{""id"":""RT_28"",""cls"":""potted plant"",""conf"":0.7490234375,""box"":[0.03510467942813427,0.5749685054481916,0.037933718118721406,0.04865437358249724]},{""id"":""RT_33"",""cls"":""potted plant"",""conf"":0.71044921875,""box"":[0.23904296875000003,0.5469791666666667,0.0259765625,0.025]},{""id"":""RT_34"",""cls"":""potted plant"",""conf"":0.658203125,""box"":[0.28689453125000003,0.5399479166666666,0.019734297648514865,0.0203125]}]}}","[{""id"":""F_18"",""cls"":""vehicle"",""x"":46.682952880859375,""y"":-3.2755913734436035,""distance"":46.95734405517578},{""id"":""R_5"",""cls"":""vehicle"",""x"":-42.09951400756836,""y"":-20.287370681762695,""distance"":46.80377731323242},{""id"":""R_13"",""cls"":""vehicle"",""x"":-12.489425659179688,""y"":0.4171783924102783,""distance"":12.68674087524414},{""id"":""R_13"",""cls"":""truck"",""x"":-12.489425659179688,""y"":0.4171783924102783,""distance"":12.68674087524414}]","[{""id"":""R_13"",""cls"":""vehicle"",""label"":""Car"",""dist_m"":12.687,""speed_mps"":0.737,""motion"":""receding""},{""id"":""R_13"",""cls"":""truck"",""label"":""Truck"",""dist_m"":12.687,""speed_mps"":null,""motion"":""unknown""},{""id"":""R_5"",""cls"":""vehicle"",""label"":""Car"",""dist_m"":46.804,""speed_mps"":3.689,""motion"":""approaching""},{""id"":""F_18"",""cls"":""vehicle"",""label"":""Car"",""dist_m"":46.957,""speed_mps"":3.791,""motion"":""approaching""}]",frame_000025
"{""cam"":true,""radar"":true,""gnss"":true,""imu"":true,""lidar"":true}",832039161,3,322.7,34,10.5,"{""vehicle"":4,""person"":0,""cyclist"":0}",FALSE,"{""heading_deg"":270.30539210141495,""speed_mps"":0.001213600817032592,""accelerating"":false,""braking"":true,""turning_left"":false,""turning_right"":false,""world_x"":-11.233108520507812,""world_y"":0.05947563052177429}","{""front"":{""boxes"":[{""id"":""F_2"",""cls"":""potted plant"",""conf"":0.73876953125,""box"":[0.8691888521775901,0.5786786516596643,0.051155088731669275,0.05470493931142866]},{""id"":""F_18"",""cls"":""car"",""conf"":0.658203125,""box"":[0.4645646198675502,0.519087387362702,0.01762851032557462,0.018607574637102015]},{""id"":""F_3"",""cls"":""potted plant"",""conf"":0.8681640625,""box"":[0.7606431272573289,0.6093150683227092,0.07200152254400045,0.0721503194305838]}]},""left"":{""boxes"":[]},""rear"":{""boxes"":[{""id"":""R_5"",""cls"":""car"",""conf"":0.763671875,""box"":[0.7653861455593981,0.5288571036821462,0.04410022404562523,0.030437674038023013]},{""id"":""R_7"",""cls"":""potted plant"",""conf"":0.6806640625,""box"":[0.31450382733970894,0.5623389147998362,0.0368791776749088,0.0371426441421935]},{""id"":""R_13"",""cls"":""car"",""conf"":0.541015625,""box"":[0.49627584476622655,0.565047796577412,0.11269000597761618,0.14126709063383772]},{""id"":""R_19"",""cls"":""potted plant"",""conf"":0.6318359375,""box"":[0.27890998913764725,0.5498280715773064,0.02951035984991628,0.03017235940564191]},{""id"":""R_24"",""cls"":""potted plant"",""conf"":0.515625,""box"":[0.243060872114757,0.5429154105182119,0.02620708532883729,0.025178555011574844]},{""id"":""R_25"",""cls"":""potted plant"",""conf"":0.9033203125,""box"":[0.10273220535219044,0.6749092292755782,0.07255302502615035,0.11413543248045693]}]},""right"":{""boxes"":[{""id"":""RT_16"",""cls"":""potted plant"",""conf"":0.76220703125,""box"":[0.6176816724773431,0.7155927809808088,0.1164058425042657,0.15072848289882887]},{""id"":""RT_27"",""cls"":""potted plant"",""conf"":0.89990234375,""box"":[0.07788381499952186,0.7158332019350321,0.08391246917264064,0.1449638938410986]},{""id"":""RT_28"",""cls"":""potted plant"",""conf"":0.33642578125,""box"":[0.040764213724093536,0.5743051237009824,0.038260605767066025,0.04841226628439159]},{""id"":""RT_33"",""cls"":""potted plant"",""conf"":0.73876953125,""box"":[0.24131614881805158,0.546698155444126,0.025581536779752768,0.024598555396370615]},{""id"":""RT_34"",""cls"":""potted plant"",""conf"":0.6494140625,""box"":[0.28864081527578794,0.539666905444126,0.02012950486190772,0.020713944603629388]}]}}","[{""id"":""F_18"",""cls"":""vehicle"",""x"":47.46381378173828,""y"":-2.816746711730957,""distance"":47.604592895507814},{""id"":""R_5"",""cls"":""vehicle"",""x"":-42.233211517333984,""y"":-21.104909896850586,""distance"":47.26093368530273},{""id"":""R_13"",""cls"":""vehicle"",""x"":-12.223872184753418,""y"":0.035747017711400986,""distance"":12.45621747970581},{""id"":""R_13"",""cls"":""truck"",""x"":-12.223872184753418,""y"":0.035747017711400986,""distance"":12.45621747970581}]","[{""id"":""R_13"",""cls"":""vehicle"",""label"":""Car"",""dist_m"":12.456,""speed_mps"":0.797,""motion"":""receding""},{""id"":""R_13"",""cls"":""truck"",""label"":""Truck"",""dist_m"":12.456,""speed_mps"":null,""motion"":""unknown""},{""id"":""R_5"",""cls"":""vehicle"",""label"":""Car"",""dist_m"":47.261,""speed_mps"":0.401,""motion"":""approaching""},{""id"":""F_18"",""cls"":""vehicle"",""label"":""Car"",""dist_m"":47.605,""speed_mps"":3.008,""motion"":""approaching""}]",frame_000026
"{""cam"":true,""radar"":true,""gnss"":true,""imu"":true,""lidar"":true}",165337260,3.1,248.9,34,11.1,"{""vehicle"":4,""person"":0,""cyclist"":0}",FALSE,"{""heading_deg"":270.3092716488635,""speed_mps"":0.0928799170519917,""accelerating"":false,""braking"":false,""turning_left"":false,""turning_right"":false,""world_x"":-11.264060974121094,""world_y"":0.05964495986700058}","{""front"":{""boxes"":[{""id"":""F_2"",""cls"":""potted plant"",""conf"":0.6513671875,""box"":[0.8716305260462194,0.5797303505007918,0.0506526619634343,0.053842104066604196]},{""id"":""F_18"",""cls"":""car"",""conf"":0.662109375,""box"":[0.4642793257222638,0.518704103504022,0.01882037611483387,0.01972669284173172]},{""id"":""F_3"",""cls"":""potted plant"",""conf"":0.79833984375,""box"":[0.7624935955325587,0.6108896946555766,0.07189413069182819,0.07153067891876148]}]},""left"":{""boxes"":[]},""rear"":{""boxes"":[{""id"":""R_5"",""cls"":""car"",""conf"":0.72802734375,""box"":[0.7691278998430796,0.5286424151298356,0.04378528167092037,0.02996918819391136]},{""id"":""R_7"",""cls"":""potted plant"",""conf"":0.67041015625,""box"":[0.31453668239868077,0.5625220861239756,0.03756017319060025,0.037874915379514464]},{""id"":""R_13"",""cls"":""truck"",""conf"":0.5927734375,""box"":[0.4960936010510665,0.5657198952635439,0.11219754042462311,0.14293970349938098]},{""id"":""R_19"",""cls"":""potted plant"",""conf"":0.57958984375,""box"":[0.27929151256585855,0.5501923994002648,0.030453223966369736,0.03134661555871018]},{""id"":""R_24"",""cls"":""potted plant"",""conf"":0.435791015625,""box"":[0.2437147892962237,0.5431394531387268,0.025253026644873923,0.024293496026219923]},{""id"":""R_25"",""cls"":""potted plant"",""conf"":0.884765625,""box"":[0.10559267719653316,0.6733153061773599,0.07408438871333366,0.11260780487521416]},{""id"":""R_36"",""cls"":""potted plant"",""conf"":0.54296875,""box"":[0.28658203125,0.5930729166666667,0.05176125069950253,0.05489583333333338]}]},""right"":{""boxes"":[{""id"":""RT_16"",""cls"":""potted plant"",""conf"":0.85986328125,""box"":[0.6225882068406025,0.7150964572486035,0.11703078058256189,0.150036407982261]},{""id"":""RT_27"",""cls"":""potted plant"",""conf"":0.91064453125,""box"":[0.08051932460680748,0.7157831037493313,0.08719243094249426,0.1459622977470912]},{""id"":""RT_28"",""cls"":""potted plant"",""conf"":0.56787109375,""box"":[0.04229958266000914,0.574711806183501,0.038554318563493624,0.047965538963480485]},{""id"":""RT_33"",""cls"":""potted plant"",""conf"":0.7373046875,""box"":[0.242074088055306,0.5468087885135422,0.025883396622238663,0.024873362496774833]},{""id"":""RT_34"",""cls"":""potted plant"",""conf"":0.67919921875,""box"":[0.289152129993299,0.5399735929889438,0.020262453088626443,0.02084877568680916]}]}}","[{""id"":""F_18"",""cls"":""vehicle"",""x"":46.03899383544922,""y"":-3.7294719219207764,""distance"":46.233541870117186},{""id"":""R_5"",""cls"":""vehicle"",""x"":-41.84959411621094,""y"":-21.67029571533203,""distance"":47.168939208984376},{""id"":""R_13"",""cls"":""truck"",""x"":-11.910244941711426,""y"":0.015507200732827187,""distance"":12.09729356765747},{""id"":""R_13"",""cls"":""vehicle"",""x"":-11.910244941711426,""y"":0.015507200732827187,""distance"":12.09729356765747}]","[{""id"":""R_13"",""cls"":""truck"",""label"":""Truck"",""dist_m"":12.097,""speed_mps"":0.941,""motion"":""receding""},{""id"":""R_13"",""cls"":""vehicle"",""label"":""Car"",""dist_m"":12.097,""speed_mps"":null,""motion"":""unknown""},{""id"":""F_18"",""cls"":""vehicle"",""label"":""Car"",""dist_m"":46.234,""speed_mps"":2.626,""motion"":""approaching""},{""id"":""R_5"",""cls"":""vehicle"",""label"":""Car"",""dist_m"":47.169,""speed_mps"":1.151,""motion"":""receding""}]",frame_000027
"{""cam"":true,""radar"":true,""gnss"":true,""imu"":true,""lidar"":true}",498678210,3.2,247.5,34,8.7,"{""vehicle"":4,""person"":0,""cyclist"":0}",FALSE,"{""heading_deg"":270.30796025254284,""speed_mps"":0.2444675327740637,""accelerating"":true,""braking"":false,""turning_left"":false,""turning_right"":false,""world_x"":-11.345550537109375,""world_y"":0.05998384952545166}","{""front"":{""boxes"":[{""id"":""F_2"",""cls"":""potted plant"",""conf"":0.490234375,""box"":[0.8720112692970577,0.58109216296745,0.04994700151314806,0.05277804390089299]},{""id"":""F_18"",""cls"":""car"",""conf"":0.71875,""box"":[0.46405685416731457,0.519777319158818,0.01958310074816403,0.02046071217636095]},{""id"":""F_3"",""cls"":""potted plant"",""conf"":0.75048828125,""box"":[0.7636922461174976,0.6127378678444213,0.0713956832856459,0.07054977564601164]}]},""left"":{""boxes"":[]},""rear"":{""boxes"":[{""id"":""R_5"",""cls"":""car"",""conf"":0.83544921875,""box"":[0.7730263880682233,0.5275059220067881,0.044718364019466605,0.03055551422027669]},{""id"":""R_7"",""cls"":""potted plant"",""conf"":0.556640625,""box"":[0.31462383604083916,0.5621325089281337,0.037469480610797044,0.03783262915518873]},{""id"":""R_13"",""cls"":""truck"",""conf"":0.544921875,""box"":[0.49630464307307864,0.5671647310531366,0.11384781647657265,0.14744375482689828]},{""id"":""R_19"",""cls"":""potted plant"",""conf"":0.486328125,""box"":[0.2795320515865301,0.5506830549187297,0.030675635384061463,0.03178754768054617]},{""id"":""R_24"",""cls"":""potted plant"",""conf"":0.325927734375,""box"":[0.24371466580729084,0.543029085639043,0.023750895579946453,0.022870441509621444]},{""id"":""R_25"",""cls"":""potted plant"",""conf"":0.85888671875,""box"":[0.1072874294197412,0.6718289360655257,0.07636421446280804,0.11191970761030631]},{""id"":""R_36"",""cls"":""potted plant"",""conf"":0.59619140625,""box"":[0.2867635568489887,0.5923871532927094,0.05126507654819248,0.054331087025368534]}]},""right"":{""boxes"":[{""id"":""RT_16"",""cls"":""potted plant"",""conf"":0.8896484375,""box"":[0.6242790661013904,0.7147363689746524,0.11857556411103554,0.150802253676835]},{""id"":""RT_27"",""cls"":""potted plant"",""conf"":0.9033203125,""box"":[0.08203750931340911,0.716116493569956,0.09103791607626315,0.14697312706310892]},{""id"":""RT_28"",""cls"":""potted plant"",""conf"":0.61865234375,""box"":[0.043321575761463005,0.5758172025235898,0.03948882674140963,0.04821693937349589]},{""id"":""RT_33"",""cls"":""potted plant"",""conf"":0.72314453125,""box"":[0.2426875222583167,0.5470442710677864,0.02560172758564181,0.024577589306448763]},{""id"":""RT_34"",""cls"":""potted plant"",""conf"":0.67724609375,""box"":[0.28962637078733794,0.5404688058622973,0.020273116362115838,0.020879744124772455]}]}}","[{""id"":""F_18"",""cls"":""vehicle"",""x"":45.77492904663086,""y"":-3.377204418182373,""distance"":45.931000518798825},{""id"":""R_5"",""cls"":""vehicle"",""x"":-42.096614837646484,""y"":-22.183143615722656,""distance"":47.61857528686524},{""id"":""R_13"",""cls"":""truck"",""x"":-11.651992797851562,""y"":0.28924310207366943,""distance"":11.782588005065918},{""id"":""R_13"",""cls"":""vehicle"",""x"":-11.651992797851562,""y"":0.28924310207366943,""distance"":11.782588005065918}]","[{""id"":""R_13"",""cls"":""truck"",""label"":""Truck"",""dist_m"":11.783,""speed_mps"":0.775,""motion"":""receding""},{""id"":""R_13"",""cls"":""vehicle"",""label"":""Car"",""dist_m"":11.783,""speed_mps"":null,""motion"":""unknown""},{""id"":""F_18"",""cls"":""vehicle"",""label"":""Car"",""dist_m"":45.931,""speed_mps"":1.227,""motion"":""approaching""},{""id"":""R_5"",""cls"":""vehicle"",""label"":""Car"",""dist_m"":47.619,""speed_mps"":0.741,""motion"":""approaching""}]",frame_000028
"{""cam"":true,""radar"":true,""gnss"":true,""imu"":true,""lidar"":true}",832093752,3.2,234,34,10.3,"{""vehicle"":4,""person"":0,""cyclist"":0}",FALSE,"{""heading_deg"":270.32377897066067,""speed_mps"":0.40886191708510733,""accelerating"":true,""braking"":false,""turning_left"":false,""turning_right"":false,""world_x"":-11.4818696975708,""world_y"":0.060641031712293625}","{""front"":{""boxes"":[{""id"":""F_2"",""cls"":""potted plant"",""conf"":0.325927734375,""box"":[0.8736434896080763,0.582747846033668,0.049583701959692125,0.05198287541583765]},{""id"":""F_18"",""cls"":""car"",""conf"":0.5546875,""box"":[0.4639962054192649,0.5205288789590198,0.019912180578729365,0.020741072579870828]},{""id"":""F_3"",""cls"":""potted plant"",""conf"":0.72802734375,""box"":[0.7651838497523723,0.6147054532788405,0.0713983581656911,0.07012030821188399]}]},""left"":{""boxes"":[]},""rear"":{""boxes"":[{""id"":""R_5"",""cls"":""car"",""conf"":0.8408203125,""box"":[0.7759863625277778,0.5264078097182755,0.045057610214670606,0.030789338039956662]},{""id"":""R_7"",""cls"":""potted plant"",""conf"":0.48828125,""box"":[0.3156548205888749,0.5612037100381687,0.036990459138951604,0.03752935045799089]},{""id"":""R_13"",""cls"":""truck"",""conf"":0.611328125,""box"":[0.49651610649671324,0.5675888915424017,0.1152043330399235,0.15171768278858977]},{""id"":""R_19"",""cls"":""potted plant"",""conf"":0.53515625,""box"":[0.27986996586333346,0.5493012117632187,0.029114027305816536,0.030227677502330862]},{""id"":""R_24"",""cls"":""potted plant"",""conf"":0.28466796875,""box"":[0.24449760157092298,0.5416789589115699,0.025103479427560017,0.024268358890401544]},{""id"":""R_25"",""cls"":""potted plant"",""conf"":0.83447265625,""box"":[0.11101518937875936,0.6692124789975799,0.0784067412890224,0.11073798927037354]}]},""right"":{""boxes"":[{""id"":""RT_16"",""cls"":""potted plant"",""conf"":0.7490234375,""box"":[0.6283753963729997,0.7120109381372965,0.1167503648207581,0.14658224661999703]},{""id"":""RT_27"",""cls"":""potted plant"",""conf"":0.8818359375,""box"":[0.08607241052998205,0.7158594284375177,0.094603987120606,0.14654598559888635]},{""id"":""RT_28"",""cls"":""potted plant"",""conf"":0.68603515625,""box"":[0.04558368160392042,0.5765647430562943,0.04038006159058594,0.04831580992693496]},{""id"":""RT_33"",""cls"":""potted plant"",""conf"":0.7265625,""box"":[0.2439026356467781,0.5475032200931387,0.02548691144269446,0.02448052333038812]},{""id"":""RT_34"",""cls"":""potted plant"",""conf"":0.68408203125,""box"":[0.2906625305103253,0.5408183582821476,0.01990142303583182,0.02050588939252928]},{""id"":""RT_37"",""cls"":""potted plant"",""conf"":0.56591796875,""box"":[0.168359375,0.5594270833333332,0.03501378705182432,0.03197916666666671]}]}}","[{""id"":""F_18"",""cls"":""vehicle"",""x"":45.94874572753906,""y"":-2.7268478870391846,""distance"":46.172036743164064},{""id"":""R_5"",""cls"":""vehicle"",""x"":-15.933136940002441,""y"":-8.690892219543457,""distance"":18.15247344970703},{""id"":""R_13"",""cls"":""truck"",""x"":-11.457348823547363,""y"":0.15925225615501404,""distance"":11.650102233886718},{""id"":""R_13"",""cls"":""vehicle"",""x"":-11.457348823547363,""y"":0.15925225615501404,""distance"":11.650102233886718}]","[{""id"":""R_13"",""cls"":""truck"",""label"":""Truck"",""dist_m"":11.65,""speed_mps"":0.584,""motion"":""receding""},{""id"":""R_13"",""cls"":""vehicle"",""label"":""Car"",""dist_m"":11.65,""speed_mps"":null,""motion"":""unknown""},{""id"":""R_5"",""cls"":""vehicle"",""label"":""Car"",""dist_m"":18.152,""speed_mps"":78.471,""motion"":""receding""},{""id"":""F_18"",""cls"":""vehicle"",""label"":""Car"",""dist_m"":46.172,""speed_mps"":0.412,""motion"":""stationary""}]",frame_000029
"{""cam"":true,""radar"":true,""gnss"":true,""imu"":true,""lidar"":true}",165348067,3.1,248.6,14,8.1,"{""vehicle"":4,""person"":0,""cyclist"":0}",FALSE,"{""heading_deg"":270.32468055563106,""speed_mps"":0.5912599622970875,""accelerating"":true,""braking"":false,""turning_left"":false,""turning_right"":false,""world_x"":-11.678906440734863,""world_y"":0.06175575777888298}","{""front"":{""boxes"":[{""id"":""F_2"",""cls"":""potted plant"",""conf"":0.458984375,""box"":[0.8755388984149082,0.584176181660731,0.04988791017808776,0.05198539652245131]},{""id"":""F_18"",""cls"":""car"",""conf"":0.69580078125,""box"":[0.4639976003428058,0.5214972373561448,0.02006951817029261,0.020844562378705037]},{""id"":""F_3"",""cls"":""potted plant"",""conf"":0.556640625,""box"":[0.7679662468219116,0.6172332409626219,0.07191667888071133,0.07025689546101065]},{""id"":""F_38"",""cls"":""traffic light"",""conf"":0.5927734375,""box"":[0.7179296875000001,0.38656250000000003,0.010081962823686208,0.026875000000000013]}]},""left"":{""boxes"":[]},""rear"":{""boxes"":[{""id"":""R_5"",""cls"":""car"",""conf"":0.74755859375,""box"":[0.7771879792549337,0.5244449854285408,0.045116755220985016,0.031253052670692345]},{""id"":""R_7"",""cls"":""potted plant"",""conf"":0.57958984375,""box"":[0.31642185546938073,0.5602422909210354,0.03733952312873758,0.038179260237784264]},{""id"":""R_13"",""cls"":""truck"",""conf"":0.63330078125,""box"":[0.4963366687289238,0.5685223167377508,0.11680962800459964,0.15626449497784983]},{""id"":""R_19"",""cls"":""potted plant"",""conf"":0.5947265625,""box"":[0.2802066591054639,0.5478960350790251,0.02820232368685489,0.0293109341042116]},{""id"":""R_24"",""cls"":""potted plant"",""conf"":0.43017578125,""box"":[0.24527347215804993,0.540528992553302,0.024891282693218476,0.024025405459566683]},{""id"":""R_25"",""cls"":""potted plant"",""conf"":0.830078125,""box"":[0.11740867557312631,0.6654561249798536,0.08015908855848201,0.10937017137902932]},{""id"":""R_36"",""cls"":""potted plant"",""conf"":0.6318359375,""box"":[0.28927860108538395,0.5877080760766691,0.05413596855785703,0.05742288263850407]}]},""right"":{""boxes"":[{""id"":""RT_16"",""cls"":""potted plant"",""conf"":0.70751953125,""box"":[0.6364661759473227,0.7095825244036642,0.11402707005340593,0.14076689775239176]},{""id"":""RT_27"",""cls"":""potted plant"",""conf"":0.9140625,""box"":[0.09624307820817812,0.7159321209946926,0.09896527253017236,0.14740749056165883]},{""id"":""RT_28"",""cls"":""potted plant"",""conf"":0.73095703125,""box"":[0.0485758213489403,0.5770028255184992,0.04158108976832979,0.04872088383555671]},{""id"":""RT_33"",""cls"":""potted plant"",""conf"":0.7490234375,""box"":[0.24579663309970065,0.547840116029384,0.02581887805203511,0.02482138376781814]},{""id"":""RT_34"",""cls"":""potted plant"",""conf"":0.6279296875,""box"":[0.2923024179074263,0.5409293163283825,0.019729327483516013,0.020370030172192875]},{""id"":""RT_37"",""cls"":""potted plant"",""conf"":0.5390625,""box"":[0.17097768724061524,0.5591842253863777,0.03571739841871495,0.03262678785854831]}]}}","[{""id"":""F_18"",""cls"":""vehicle"",""x"":45.4313850402832,""y"":-3.68025803565979,""distance"":45.99398689270019},{""id"":""R_5"",""cls"":""vehicle"",""x"":-43.7285041809082,""y"":-22.643207550048828,""distance"":49.33243408203125},{""id"":""R_13"",""cls"":""truck"",""x"":-11.216464042663574,""y"":-0.016620181500911713,""distance"":11.364754676818848},{""id"":""R_13"",""cls"":""vehicle"",""x"":-11.216464042663574,""y"":-0.016620181500911713,""distance"":11.364754676818848}]","[{""id"":""R_13"",""cls"":""truck"",""label"":""Truck"",""dist_m"":11.365,""speed_mps"":0.723,""motion"":""receding""},{""id"":""R_13"",""cls"":""vehicle"",""label"":""Car"",""dist_m"":11.365,""speed_mps"":null,""motion"":""unknown""},{""id"":""F_18"",""cls"":""vehicle"",""label"":""Car"",""dist_m"":45.994,""speed_mps"":0.583,""motion"":""approaching""},{""id"":""R_5"",""cls"":""vehicle"",""label"":""Car"",""dist_m"":49.332,""speed_mps"":83.406,""motion"":""approaching""}]",frame_000030
"{""cam"":true,""radar"":true,""gnss"":true,""imu"":true,""lidar"":true}",498692005,3.1,255.3,14,11,"{""vehicle"":4,""person"":0,""cyclist"":0}",FALSE,"{""heading_deg"":270.32088297045254,""speed_mps"":0.7684804555461304,""accelerating"":true,""braking"":false,""turning_left"":false,""turning_right"":false,""world_x"":-11.935070991516113,""world_y"":0.06314566731452942}","{""front"":{""boxes"":[{""id"":""F_2"",""cls"":""potted plant"",""conf"":0.8115234375,""box"":[0.8803825689251766,0.5850067532315748,0.05106444061343165,0.05264129336024818]},{""id"":""F_18"",""cls"":""car"",""conf"":0.732421875,""box"":[0.463889680115466,0.5223718116957479,0.019903544864504942,0.02053556633848057]},{""id"":""F_3"",""cls"":""potted plant"",""conf"":0.544921875,""box"":[0.7727830843879697,0.6191296312451774,0.07246672319927745,0.07027579389501935]},{""id"":""F_38"",""cls"":""traffic light"",""conf"":0.65673828125,""box"":[0.7197476195579879,0.3854896220641382,0.010868219439556182,0.0290207558717236]}]},""left"":{""boxes"":[]},""rear"":{""boxes"":[{""id"":""R_5"",""cls"":""car"",""conf"":0.462890625,""box"":[0.7769508481900862,0.5242562665015481,0.04297360322922179,0.030404412351660248]},{""id"":""R_7"",""cls"":""potted plant"",""conf"":0.529296875,""box"":[0.31776945571848925,0.558382209871521,0.03647283970109454,0.03740212361429869]},{""id"":""R_13"",""cls"":""truck"",""conf"":0.56982421875,""box"":[0.4957556064724658,0.5703155266288416,0.11804265858557095,0.1601697182672351]},{""id"":""R_19"",""cls"":""potted plant"",""conf"":0.56982421875,""box"":[0.2814535114686711,0.5466964169415485,0.027900908027564196,0.02900908626891804]},{""id"":""R_24"",""cls"":""potted plant"",""conf"":0.46875,""box"":[0.24667461844707458,0.5399318998128554,0.024511243457607135,0.023584244814690496]},{""id"":""R_25"",""cls"":""potted plant"",""conf"":0.8388671875,""box"":[0.12645354464394076,0.6611008280702066,0.08051772552756144,0.10612378302845672]},{""id"":""R_36"",""cls"":""potted plant"",""conf"":0.60009765625,""box"":[0.2921498919841743,0.5860107010329334,0.05362517443632977,0.05685723340303864]}]},""right"":{""boxes"":[{""id"":""RT_16"",""cls"":""potted plant"",""conf"":0.69921875,""box"":[0.6502547701583052,0.7127590132909903,0.11878970995698257,0.1453242971939254]},{""id"":""RT_27"",""cls"":""potted plant"",""conf"":0.8984375,""box"":[0.11234806328968791,0.7161278549598191,0.10308604083471687,0.14803700761355654]},{""id"":""RT_28"",""cls"":""potted plant"",""conf"":0.640625,""box"":[0.05370338818176512,0.5773271997161267,0.04228485755207904,0.048516223678672435]},{""id"":""RT_33"",""cls"":""potted plant"",""conf"":0.60205078125,""box"":[0.24884773697782148,0.5479516336194937,0.025898902426724213,0.02494379165690314]},{""id"":""RT_34"",""cls"":""potted plant"",""conf"":0.69287109375,""box"":[0.29467605668808716,0.5411396182544933,0.019996897371079347,0.02068512916397515]},{""id"":""RT_37"",""cls"":""potted plant"",""conf"":0.5078125,""box"":[0.1757255468098556,0.559909464378526,0.035096940450167445,0.032034622212842714]}]}}","[{""id"":""F_18"",""cls"":""vehicle"",""x"":45.17990493774414,""y"":-3.3332936763763428,""distance"":45.776359176635744},{""id"":""R_13"",""cls"":""truck"",""x"":-11.039494514465332,""y"":0.17169338464736938,""distance"":11.191476821899414},{""id"":""R_5"",""cls"":""vehicle"",""x"":-16.37032127380371,""y"":-8.701746940612793,""distance"":18.545122146606445},{""id"":""R_13"",""cls"":""vehicle"",""x"":-11.039494514465332,""y"":0.17169338464736938,""distance"":11.191476821899414}]","[{""id"":""R_13"",""cls"":""truck"",""label"":""Truck"",""dist_m"":11.191,""speed_mps"":0.531,""motion"":""receding""},{""id"":""R_13"",""cls"":""vehicle"",""label"":""Car"",""dist_m"":11.191,""speed_mps"":null,""motion"":""unknown""},{""id"":""R_5"",""cls"":""vehicle"",""label"":""Car"",""dist_m"":18.545,""speed_mps"":82.072,""motion"":""receding""},{""id"":""F_18"",""cls"":""vehicle"",""label"":""Car"",""dist_m"":45.776,""speed_mps"":0.759,""motion"":""approaching""}]",frame_000031
"{""cam"":true,""radar"":true,""gnss"":true,""imu"":true,""lidar"":true}",832016524,3.1,320.6,20,10.4,"{""vehicle"":3,""person"":0,""cyclist"":0}",FALSE,"{""heading_deg"":270.3165389701404,""speed_mps"":0.9523699379999772,""accelerating"":true,""braking"":false,""turning_left"":false,""turning_right"":false,""world_x"":-12.252514839172363,""world_y"":0.064806267619133}","{""front"":{""boxes"":[{""id"":""F_2"",""cls"":""potted plant"",""conf"":0.89306640625,""box"":[0.886864456056486,0.5868010715093994,0.05213528092011934,0.053206833180624594]},{""id"":""F_18"",""cls"":""car"",""conf"":0.8115234375,""box"":[0.4636091174428095,0.5228633971490902,0.020196941069050033,0.020758112142907948]},{""id"":""F_3"",""cls"":""potted plant"",""conf"":0.7607421875,""box"":[0.7792788315587971,0.6199320623470314,0.0758300937771617,0.07330988179785956]},{""id"":""F_38"",""cls"":""traffic light"",""conf"":0.6298828125,""box"":[0.722846466734428,0.3847293509812438,0.010830263435842813,0.028993951751571247]}]},""left"":{""boxes"":[]},""rear"":{""boxes"":[{""id"":""R_5"",""cls"":""car"",""conf"":0.281494140625,""box"":[0.7769453822120715,0.5235153635208907,0.04073389146749129,0.030107804048817143]},{""id"":""R_7"",""cls"":""potted plant"",""conf"":0.4921875,""box"":[0.3199288171640042,0.5574219554333872,0.03556812213916318,0.03645589339279584]},{""id"":""R_13"",""cls"":""car"",""conf"":0.509765625,""box"":[0.49515501328842515,0.5713896389247484,0.11872390415925409,0.16313002005599841]},{""id"":""R_19"",""cls"":""potted plant"",""conf"":0.462890625,""box"":[0.2837089577086287,0.5469920558782221,0.026503320381965033,0.027510047990051648]},{""id"":""R_24"",""cls"":""potted plant"",""conf"":0.403564453125,""box"":[0.24831959580138624,0.5400882784399528,0.02350705554696675,0.022718224652347865]},{""id"":""R_25"",""cls"":""potted plant"",""conf"":0.83544921875,""box"":[0.1383810336392489,0.6556264685195363,0.08081426458531658,0.10327726683976385]},{""id"":""R_36"",""cls"":""potted plant"",""conf"":0.56982421875,""box"":[0.2962589714804407,0.583667186231605,0.05257553740042602,0.05588393342721147]}]},""right"":{""boxes"":[{""id"":""RT_16"",""cls"":""potted plant"",""conf"":0.85986328125,""box"":[0.670716493120825,0.7139043249861499,0.12179481551686386,0.14765444853504542]},{""id"":""RT_27"",""cls"":""potted plant"",""conf"":0.90283203125,""box"":[0.13421778662862663,0.7161935319017364,0.10713739855647528,0.14893302070883424]},{""id"":""RT_33"",""cls"":""potted plant"",""conf"":0.6318359375,""box"":[0.2531030546839382,0.5479834877697262,0.025946441736019298,0.02498838561481887]},{""id"":""RT_34"",""cls"":""potted plant"",""conf"":0.5927734375,""box"":[0.29827951992789636,0.5413845661678665,0.01978158765118616,0.020443353995694066]},{""id"":""RT_37"",""cls"":""potted plant"",""conf"":0.50390625,""box"":[0.18120830462810428,0.5593608566984065,0.03648527023585293,0.033399391422060394]}]}}","[{""id"":""F_18"",""cls"":""vehicle"",""x"":45.83584976196289,""y"":-2.55484676361084,""distance"":46.05615158081055},{""id"":""R_13"",""cls"":""vehicle"",""x"":-10.880135536193848,""y"":0.16691875457763672,""distance"":11.045804023742676},{""id"":""R_13"",""cls"":""truck"",""x"":-10.880135536193848,""y"":0.16691875457763672,""distance"":11.045804023742676}]","[{""id"":""R_13"",""cls"":""vehicle"",""label"":""Car"",""dist_m"":11.046,""speed_mps"":0.478,""motion"":""receding""},{""id"":""R_13"",""cls"":""truck"",""label"":""Truck"",""dist_m"":11.046,""speed_mps"":null,""motion"":""unknown""},{""id"":""F_18"",""cls"":""vehicle"",""label"":""Car"",""dist_m"":46.056,""speed_mps"":0.944,""motion"":""approaching""}]",frame_000032
"{""cam"":true,""radar"":true,""gnss"":true,""imu"":true,""lidar"":true}",165341790,3.1,250.2,20,12.1,"{""vehicle"":3,""person"":0,""cyclist"":0}",FALSE,"{""heading_deg"":270.31085625275097,""speed_mps"":1.137046892568888,""accelerating"":true,""braking"":false,""turning_left"":false,""turning_right"":false,""world_x"":-12.631516456604004,""world_y"":0.0667465552687645}","{""front"":{""boxes"":[{""id"":""F_2"",""cls"":""potted plant"",""conf"":0.87890625,""box"":[0.8944855584986563,0.5889658622352341,0.05401523006119966,0.054416935675699205]},{""id"":""F_18"",""cls"":""car"",""conf"":0.732421875,""box"":[0.46364576106008126,0.5232059506396338,0.02009434513308035,0.020495605913295675]},{""id"":""F_3"",""cls"":""potted plant"",""conf"":0.845703125,""box"":[0.7870232585839857,0.624035564007175,0.08094210231391319,0.07812526766743405]},{""id"":""F_38"",""cls"":""traffic light"",""conf"":0.71533203125,""box"":[0.7261661387579921,0.38335379109910733,0.011089934597602458,0.02966534236142735]}]},""left"":{""boxes"":[]},""rear"":{""boxes"":[{""id"":""R_7"",""cls"":""potted plant"",""conf"":0.505859375,""box"":[0.3224321467987985,0.5543219271184289,0.031588861023541394,0.03191370129407586]},{""id"":""R_13"",""cls"":""car"",""conf"":0.5830078125,""box"":[0.49454844409068893,0.5725272675319955,0.1192077955428136,0.16571522356680385]},{""id"":""R_19"",""cls"":""potted plant"",""conf"":0.56396484375,""box"":[0.2861899902990854,0.5464142661246372,0.026535193689756254,0.02771123139996045]},{""id"":""R_24"",""cls"":""potted plant"",""conf"":0.56201171875,""box"":[0.2513279643417202,0.5387384131069943,0.02379277383910936,0.023125582277744645]},{""id"":""R_25"",""cls"":""potted plant"",""conf"":0.83984375,""box"":[0.15268017739805564,0.6497555800125473,0.07933060061454619,0.09842835307709676]},{""id"":""R_36"",""cls"":""potted plant"",""conf"":0.546875,""box"":[0.30077371818352894,0.5823701333395354,0.04930985117773203,0.052252145783409414]}]},""right"":{""boxes"":[{""id"":""RT_16"",""cls"":""potted plant"",""conf"":0.873046875,""box"":[0.6972278568079393,0.7141747626530548,0.12348626841062807,0.1482046502941285]},{""id"":""RT_27"",""cls"":""potted plant"",""conf"":0.90478515625,""box"":[0.16154027064356702,0.7165594213779619,0.1095456643693589,0.14784007289691795]},{""id"":""RT_33"",""cls"":""potted plant"",""conf"":0.6533203125,""box"":[0.258301102535605,0.5479875004942945,0.02596378345565089,0.0250038858224143]},{""id"":""RT_34"",""cls"":""potted plant"",""conf"":0.62255859375,""box"":[0.3026124464517097,0.5412878219789962,0.019349190792463267,0.019997239866703313]},{""id"":""RT_37"",""cls"":""potted plant"",""conf"":0.435791015625,""box"":[0.18811858480831856,0.559920520223651,0.035395316123942734,0.032353966681795514]},{""id"":""RT_28"",""cls"":""potted plant"",""conf"":0.61865234375,""box"":[0.06996689274481845,0.5776670351581122,0.043512683415095885,0.04885664899311403]}]}}","[{""id"":""F_18"",""cls"":""vehicle"",""x"":44.50939178466797,""y"":-3.605567455291748,""distance"":44.69079399108887},{""id"":""R_13"",""cls"":""vehicle"",""x"":-10.776789665222168,""y"":0.19338300824165344,""distance"":10.968898582458497},{""id"":""R_13"",""cls"":""truck"",""x"":-10.776789665222168,""y"":0.19338300824165344,""distance"":10.968898582458497}]","[{""id"":""R_13"",""cls"":""vehicle"",""label"":""Car"",""dist_m"":10.969,""speed_mps"":0.31,""motion"":""receding""},{""id"":""R_13"",""cls"":""truck"",""label"":""Truck"",""dist_m"":10.969,""speed_mps"":null,""motion"":""unknown""},{""id"":""F_18"",""cls"":""vehicle"",""label"":""Car"",""dist_m"":44.691,""speed_mps"":1.131,""motion"":""approaching""}]",frame_000033
"{""cam"":true,""radar"":true,""gnss"":true,""imu"":true,""lidar"":true}",498664815,3.1,268.2,20,9.8,"{""vehicle"":3,""person"":0,""cyclist"":0}",FALSE,"{""heading_deg"":270.3042992711477,""speed_mps"":1.3086431321161212,""accelerating"":true,""braking"":false,""turning_left"":false,""turning_right"":false,""world_x"":-13.06771183013916,""world_y"":0.06893337517976761}","{""front"":{""boxes"":[{""id"":""F_2"",""cls"":""potted plant"",""conf"":0.873046875,""box"":[0.9043085106496699,0.5907610191195073,0.05694396965438493,0.05688605527286761]},{""id"":""F_18"",""cls"":""car"",""conf"":0.71240234375,""box"":[0.4634181242197782,0.5238370238062923,0.019841489861305118,0.020045893360484138]},{""id"":""F_3"",""cls"":""potted plant"",""conf"":0.87255859375,""box"":[0.798338038801597,0.6287156999463354,0.0858941480108272,0.08294600875302957]},{""id"":""F_38"",""cls"":""traffic light"",""conf"":0.69921875,""box"":[0.7302483802932013,0.38061506944260254,0.010981776298632884,0.02931216961234823]}]},""left"":{""boxes"":[]},""rear"":{""boxes"":[{""id"":""R_7"",""cls"":""potted plant"",""conf"":0.359375,""box"":[0.32541957992768616,0.5538617725943098,0.03198256546663773,0.03215154667755276]},{""id"":""R_13"",""cls"":""car"",""conf"":0.55078125,""box"":[0.49419822422537096,0.5738494437261819,0.11978757373009064,0.16847713880999174]},{""id"":""R_19"",""cls"":""potted plant"",""conf"":0.5888671875,""box"":[0.2890978426250213,0.5448161457715253,0.026501746515778725,0.02779851492041677]},{""id"":""R_24"",""cls"":""potted plant"",""conf"":0.62255859375,""box"":[0.25445392036392345,0.5382694645418938,0.023150675796051078,0.02257758316672452]},{""id"":""R_25"",""cls"":""potted plant"",""conf"":0.86083984375,""box"":[0.16798069985114475,0.6424738825434948,0.07713840890233545,0.093209998102254]},{""id"":""R_36"",""cls"":""potted plant"",""conf"":0.548828125,""box"":[0.306276351438485,0.579446216801405,0.048626335350538244,0.051650316078688266]}]},""right"":{""boxes"":[{""id"":""RT_16"",""cls"":""potted plant"",""conf"":0.8955078125,""box"":[0.7298296012647454,0.7149665095088623,0.12564350066694852,0.14909808046408177]},{""id"":""RT_27"",""cls"":""potted plant"",""conf"":0.90478515625,""box"":[0.19463296673324232,0.7166902523006411,0.112852968105532,0.14878457324501385]},{""id"":""RT_33"",""cls"":""potted plant"",""conf"":0.69921875,""box"":[0.2646075848497783,0.5479825647797938,0.025969925301928896,0.025008614028537816]},{""id"":""RT_34"",""cls"":""potted plant"",""conf"":0.71044921875,""box"":[0.30798521199341095,0.5412423758271,0.01916173083755841,0.01983387413585979]},{""id"":""RT_37"",""cls"":""potted plant"",""conf"":0.5546875,""box"":[0.1960159717153485,0.5604935698765598,0.03416297168327198,0.031209739206785395]}]}}","[{""id"":""F_18"",""cls"":""vehicle"",""x"":44.09680938720703,""y"":-3.253387451171875,""distance"":44.26139259338379},{""id"":""R_13"",""cls"":""vehicle"",""x"":-10.664867401123047,""y"":0.07062689960002899,""distance"":10.833220386505127},{""id"":""R_13"",""cls"":""truck"",""x"":-10.664867401123047,""y"":0.07062689960002899,""distance"":10.833220386505127}]","[{""id"":""R_13"",""cls"":""vehicle"",""label"":""Car"",""dist_m"":10.833,""speed_mps"":0.336,""motion"":""receding""},{""id"":""R_13"",""cls"":""truck"",""label"":""Truck"",""dist_m"":10.833,""speed_mps"":null,""motion"":""unknown""},{""id"":""F_18"",""cls"":""vehicle"",""label"":""Car"",""dist_m"":44.261,""speed_mps"":1.304,""motion"":""approaching""}]",frame_000034
"{""cam"":true,""radar"":true,""gnss"":true,""imu"":true,""lidar"":true}",832075503,3.1,262,22,8.8,"{""vehicle"":3,""person"":0,""cyclist"":0}",FALSE,"{""heading_deg"":270.2975783650044,""speed_mps"":1.4729425260971978,""accelerating"":true,""braking"":false,""turning_left"":false,""turning_right"":false,""world_x"":-13.55880069732666,""world_y"":0.07135346531867981}","{""front"":{""boxes"":[{""id"":""F_2"",""cls"":""potted plant"",""conf"":0.85693359375,""box"":[0.917199708647941,0.5934164003984532,0.06024082204810277,0.05982140086452776]},{""id"":""F_18"",""cls"":""car"",""conf"":0.7216796875,""box"":[0.4630867180353445,0.5240573031189465,0.020437014445952785,0.020569772687020975]},{""id"":""F_3"",""cls"":""potted plant"",""conf"":0.8818359375,""box"":[0.8124214368984163,0.6347816601660429,0.09074058783028845,0.08745311691959495]},{""id"":""F_38"",""cls"":""traffic light"",""conf"":0.638671875,""box"":[0.735140418304969,0.37794991100750297,0.011177102650586867,0.02969591791565982]}]},""left"":{""boxes"":[]},""rear"":{""boxes"":[{""id"":""R_7"",""cls"":""potted plant"",""conf"":0.359375,""box"":[0.3290288963225475,0.5526548892052342,0.03198998327931446,0.032234401455242555]},{""id"":""R_13"",""cls"":""car"",""conf"":0.494140625,""box"":[0.494073992169865,0.574548090127345,0.11956859536384527,0.16991839037103695]},{""id"":""R_19"",""cls"":""potted plant"",""conf"":0.6298828125,""box"":[0.2924850309623927,0.5440738436125082,0.026241929854100298,0.027503040568486625]},{""id"":""R_24"",""cls"":""potted plant"",""conf"":0.37744140625,""box"":[0.25772327103082515,0.5365318223430561,0.025928595688842072,0.025556429454697435]},{""id"":""R_25"",""cls"":""potted plant"",""conf"":0.76611328125,""box"":[0.18487283062853443,0.6345188749725613,0.0757343268884482,0.0897016533097806]},{""id"":""R_36"",""cls"":""potted plant"",""conf"":0.36669921875,""box"":[0.31172283595866074,0.5802926637279395,0.04268662722582213,0.0449930704946181]}]},""right"":{""boxes"":[{""id"":""RT_16"",""cls"":""potted plant"",""conf"":0.865234375,""box"":[0.7679675171695342,0.7149209986355118,0.12761470286266458,0.1494294923121174]},{""id"":""RT_27"",""cls"":""potted plant"",""conf"":0.88623046875,""box"":[0.23323870880070313,0.716213359154617,0.11513315489422216,0.14876813167986416]},{""id"":""RT_33"",""cls"":""potted plant"",""conf"":0.67578125,""box"":[0.2722136673175611,0.548149824739617,0.02565157385506165,0.024660555091029934]},{""id"":""RT_34"",""cls"":""potted plant"",""conf"":0.63720703125,""box"":[0.3142817841596762,0.5410434878022146,0.019425553527884932,0.0201296741206311]},{""id"":""RT_37"",""cls"":""potted plant"",""conf"":0.451416015625,""box"":[0.20535122354057478,0.5601344986571807,0.03477545270555902,0.03191365807580861]},{""id"":""RT_28"",""cls"":""potted plant"",""conf"":0.67578125,""box"":[0.09470498448904781,0.5775158014780432,0.044845997269748895,0.04936348871904504]}]}}","[{""id"":""F_18"",""cls"":""vehicle"",""x"":43.90224075317383,""y"":-2.763667345046997,""distance"":44.29445343017578},{""id"":""R_13"",""cls"":""vehicle"",""x"":-10.624702453613281,""y"":0.16019824147224426,""distance"":10.809954833984374},{""id"":""R_13"",""cls"":""truck"",""x"":-10.624702453613281,""y"":0.16019824147224426,""distance"":10.809954833984374}]","[{""id"":""R_13"",""cls"":""vehicle"",""label"":""Car"",""dist_m"":10.81,""speed_mps"":0.12,""motion"":""stationary""},{""id"":""R_13"",""cls"":""truck"",""label"":""Truck"",""dist_m"":10.81,""speed_mps"":null,""motion"":""unknown""},{""id"":""F_18"",""cls"":""vehicle"",""label"":""Car"",""dist_m"":44.294,""speed_mps"":1.471,""motion"":""approaching""}]",frame_000035
"{""cam"":true,""radar"":true,""gnss"":true,""imu"":true,""lidar"":true}",165374255,3.1,283.5,22,10.9,"{""vehicle"":3,""person"":0,""cyclist"":0}",FALSE,"{""heading_deg"":270.29047496826763,""speed_mps"":1.6073055947397485,""accelerating"":true,""braking"":false,""turning_left"":false,""turning_right"":false,""world_x"":-14.094507217407227,""world_y"":0.07394430786371231}","{""front"":{""boxes"":[{""id"":""F_2"",""cls"":""potted plant"",""conf"":0.85009765625,""box"":[0.9320164445845709,0.5970667526831608,0.06455968618368413,0.06360011629196076]},{""id"":""F_18"",""cls"":""car"",""conf"":0.57763671875,""box"":[0.462459936737911,0.5242993359744836,0.02106222417658783,0.021103897117778027]},{""id"":""F_3"",""cls"":""potted plant"",""conf"":0.8642578125,""box"":[0.8305605965251177,0.6428770137812928,0.09595293440871097,0.09215985678128659]},{""id"":""F_38"",""cls"":""traffic light"",""conf"":0.6806640625,""box"":[0.7411817814041181,0.37464988009978,0.011346929240010883,0.030350472741949432]}]},""left"":{""boxes"":[]},""rear"":{""boxes"":[{""id"":""R_7"",""cls"":""potted plant"",""conf"":0.259765625,""box"":[0.333153259259904,0.5505168586368957,0.02830597673992221,0.02806718867064587]},{""id"":""R_13"",""cls"":""car"",""conf"":0.56005859375,""box"":[0.49377942296982075,0.5751789467071576,0.11961157066155961,0.17187993624075465]},{""id"":""R_19"",""cls"":""potted plant"",""conf"":0.60009765625,""box"":[0.2960503413147883,0.5436505832795793,0.02583592093715814,0.027064749177334826]},{""id"":""R_24"",""cls"":""potted plant"",""conf"":0.29736328125,""box"":[0.2618814071203839,0.5360818660311293,0.024359828434956342,0.02427605591776819]},{""id"":""R_25"",""cls"":""potted plant"",""conf"":0.329345703125,""box"":[0.202052292043164,0.6278173403754577,0.07274366280414697,0.08463667848436399]},{""id"":""R_36"",""cls"":""potted plant"",""conf"":0.51953125,""box"":[0.3182071372230033,0.5762581701252347,0.043887241908381246,0.046336017519568645]}]},""right"":{""boxes"":[{""id"":""RT_16"",""cls"":""potted plant"",""conf"":0.861328125,""box"":[0.8115436228209824,0.7147279796214979,0.12948155746673634,0.14920224549259267]},{""id"":""RT_27"",""cls"":""potted plant"",""conf"":0.88818359375,""box"":[0.2770880608787943,0.7163725077453643,0.11688163176758462,0.14873586836374705]},{""id"":""RT_33"",""cls"":""potted plant"",""conf"":0.56591796875,""box"":[0.2803022204672613,0.5483821753358455,0.025876873282298395,0.024879298685608474]},{""id"":""RT_34"",""cls"":""potted plant"",""conf"":0.6318359375,""box"":[0.32112876077289493,0.5409665396335945,0.019433583413565315,0.020240542995877735]},{""id"":""RT_37"",""cls"":""potted plant"",""conf"":0.3056640625,""box"":[0.215960167159303,0.5601831541339973,0.034491302121932944,0.03180551060320636]}]}}","[{""id"":""F_18"",""cls"":""vehicle"",""x"":43.11195373535156,""y"":-3.648294687271118,""distance"":43.737144470214844},{""id"":""R_13"",""cls"":""vehicle"",""x"":-10.741902351379395,""y"":0.19356054067611694,""distance"":10.906546020507813},{""id"":""R_13"",""cls"":""truck"",""x"":-10.741902351379395,""y"":0.19356054067611694,""distance"":10.906546020507813}]","[{""id"":""R_13"",""cls"":""vehicle"",""label"":""Car"",""dist_m"":10.907,""speed_mps"":0.352,""motion"":""approaching""},{""id"":""R_13"",""cls"":""truck"",""label"":""Truck"",""dist_m"":10.907,""speed_mps"":null,""motion"":""unknown""},{""id"":""F_18"",""cls"":""vehicle"",""label"":""Car"",""dist_m"":43.737,""speed_mps"":1.601,""motion"":""approaching""}]",frame_000036
"{""cam"":true,""radar"":true,""gnss"":true,""imu"":true,""lidar"":true}",498696534,3.1,282.6,22,10.8,"{""vehicle"":3,""person"":0,""cyclist"":0}",FALSE,"{""heading_deg"":270.2897373078373,""speed_mps"":1.663874811792097,""accelerating"":false,""braking"":false,""turning_left"":false,""turning_right"":false,""world_x"":-14.649106979370117,""world_y"":0.07669144868850708}","{""front"":{""boxes"":[{""id"":""F_2"",""cls"":""potted plant"",""conf"":0.85693359375,""box"":[0.9500157968756959,0.6014247170436605,0.06808851963330795,0.06637530099762638]},{""id"":""F_18"",""cls"":""car"",""conf"":0.8310546875,""box"":[0.4621049600001733,0.5248883758783911,0.02116824845009857,0.020965096603331426]},{""id"":""F_3"",""cls"":""potted plant"",""conf"":0.8896484375,""box"":[0.8518736865322134,0.6519262066492842,0.10454647703694811,0.09988954551722978]}]},""left"":{""boxes"":[]},""rear"":{""boxes"":[{""id"":""R_13"",""cls"":""car"",""conf"":0.5927734375,""box"":[0.49418839608553566,0.5749222866918646,0.11791110247210819,0.17094704835931865]},{""id"":""R_19"",""cls"":""potted plant"",""conf"":0.6875,""box"":[0.29974310147432764,0.5426428877034212,0.024807935916794845,0.025869417330807623]},{""id"":""R_24"",""cls"":""potted plant"",""conf"":0.43212890625,""box"":[0.26611932148480183,0.534905225661057,0.024904148224436318,0.025118690372847634]},{""id"":""R_25"",""cls"":""potted plant"",""conf"":0.84814453125,""box"":[0.219425626249373,0.6197305213551958,0.06954261052733843,0.07974176420762996]},{""id"":""R_36"",""cls"":""potted plant"",""conf"":0.4130859375,""box"":[0.32600026253724507,0.5683907798435752,0.0514830895076686,0.05495870182910577]}]},""right"":{""boxes"":[{""id"":""RT_16"",""cls"":""potted plant"",""conf"":0.83642578125,""box"":[0.8611496862926064,0.7148236897070547,0.13124379420025142,0.14876277867770102]},{""id"":""RT_27"",""cls"":""potted plant"",""conf"":0.87744140625,""box"":[0.3250148427646347,0.7162559756613225,0.11782527711151394,0.14835641140943648]},{""id"":""RT_33"",""cls"":""potted plant"",""conf"":0.70263671875,""box"":[0.28978636682402137,0.5481172759804381,0.025959422841592784,0.024960713267594532]},{""id"":""RT_34"",""cls"":""potted plant"",""conf"":0.689453125,""box"":[0.3287772752077065,0.5412809836103062,0.01941284107837844,0.02028352541132552]},{""id"":""RT_37"",""cls"":""potted plant"",""conf"":0.439697265625,""box"":[0.22835561086960837,0.559487256909049,0.03489537028117891,0.032475835997494804]},{""id"":""RT_28"",""cls"":""potted plant"",""conf"":0.73583984375,""box"":[0.12566252694234897,0.5776609947592092,0.04477439487562782,0.04822968044027552]}]}}","[{""id"":""F_18"",""cls"":""vehicle"",""x"":42.57429122924805,""y"":-3.2948858737945557,""distance"":42.74573974609375},{""id"":""R_13"",""cls"":""vehicle"",""x"":-11.02118968963623,""y"":-0.05381941795349121,""distance"":11.201881885528564},{""id"":""R_13"",""cls"":""truck"",""x"":-11.02118968963623,""y"":-0.05381941795349121,""distance"":11.201881885528564}]","[{""id"":""R_13"",""cls"":""vehicle"",""label"":""Car"",""dist_m"":11.202,""speed_mps"":0.838,""motion"":""approaching""},{""id"":""R_13"",""cls"":""truck"",""label"":""Truck"",""dist_m"":11.202,""speed_mps"":null,""motion"":""unknown""},{""id"":""F_18"",""cls"":""vehicle"",""label"":""Car"",""dist_m"":42.746,""speed_mps"":1.658,""motion"":""approaching""}]",frame_000037
"{""cam"":true,""radar"":true,""gnss"":true,""imu"":true,""lidar"":true}",831996407,3,294.9,24,10.2,"{""vehicle"":3,""person"":0,""cyclist"":0}",FALSE,"{""heading_deg"":270.29227813820853,""speed_mps"":1.7690797525825113,""accelerating"":true,""braking"":false,""turning_left"":false,""turning_right"":false,""world_x"":-15.238733291625977,""world_y"":0.07970975339412689}","{""front"":{""boxes"":[{""id"":""F_2"",""cls"":""potted plant"",""conf"":0.338134765625,""box"":[0.9656192139702051,0.6055822396389318,0.07089314227240777,0.07041234297560237]},{""id"":""F_18"",""cls"":""car"",""conf"":0.83544921875,""box"":[0.46172686134258195,0.525270455243973,0.02103618458255836,0.02056287880608855]},{""id"":""F_3"",""cls"":""potted plant"",""conf"":0.9189453125,""box"":[0.8786570800778499,0.662905937432639,0.1142700390788951,0.10874776679792587]}]},""left"":{""boxes"":[]},""rear"":{""boxes"":[{""id"":""R_13"",""cls"":""car"",""conf"":0.57568359375,""box"":[0.4947404209195649,0.5734666970050679,0.11451299903029515,0.16718529274166022]},{""id"":""R_19"",""cls"":""potted plant"",""conf"":0.6943359375,""box"":[0.3040867077975833,0.5419469339669505,0.024385629719381983,0.025453398056422986]},{""id"":""R_24"",""cls"":""potted plant"",""conf"":0.273681640625,""box"":[0.26972482687096183,0.5341485154454944,0.024214219200262788,0.0247428218612205]},{""id"":""R_25"",""cls"":""potted plant"",""conf"":0.8818359375,""box"":[0.23555747963340695,0.6126415716258866,0.06566820283517441,0.07419221572349576]},{""id"":""R_36"",""cls"":""potted plant"",""conf"":0.36474609375,""box"":[0.33219390252279435,0.5644495208825621,0.049258355769138305,0.0530187991834057]}]},""right"":{""boxes"":[{""id"":""RT_16"",""cls"":""potted plant"",""conf"":0.84814453125,""box"":[0.9110372302422227,0.7148576022757456,0.13484000273104274,0.1499673478762877]},{""id"":""RT_27"",""cls"":""potted plant"",""conf"":0.873046875,""box"":[0.3765632350624187,0.7155172218540556,0.11855170315035349,0.1481943417419945]},{""id"":""RT_33"",""cls"":""potted plant"",""conf"":0.72509765625,""box"":[0.2999295553072882,0.5478395150572195,0.02617193335230459,0.02533704350012312]},{""id"":""RT_34"",""cls"":""potted plant"",""conf"":0.6943359375,""box"":[0.33696085928288005,0.5412231947098675,0.019627730495787254,0.020646555909593425]},{""id"":""RT_37"",""cls"":""potted plant"",""conf"":0.4111328125,""box"":[0.24108091951391586,0.55870738171938,0.03583182339231219,0.0337674448674034]},{""id"":""RT_28"",""cls"":""potted plant"",""conf"":0.767578125,""box"":[0.14364485564395466,0.5773136883402272,0.0453528703082358,0.04797333754619828]}]}}","[{""id"":""F_18"",""cls"":""vehicle"",""x"":42.07685852050781,""y"":-4.017833232879639,""distance"":42.775962829589844},{""id"":""R_13"",""cls"":""vehicle"",""x"":-11.374251365661621,""y"":0.017713304609060287,""distance"":11.58055076599121},{""id"":""R_13"",""cls"":""truck"",""x"":-11.374251365661621,""y"":0.017713304609060287,""distance"":11.58055076599121}]","[{""id"":""R_13"",""cls"":""vehicle"",""label"":""Car"",""dist_m"":11.581,""speed_mps"":1.059,""motion"":""approaching""},{""id"":""R_13"",""cls"":""truck"",""label"":""Truck"",""dist_m"":11.581,""speed_mps"":null,""motion"":""unknown""},{""id"":""F_18"",""cls"":""vehicle"",""label"":""Car"",""dist_m"":42.776,""speed_mps"":1.763,""motion"":""approaching""}]",frame_000038
"{""cam"":true,""radar"":true,""gnss"":true,""imu"":true,""lidar"":true}",165329982,3,415.7,24,11.3,"{""vehicle"":3,""person"":0,""cyclist"":0}",FALSE,"{""heading_deg"":270.29386274209594,""speed_mps"":1.900063621967496,""accelerating"":true,""braking"":false,""turning_left"":false,""turning_right"":false,""world_x"":-15.872079849243164,""world_y"":0.08295043557882309}","{""front"":{""boxes"":[{""id"":""F_2"",""cls"":""potted plant"",""conf"":0.6279296875,""box"":[0.9782040468602069,0.6083196919654272,0.0671946947295062,0.06967148519625409]},{""id"":""F_18"",""cls"":""car"",""conf"":0.8427734375,""box"":[0.46108028553881597,0.5255708739649632,0.021499381480899072,0.020752693794796072]},{""id"":""F_3"",""cls"":""potted plant"",""conf"":0.83642578125,""box"":[0.9115212685891315,0.6774095141324843,0.12730571895635787,0.1203269376768457]}]},""left"":{""boxes"":[]},""rear"":{""boxes"":[{""id"":""R_13"",""cls"":""car"",""conf"":0.55810546875,""box"":[0.49547645564097725,0.571547451116938,0.1109088276056931,0.16302371624496909]},{""id"":""R_19"",""cls"":""potted plant"",""conf"":0.73583984375,""box"":[0.30824368318957046,0.54066172525281,0.023601960450510974,0.024617897058116314]},{""id"":""R_24"",""cls"":""potted plant"",""conf"":0.25537109375,""box"":[0.273584715501226,0.533717185682861,0.02194818716646636,0.02286690608554481]},{""id"":""R_25"",""cls"":""potted plant"",""conf"":0.85498046875,""box"":[0.25029282536994446,0.6062832107192241,0.0626153467072255,0.06990030141358107]},{""id"":""R_36"",""cls"":""potted plant"",""conf"":0.466796875,""box"":[0.3378740733830527,0.565287486356119,0.04294856326544618,0.04623027610265827]}]},""right"":{""boxes"":[{""id"":""RT_16"",""cls"":""potted plant"",""conf"":0.8623046875,""box"":[0.9450661156333815,0.7145252276380634,0.13182477913116947,0.14904280301587497]},{""id"":""RT_27"",""cls"":""potted plant"",""conf"":0.873046875,""box"":[0.43105738505363905,0.7162722868442469,0.11913076208057398,0.14811874267087705]},{""id"":""RT_33"",""cls"":""potted plant"",""conf"":0.74169921875,""box"":[0.31032800884792017,0.5477326510755759,0.02613197669325329,0.025477488016753706]},{""id"":""RT_34"",""cls"":""potted plant"",""conf"":0.80322265625,""box"":[0.34542235445944897,0.5411984973219054,0.019063784273863238,0.020095428408071807]},{""id"":""RT_37"",""cls"":""potted plant"",""conf"":0.50390625,""box"":[0.25587628810525304,0.5585888064699245,0.035932817058460874,0.0339041390604758]},{""id"":""RT_28"",""cls"":""potted plant"",""conf"":0.79052734375,""box"":[0.16203168138877005,0.5775404514780621,0.0453220743632166,0.047190395774814084]}]}}","[{""id"":""F_18"",""cls"":""vehicle"",""x"":41.421180725097656,""y"":-3.3553972244262695,""distance"":41.58851852416992},{""id"":""R_13"",""cls"":""vehicle"",""x"":-11.710846900939941,""y"":-0.09677238017320633,""distance"":11.865410804748535},{""id"":""R_13"",""cls"":""truck"",""x"":-11.710846900939941,""y"":-0.09677238017320633,""distance"":11.865410804748535}]","[{""id"":""R_13"",""cls"":""vehicle"",""label"":""Car"",""dist_m"":11.865,""speed_mps"":1.01,""motion"":""approaching""},{""id"":""R_13"",""cls"":""truck"",""label"":""Truck"",""dist_m"":11.865,""speed_mps"":null,""motion"":""unknown""},{""id"":""F_18"",""cls"":""vehicle"",""label"":""Car"",""dist_m"":41.589,""speed_mps"":1.893,""motion"":""approaching""}]",frame_000039
"{""cam"":true,""radar"":true,""gnss"":true,""imu"":true,""lidar"":true}",498688390,3,280.9,22,11.9,"{""vehicle"":3,""person"":0,""cyclist"":0}",FALSE,"{""heading_deg"":270.293261685449,""speed_mps"":2.0049137931651035,""accelerating"":true,""braking"":false,""turning_left"":false,""turning_right"":false,""world_x"":-16.54042625427246,""world_y"":0.08635973185300827}","{""front"":{""boxes"":[{""id"":""F_18"",""cls"":""car"",""conf"":0.83349609375,""box"":[0.4607226884710906,0.5256704670027882,0.022460981112081058,0.021508394813790764]},{""id"":""F_3"",""cls"":""potted plant"",""conf"":0.7744140625,""box"":[0.9368700185086224,0.6934303695075812,0.13565750314537262,0.13135234793874784]}]},""left"":{""boxes"":[]},""rear"":{""boxes"":[{""id"":""R_13"",""cls"":""car"",""conf"":0.56787109375,""box"":[0.4958848888417105,0.5685898513124775,0.10614817224977555,0.1569904612239604]},{""id"":""R_19"",""cls"":""potted plant"",""conf"":0.72509765625,""box"":[0.3121404084894162,0.5400466291517017,0.023644526843288282,0.024694419307381508]},{""id"":""R_24"",""cls"":""potted plant"",""conf"":0.494140625,""box"":[0.2777563844645387,0.5325319449934693,0.022788466103592996,0.0242750457089682]},{""id"":""R_25"",""cls"":""potted plant"",""conf"":0.79296875,""box"":[0.263921139937725,0.6007388659414308,0.05843163814308831,0.06420386191097525]},{""id"":""R_36"",""cls"":""potted plant"",""conf"":0.56591796875,""box"":[0.34376856888032437,0.561120288739792,0.04391906409302804,0.047971968257222386]}]},""right"":{""boxes"":[{""id"":""RT_27"",""cls"":""potted plant"",""conf"":0.900390625,""box"":[0.4889890652724483,0.7167293600107081,0.11987646980988967,0.14842294388175195]},{""id"":""RT_33"",""cls"":""potted plant"",""conf"":0.7294921875,""box"":[0.32160169059137245,0.5478623056027906,0.025722932307308443,0.025184837680117766]},{""id"":""RT_34"",""cls"":""potted plant"",""conf"":0.7216796875,""box"":[0.3545722340015652,0.5410107506550529,0.01921471172365057,0.02023036407981896]},{""id"":""RT_37"",""cls"":""potted plant"",""conf"":0.57177734375,""box"":[0.2692718527484364,0.5582045046339021,0.0365934926467991,0.034635071760238154]},{""id"":""RT_28"",""cls"":""potted plant"",""conf"":0.7578125,""box"":[0.18130987214940048,0.5774462381231733,0.04603331849421215,0.04725471478420372]},{""id"":""RT_42"",""cls"":""potted plant"",""conf"":0.85205078125,""box"":[0.033510742187500005,0.61015625,0.04679406326391352,0.07364583333333338]}]}}","[{""id"":""F_18"",""cls"":""vehicle"",""x"":40.79679489135742,""y"":-3.1573307514190674,""distance"":41.01073684692383},{""id"":""R_13"",""cls"":""vehicle"",""x"":-12.107804298400879,""y"":0.17865325510501862,""distance"":12.288968563079834},{""id"":""R_13"",""cls"":""truck"",""x"":-12.107804298400879,""y"":0.17865325510501862,""distance"":12.288968563079834}]","[{""id"":""R_13"",""cls"":""vehicle"",""label"":""Car"",""dist_m"":12.289,""speed_mps"":1.191,""motion"":""approaching""},{""id"":""R_13"",""cls"":""truck"",""label"":""Truck"",""dist_m"":12.289,""speed_mps"":null,""motion"":""unknown""},{""id"":""F_18"",""cls"":""vehicle"",""label"":""Car"",""dist_m"":41.011,""speed_mps"":1.998,""motion"":""approaching""}]",frame_000040
"{""cam"":true,""radar"":true,""gnss"":true,""imu"":true,""lidar"":true}",832029806,3.1,240.8,22,11.7,"{""vehicle"":3,""person"":0,""cyclist"":0}",FALSE,"{""heading_deg"":270.29358953452913,""speed_mps"":2.069938525249708,""accelerating"":false,""braking"":false,""turning_left"":false,""turning_right"":false,""world_x"":-17.23041343688965,""world_y"":0.08987157046794891}","{""front"":{""boxes"":[{""id"":""F_18"",""cls"":""car"",""conf"":0.83203125,""box"":[0.4600904615391631,0.5253589476038536,0.024745283436082222,0.023823802208744502]}]},""left"":{""boxes"":[]},""rear"":{""boxes"":[{""id"":""R_13"",""cls"":""car"",""conf"":0.5849609375,""box"":[0.49616851740967166,0.5657668262076515,0.1017116721690976,0.15130428059525455]},{""id"":""R_19"",""cls"":""potted plant"",""conf"":0.72021484375,""box"":[0.3167180667605088,0.5391477929445281,0.023622790354400756,0.024738747725918664]},{""id"":""R_24"",""cls"":""potted plant"",""conf"":0.439697265625,""box"":[0.28181575557608474,0.5321209008628296,0.02163938508391161,0.02340248884547158]},{""id"":""R_25"",""cls"":""potted plant"",""conf"":0.77978515625,""box"":[0.2775167642265979,0.5949172731570148,0.054533578418039186,0.05913913387905403]},{""id"":""R_36"",""cls"":""potted plant"",""conf"":0.548828125,""box"":[0.3489169388224872,0.5585255889965824,0.04293906022286627,0.04749735146519285]},{""id"":""R_43"",""cls"":""potted plant"",""conf"":0.87890625,""box"":[0.06609374999999999,0.6892708333333334,0.08861089394374706,0.12270833333333328]}]},""right"":{""boxes"":[{""id"":""RT_27"",""cls"":""potted plant"",""conf"":0.88720703125,""box"":[0.5498094630852595,0.716554257184787,0.12004968375535272,0.14783832246233228]},{""id"":""RT_33"",""cls"":""potted plant"",""conf"":0.7265625,""box"":[0.33340183212944224,0.5480833965010317,0.025165006342262198,0.02472497295581076]},{""id"":""RT_34"",""cls"":""potted plant"",""conf"":0.60205078125,""box"":[0.36464267689123064,0.5409398485738477,0.019214291456128095,0.02028084436666043]},{""id"":""RT_37"",""cls"":""potted plant"",""conf"":0.59619140625,""box"":[0.28472032962576854,0.558576611440673,0.0357062685665519,0.03387775204119639]},{""id"":""RT_28"",""cls"":""potted plant"",""conf"":0.83544921875,""box"":[0.202024759062479,0.5772344098023685,0.04676694037053879,0.04763247309410209]},{""id"":""RT_42"",""cls"":""potted plant"",""conf"":0.8662109375,""box"":[0.05541339079263632,0.6109547060895013,0.046907429288636324,0.07268768602593158]}]}}","[{""id"":""F_18"",""cls"":""vehicle"",""x"":40.11690902709961,""y"":-3.685270071029663,""distance"":40.32601318359375},{""id"":""R_13"",""cls"":""vehicle"",""x"":-12.477810859680176,""y"":0.16358643770217896,""distance"":12.621534442901611},{""id"":""R_13"",""cls"":""truck"",""x"":-12.477810859680176,""y"":0.16358643770217896,""distance"":12.621534442901611}]","[{""id"":""R_13"",""cls"":""vehicle"",""label"":""Car"",""dist_m"":12.622,""speed_mps"":1.11,""motion"":""approaching""},{""id"":""R_13"",""cls"":""truck"",""label"":""Truck"",""dist_m"":12.622,""speed_mps"":null,""motion"":""unknown""},{""id"":""F_18"",""cls"":""vehicle"",""label"":""Car"",""dist_m"":40.326,""speed_mps"":2.061,""motion"":""approaching""}]",frame_000041
"{""cam"":true,""radar"":true,""gnss"":true,""imu"":true,""lidar"":true}",165303260,3.1,258.9,22,9.5,"{""vehicle"":3,""person"":0,""cyclist"":0}",FALSE,"{""heading_deg"":270.29358953452913,""speed_mps"":2.0398733769717783,""accelerating"":false,""braking"":false,""turning_left"":false,""turning_right"":false,""world_x"":-17.910240173339844,""world_y"":0.09333155304193497}","{""front"":{""boxes"":[{""id"":""F_18"",""cls"":""car"",""conf"":0.84375,""box"":[0.45960854412199714,0.5255666487868668,0.02494468716424736,0.024040768356323326]}]},""left"":{""boxes"":[]},""rear"":{""boxes"":[{""id"":""R_13"",""cls"":""car"",""conf"":0.478515625,""box"":[0.49640290340615306,0.5635404583791929,0.09815090285891906,0.14684048380419348]},{""id"":""R_19"",""cls"":""potted plant"",""conf"":0.7265625,""box"":[0.32095507045951993,0.5383211908224531,0.023255331959956615,0.024424260628800928]},{""id"":""R_24"",""cls"":""potted plant"",""conf"":0.262939453125,""box"":[0.28610747488983074,0.5320058372630498,0.02035145472921367,0.022357937035457572]},{""id"":""R_25"",""cls"":""potted plant"",""conf"":0.75634765625,""box"":[0.29025076188546,0.5893692318128939,0.05124793205247835,0.05506462273707318]},{""id"":""R_36"",""cls"":""potted plant"",""conf"":0.6669921875,""box"":[0.3546840885690445,0.5557565312063046,0.04176609085320684,0.046981653786440286]},{""id"":""R_43"",""cls"":""potted plant"",""conf"":0.85693359375,""box"":[0.10251699780428367,0.6711771156416678,0.08118856181201094,0.11120172945568427]}]},""right"":{""boxes"":[{""id"":""RT_27"",""cls"":""potted plant"",""conf"":0.908203125,""box"":[0.6130954708528467,0.7164836082150969,0.12018623220774094,0.14691653553715392]},{""id"":""RT_33"",""cls"":""potted plant"",""conf"":0.6875,""box"":[0.3458232321390659,0.5478174910665377,0.024889832253967903,0.02455130354187721]},{""id"":""RT_34"",""cls"":""potted plant"",""conf"":0.640625,""box"":[0.374234745310431,0.541256573639879,0.018534958105986155,0.019610742052496733]},{""id"":""RT_37"",""cls"":""potted plant"",""conf"":0.482421875,""box"":[0.30058943521362214,0.5587286150599463,0.03526777437557982,0.033570410858002005]},{""id"":""RT_28"",""cls"":""potted plant"",""conf"":0.84716796875,""box"":[0.22327947560575287,0.5776697953505605,0.04581465628492469,0.046054919329524324]},{""id"":""RT_42"",""cls"":""potted plant"",""conf"":0.77978515625,""box"":[0.08940142659833468,0.6112250331201012,0.047038802700098435,0.07154939162384034]},{""id"":""RT_45"",""cls"":""potted plant"",""conf"":0.84814453125,""box"":[0.07713867187499998,0.7222916666666667,0.10731164913366338,0.14791666666666667]}]}}","[{""id"":""F_18"",""cls"":""vehicle"",""x"":39.45113754272461,""y"":-3.3384852409362793,""distance"":39.91001892089844},{""id"":""R_13"",""cls"":""vehicle"",""x"":-12.850921630859375,""y"":-0.11997008323669434,""distance"":13.007956409454346},{""id"":""R_13"",""cls"":""truck"",""x"":-12.850921630859375,""y"":-0.11997008323669434,""distance"":13.007956409454346}]","[{""id"":""R_13"",""cls"":""vehicle"",""label"":""Car"",""dist_m"":13.008,""speed_mps"":1.12,""motion"":""approaching""},{""id"":""R_13"",""cls"":""truck"",""label"":""Truck"",""dist_m"":13.008,""speed_mps"":null,""motion"":""unknown""},{""id"":""F_18"",""cls"":""vehicle"",""label"":""Car"",""dist_m"":39.91,""speed_mps"":2.029,""motion"":""approaching""}]",frame_000042
"{""cam"":true,""radar"":true,""gnss"":true,""imu"":true,""lidar"":true}",498799759,3.1,276.2,22,13.2,"{""vehicle"":3,""person"":0,""cyclist"":0}",FALSE,"{""heading_deg"":270.28096734494295,""speed_mps"":1.950867931191762,""accelerating"":false,""braking"":false,""turning_left"":false,""turning_right"":false,""world_x"":-18.560840606689453,""world_y"":0.09641451388597488}","{""front"":{""boxes"":[{""id"":""F_18"",""cls"":""car"",""conf"":0.830078125,""box"":[0.45892981410060346,0.5252998914827985,0.02626100783359293,0.025453933263418924]},{""id"":""F_38"",""cls"":""traffic light"",""conf"":0.62060546875,""box"":[0.7613611418259209,0.36445426059327063,0.012881557395249387,0.034206493509935085]}]},""left"":{""boxes"":[]},""rear"":{""boxes"":[{""id"":""R_13"",""cls"":""car"",""conf"":0.6298828125,""box"":[0.49794372158181155,0.5610132650103993,0.09478513524852694,0.14178528408772054]},{""id"":""R_19"",""cls"":""potted plant"",""conf"":0.67041015625,""box"":[0.32513056605624924,0.5373462714018439,0.023642412255911217,0.025027540134390354]},{""id"":""R_24"",""cls"":""potted plant"",""conf"":0.36669921875,""box"":[0.2899996953146817,0.5316440148526953,0.019839092929643566,0.021973394478516244]},{""id"":""R_25"",""cls"":""potted plant"",""conf"":0.71240234375,""box"":[0.3015030391394019,0.5848487484699741,0.047228995219318115,0.050186548391123985]},{""id"":""R_36"",""cls"":""potted plant"",""conf"":0.73388671875,""box"":[0.35995697763159357,0.5536203989165478,0.039582068482737265,0.045054469907816204]},{""id"":""R_43"",""cls"":""potted plant"",""conf"":0.84814453125,""box"":[0.1423925766382709,0.6542253455354569,0.07348145774216872,0.09919679120636857]}]},""right"":{""boxes"":[{""id"":""RT_27"",""cls"":""potted plant"",""conf"":0.9033203125,""box"":[0.6771736037984846,0.7169720010438297,0.12186288918672253,0.14759902254085708]},{""id"":""RT_33"",""cls"":""potted plant"",""conf"":0.6826171875,""box"":[0.35835623380106163,0.5477168499715288,0.02473548119487501,0.024487974012392163]},{""id"":""RT_34"",""cls"":""potted plant"",""conf"":0.501953125,""box"":[0.3839319341826446,0.5415505790842985,0.0179146149851086,0.019006595660132318]},{""id"":""RT_37"",""cls"":""potted plant"",""conf"":0.47265625,""box"":[0.31650384953064636,0.5574051780959934,0.036809577147482786,0.03552534793688255]},{""id"":""RT_28"",""cls"":""potted plant"",""conf"":0.8388671875,""box"":[0.24533734297518173,0.5773074249395089,0.04651558519745902,0.046511467604293935]},{""id"":""RT_42"",""cls"":""potted plant"",""conf"":0.8056640625,""box"":[0.12221654868973131,0.6108902967450542,0.04843680297590223,0.07201665443355836]},{""id"":""RT_45"",""cls"":""potted plant"",""conf"":0.88427734375,""box"":[0.13122831415651864,0.7211676217765043,0.10937440767702311,0.14952244508118434]}]}}","[{""id"":""F_18"",""cls"":""vehicle"",""x"":38.989585876464844,""y"":-2.8765807151794434,""distance"":39.19099578857422},{""id"":""R_13"",""cls"":""vehicle"",""x"":-13.165454864501953,""y"":0.23110540211200714,""distance"":13.315054416656494},{""id"":""R_13"",""cls"":""truck"",""x"":-13.165454864501953,""y"":0.23110540211200714,""distance"":13.315054416656494}]","[{""id"":""R_13"",""cls"":""vehicle"",""label"":""Car"",""dist_m"":13.315,""speed_mps"":0.943,""motion"":""approaching""},{""id"":""R_13"",""cls"":""truck"",""label"":""Truck"",""dist_m"":13.315,""speed_mps"":null,""motion"":""unknown""},{""id"":""F_18"",""cls"":""vehicle"",""label"":""Car"",""dist_m"":39.191,""speed_mps"":1.942,""motion"":""approaching""}]",frame_000043
"{""cam"":true,""radar"":true,""gnss"":true,""imu"":true,""lidar"":true}",832104881,3.1,280.8,18,10.3,"{""vehicle"":3,""person"":0,""cyclist"":0}",FALSE,"{""heading_deg"":270.2605860604597,""speed_mps"":1.8414006107370404,""accelerating"":false,""braking"":true,""turning_left"":false,""turning_right"":false,""world_x"":-19.174583435058594,""world_y"":0.09898829460144043}","{""front"":{""boxes"":[{""id"":""F_18"",""cls"":""car"",""conf"":0.85107421875,""box"":[0.45855355354764027,0.5266824040770082,0.024688416062384012,0.023671144073113423]},{""id"":""F_38"",""cls"":""traffic light"",""conf"":0.67236328125,""box"":[0.7675887824410876,0.3607109327094804,0.012411055264050485,0.03337981041764048]}]},""left"":{""boxes"":[]},""rear"":{""boxes"":[{""id"":""R_13"",""cls"":""car"",""conf"":0.607421875,""box"":[0.4978327062132803,0.5601533044256063,0.09208846854725436,0.13793713506492988]},{""id"":""R_19"",""cls"":""potted plant"",""conf"":0.71044921875,""box"":[0.3292061668286566,0.5359762424204905,0.023669483978645857,0.02525721424807988]},{""id"":""R_24"",""cls"":""potted plant"",""conf"":0.287841796875,""box"":[0.293596218395747,0.5313594967834112,0.01979266756643998,0.022191492612153616]},{""id"":""R_25"",""cls"":""potted plant"",""conf"":0.61669921875,""box"":[0.3107521064738045,0.5814385313448727,0.046279547345799844,0.048855556066508515]},{""id"":""R_36"",""cls"":""potted plant"",""conf"":0.78271484375,""box"":[0.36470999278375776,0.5519050403327314,0.03789023645087175,0.043645045331267576]},{""id"":""R_43"",""cls"":""potted plant"",""conf"":0.80908203125,""box"":[0.17347700011192374,0.6410346226849739,0.0679625977027547,0.09021097529222608]}]},""right"":{""boxes"":[{""id"":""RT_27"",""cls"":""potted plant"",""conf"":0.87060546875,""box"":[0.740026307288656,0.7171523736913232,0.12318856893810678,0.14716393577548756]},{""id"":""RT_33"",""cls"":""potted plant"",""conf"":0.70751953125,""box"":[0.370394592804005,0.5473326207835749,0.024630851961891586,0.024466062429977717]},{""id"":""RT_34"",""cls"":""potted plant"",""conf"":0.6513671875,""box"":[0.39460460615195964,0.5407787721719455,0.01924087949663602,0.02054284124332207]},{""id"":""RT_37"",""cls"":""potted plant"",""conf"":0.55078125,""box"":[0.3314207494859694,0.5557399274673178,0.03937264416893429,0.03860181581771668]},{""id"":""RT_28"",""cls"":""potted plant"",""conf"":0.8408203125,""box"":[0.26672087889365736,0.577346016541703,0.04658033815186302,0.04633941256612317]},{""id"":""RT_42"",""cls"":""potted plant"",""conf"":0.87060546875,""box"":[0.15432513208177928,0.6107698965623497,0.04930858335185713,0.07144064009928451]},{""id"":""RT_45"",""cls"":""potted plant"",""conf"":0.87841796875,""box"":[0.19695999799956346,0.7203878295346908,0.11140804968450538,0.15086668595379724]}]}}","[{""id"":""F_18"",""cls"":""vehicle"",""x"":37.903865814208984,""y"":-3.4819798469543457,""distance"":38.29457015991211},{""id"":""R_13"",""cls"":""vehicle"",""x"":-13.334728240966797,""y"":0.11747656762599945,""distance"":13.489633560180664},{""id"":""R_13"",""cls"":""truck"",""x"":-13.334728240966797,""y"":0.11747656762599945,""distance"":13.489633560180664}]","[{""id"":""R_13"",""cls"":""vehicle"",""label"":""Car"",""dist_m"":13.49,""speed_mps"":0.508,""motion"":""approaching""},{""id"":""R_13"",""cls"":""truck"",""label"":""Truck"",""dist_m"":13.49,""speed_mps"":null,""motion"":""unknown""},{""id"":""F_18"",""cls"":""vehicle"",""label"":""Car"",""dist_m"":38.295,""speed_mps"":1.832,""motion"":""approaching""}]",frame_000044
"{""cam"":true,""radar"":true,""gnss"":true,""imu"":true,""lidar"":true}",165349474,3,325.8,18,9,"{""vehicle"":3,""person"":0,""cyclist"":0}",FALSE,"{""heading_deg"":270.24433021023503,""speed_mps"":1.5310780916758542,""accelerating"":false,""braking"":true,""turning_left"":false,""turning_right"":false,""world_x"":-19.684803009033203,""world_y"":0.10096292197704315}","{""front"":{""boxes"":[{""id"":""F_18"",""cls"":""car"",""conf"":0.8310546875,""box"":[0.45804318446626074,0.5272328079214856,0.02477676356588061,0.02359831669181638]}]},""left"":{""boxes"":[]},""rear"":{""boxes"":[{""id"":""R_13"",""cls"":""car"",""conf"":0.6259765625,""box"":[0.49858084332692004,0.5595476018088156,0.09031732513219115,0.13525386327498504]},{""id"":""R_19"",""cls"":""potted plant"",""conf"":0.61328125,""box"":[0.3326663837847927,0.5358361404565186,0.022402206763243983,0.02397444341633932]},{""id"":""R_25"",""cls"":""potted plant"",""conf"":0.72021484375,""box"":[0.31921972569542595,0.5781098601093949,0.04440096169051113,0.046699246599263354]},{""id"":""R_36"",""cls"":""potted plant"",""conf"":0.81298828125,""box"":[0.36860714004959655,0.5506866330183428,0.035913467433461355,0.04174053103050828]},{""id"":""R_43"",""cls"":""potted plant"",""conf"":0.74609375,""box"":[0.19803534123113506,0.6295988086929785,0.06393560522542444,0.08337137868442782]}]},""right"":{""boxes"":[{""id"":""RT_27"",""cls"":""potted plant"",""conf"":0.89013671875,""box"":[0.7994561799405435,0.7175608458019601,0.12527233534086973,0.1469944637282726]},{""id"":""RT_33"",""cls"":""potted plant"",""conf"":0.68408203125,""box"":[0.38164766150120744,0.5473614148797484,0.02419484879808085,0.024114088103544398]},{""id"":""RT_34"",""cls"":""potted plant"",""conf"":0.611328125,""box"":[0.4041302351749767,0.5399991112598853,0.02033499927081226,0.022099487921433732]},{""id"":""RT_37"",""cls"":""potted plant"",""conf"":0.5849609375,""box"":[0.34685593154441674,0.5562589513106537,0.03765367871118106,0.03746792912382837]},{""id"":""RT_28"",""cls"":""potted plant"",""conf"":0.80810546875,""box"":[0.28682335387493846,0.5771855906003921,0.046978813629198646,0.04662930894486325]},{""id"":""RT_42"",""cls"":""potted plant"",""conf"":0.89306640625,""box"":[0.1846353577626874,0.6107223626927073,0.05054846293585884,0.07126171641926042]},{""id"":""RT_45"",""cls"":""potted plant"",""conf"":0.77734375,""box"":[0.2593685891434273,0.719202753037988,0.11250905472912365,0.15085866579917612]}]}}","[{""id"":""F_18"",""cls"":""vehicle"",""x"":37.42129898071289,""y"":-3.166710376739502,""distance"":37.60246353149414},{""id"":""R_13"",""cls"":""vehicle"",""x"":-13.428821563720703,""y"":0.020923972129821777,""distance"":13.601323127746582},{""id"":""R_13"",""cls"":""truck"",""x"":-13.428821563720703,""y"":0.020923972129821777,""distance"":13.601323127746582}]","[{""id"":""R_13"",""cls"":""vehicle"",""label"":""Car"",""dist_m"":13.601,""speed_mps"":0.282,""motion"":""approaching""},{""id"":""R_13"",""cls"":""truck"",""label"":""Truck"",""dist_m"":13.601,""speed_mps"":null,""motion"":""unknown""},{""id"":""F_18"",""cls"":""vehicle"",""label"":""Car"",""dist_m"":37.602,""speed_mps"":1.519,""motion"":""approaching""}]",frame_000045
"{""cam"":true,""radar"":true,""gnss"":true,""imu"":true,""lidar"":true}",498684905,3.1,254,24,11.5,"{""vehicle"":3,""person"":0,""cyclist"":0}",FALSE,"{""heading_deg"":270.23700824744475,""speed_mps"":0.7475981861226942,""accelerating"":false,""braking"":true,""turning_left"":false,""turning_right"":false,""world_x"":-19.934001922607422,""world_y"":0.10187777131795883}","{""front"":{""boxes"":[{""id"":""F_18"",""cls"":""car"",""conf"":0.84814453125,""box"":[0.4577382474170723,0.5274263922385473,0.024319726710960943,0.022882403590143655]}]},""left"":{""boxes"":[]},""rear"":{""boxes"":[{""id"":""R_13"",""cls"":""car"",""conf"":0.58154296875,""box"":[0.49777837123568214,0.55956048563588,0.08886484260718674,0.13334666766559522]},{""id"":""R_19"",""cls"":""potted plant"",""conf"":0.5234375,""box"":[0.3356833524185257,0.5360101611856704,0.021559576221734787,0.023145251563242358]},{""id"":""R_25"",""cls"":""potted plant"",""conf"":0.6279296875,""box"":[0.32590911649857857,0.575957281750572,0.042978771536383006,0.04505428975736313]},{""id"":""R_36"",""cls"":""potted plant"",""conf"":0.75341796875,""box"":[0.37218711344710836,0.5503667265673082,0.034946359183897345,0.0410802321911523]},{""id"":""R_43"",""cls"":""potted plant"",""conf"":0.84375,""box"":[0.21571372326678095,0.6220292690502923,0.06063036338329786,0.07747537594969305]}]},""right"":{""boxes"":[{""id"":""RT_27"",""cls"":""potted plant"",""conf"":0.884765625,""box"":[0.8511348577051615,0.7180545156661128,0.127826025692276,0.14692835584372202]},{""id"":""RT_33"",""cls"":""potted plant"",""conf"":0.70556640625,""box"":[0.391755952898974,0.5472002864443153,0.02421834879811522,0.02433085880596373]},{""id"":""RT_37"",""cls"":""potted plant"",""conf"":0.67578125,""box"":[0.35971082907985097,0.5554719567375059,0.03856668074443022,0.03901065633383792]},{""id"":""RT_28"",""cls"":""potted plant"",""conf"":0.83349609375,""box"":[0.30496354872508424,0.5771243090259858,0.04706118319809631,0.046744271264240925]},{""id"":""RT_42"",""cls"":""potted plant"",""conf"":0.90185546875,""box"":[0.2113186538712845,0.6097965517112527,0.052504554841086806,0.07230514242567725]},{""id"":""RT_45"",""cls"":""potted plant"",""conf"":0.875,""box"":[0.3120485609695042,0.7192195360749783,0.11409738616033312,0.1515562406706452]}]}}","[{""id"":""F_18"",""cls"":""vehicle"",""x"":37.41856384277344,""y"":-2.895887613296509,""distance"":37.55654182434082},{""id"":""R_13"",""cls"":""vehicle"",""x"":-13.19783878326416,""y"":0.10232879221439362,""distance"":13.368568897247314},{""id"":""R_13"",""cls"":""truck"",""x"":-13.19783878326416,""y"":0.10232879221439362,""distance"":13.368568897247314}]","[{""id"":""R_13"",""cls"":""vehicle"",""label"":""Car"",""dist_m"":13.369,""speed_mps"":0.693,""motion"":""receding""},{""id"":""R_13"",""cls"":""truck"",""label"":""Truck"",""dist_m"":13.369,""speed_mps"":null,""motion"":""unknown""},{""id"":""F_18"",""cls"":""vehicle"",""label"":""Car"",""dist_m"":37.557,""speed_mps"":0.738,""motion"":""approaching""}]",frame_000046
"{""cam"":true,""radar"":true,""gnss"":true,""imu"":true,""lidar"":true}",832036581,3.1,257.5,24,9.8,"{""vehicle"":3,""person"":0,""cyclist"":0}",FALSE,"{""heading_deg"":270.2363798700411,""speed_mps"":0.07733659671729923,""accelerating"":false,""braking"":true,""turning_left"":false,""turning_right"":false,""world_x"":-19.959781646728516,""world_y"":0.10196349769830704}","{""front"":{""boxes"":[{""id"":""F_18"",""cls"":""car"",""conf"":0.83447265625,""box"":[0.457512680820645,0.5271380283548023,0.024319959773528056,0.022599349663760707]}]},""left"":{""boxes"":[]},""rear"":{""boxes"":[{""id"":""R_13"",""cls"":""car"",""conf"":0.509765625,""box"":[0.4973447863193858,0.5615573513788381,0.08970831869964338,0.13524820526400252]},{""id"":""R_19"",""cls"":""potted plant"",""conf"":0.525390625,""box"":[0.3373541138473386,0.5371636800510029,0.021214868459320392,0.0228601756124957]},{""id"":""R_25"",""cls"":""potted plant"",""conf"":0.673828125,""box"":[0.3296483488378773,0.5752680537157383,0.04294890952729365,0.04503037128356932]},{""id"":""R_36"",""cls"":""potted plant"",""conf"":0.7578125,""box"":[0.37428309679697136,0.5506892804871563,0.0343542225652107,0.04087387194133469]},{""id"":""R_43"",""cls"":""potted plant"",""conf"":0.810546875,""box"":[0.22552114717248886,0.61985045734057,0.059214167058175435,0.07418787970921947]}]},""right"":{""boxes"":[{""id"":""RT_27"",""cls"":""potted plant"",""conf"":0.84814453125,""box"":[0.8830431102199465,0.7194403010061182,0.132324419651456,0.1493138053348852]},{""id"":""RT_33"",""cls"":""potted plant"",""conf"":0.74755859375,""box"":[0.39811703155157546,0.5471417038333084,0.02351412386892946,0.023724305106866222]},{""id"":""RT_37"",""cls"":""potted plant"",""conf"":0.673828125,""box"":[0.3677563053711702,0.5555190398699235,0.037477279963007384,0.0382358496898244]},{""id"":""RT_28"",""cls"":""potted plant"",""conf"":0.767578125,""box"":[0.3162839637921464,0.5764109574529115,0.04694949013592473,0.04679291530478255]},{""id"":""RT_42"",""cls"":""potted plant"",""conf"":0.88232421875,""box"":[0.22719910677494343,0.6098207571006723,0.05362105299294133,0.07197962052469874]},{""id"":""RT_45"",""cls"":""potted plant"",""conf"":0.896484375,""box"":[0.34359931008751293,0.7192612951208266,0.11586285440292202,0.15249628608441057]},{""id"":""RT_34"",""cls"":""potted plant"",""conf"":0.638671875,""box"":[0.4171990664594031,0.5392342571007003,0.02117027236975657,0.02357461599260778]}]}}","[{""id"":""F_18"",""cls"":""vehicle"",""x"":37.30073547363281,""y"":-3.4265758991241455,""distance"":37.496533203125},{""id"":""R_13"",""cls"":""vehicle"",""x"":-12.773523330688477,""y"":0.0853281021118164,""distance"":12.936172485351562},{""id"":""R_13"",""cls"":""truck"",""x"":-12.773523330688477,""y"":0.0853281021118164,""distance"":12.936172485351562}]","[{""id"":""R_13"",""cls"":""vehicle"",""label"":""Car"",""dist_m"":12.936,""speed_mps"":1.273,""motion"":""receding""},{""id"":""R_13"",""cls"":""truck"",""label"":""Truck"",""dist_m"":12.936,""speed_mps"":null,""motion"":""unknown""},{""id"":""F_18"",""cls"":""vehicle"",""label"":""Car"",""dist_m"":37.497,""speed_mps"":0.076,""motion"":""stationary""}]",frame_000047
"{""cam"":true,""radar"":true,""gnss"":true,""imu"":true,""lidar"":true}",165345907,3.1,308,24,10.8,"{""vehicle"":3,""person"":0,""cyclist"":0}",FALSE,"{""heading_deg"":270.2363798700411,""speed_mps"":0.008372854374970047,""accelerating"":false,""braking"":false,""turning_left"":false,""turning_right"":false,""world_x"":-19.957019805908203,""world_y"":0.10195355117321014}","{""front"":{""boxes"":[{""id"":""F_18"",""cls"":""car"",""conf"":0.82666015625,""box"":[0.4574440218984604,0.5268463534656737,0.024790598291324885,0.022835548296238056]},{""id"":""F_54"",""cls"":""traffic light"",""conf"":0.57373046875,""box"":[0.794296875,0.3440364583333333,0.00969860303716743,0.03744791666666666]},{""id"":""F_55"",""cls"":""traffic light"",""conf"":0.7216796875,""box"":[0.868203125,0.3063020833333333,0.019618930907921238,0.046041666666666654]}]},""left"":{""boxes"":[]},""rear"":{""boxes"":[{""id"":""R_13"",""cls"":""car"",""conf"":0.62255859375,""box"":[0.49718419395617613,0.5638780971575997,0.09191985064765058,0.13915547254859315]},{""id"":""R_19"",""cls"":""potted plant"",""conf"":0.51953125,""box"":[0.33802935856382155,0.5376000446071537,0.02048150860618656,0.022068729104175885]},{""id"":""R_25"",""cls"":""potted plant"",""conf"":0.673828125,""box"":[0.33098156621366054,0.5753532657810116,0.043292365489217,0.045482156508427705]},{""id"":""R_36"",""cls"":""potted plant"",""conf"":0.75341796875,""box"":[0.37499795613866926,0.5508828135787395,0.03397235831708358,0.04082826643322234]},{""id"":""R_43"",""cls"":""potted plant"",""conf"":0.82421875,""box"":[0.22794304084516886,0.6194424790747043,0.06009653361314245,0.07388577951871168]}]},""right"":{""boxes"":[{""id"":""RT_27"",""cls"":""potted plant"",""conf"":0.88330078125,""box"":[0.895313959990976,0.7197821530830166,0.13514693361112612,0.1498640500973057]},{""id"":""RT_33"",""cls"":""potted plant"",""conf"":0.740234375,""box"":[0.4003440881901407,0.5471217219273041,0.02312402892473244,0.023496075600299447]},{""id"":""RT_37"",""cls"":""potted plant"",""conf"":0.658203125,""box"":[0.37055880326676194,0.5562386370305271,0.03631393378236414,0.03721647258790538]},{""id"":""RT_28"",""cls"":""potted plant"",""conf"":0.75927734375,""box"":[0.3204427337907728,0.5761423517281185,0.04682682800818938,0.04681545033859204]},{""id"":""RT_42"",""cls"":""potted plant"",""conf"":0.87646484375,""box"":[0.23313174217253688,0.609836266525322,0.055222048893584175,0.07257212172484877]},{""id"":""RT_45"",""cls"":""potted plant"",""conf"":0.8896484375,""box"":[0.35399119760013714,0.7193025382128287,0.11717440496344422,0.15279978090415522]},{""id"":""RT_34"",""cls"":""potted plant"",""conf"":0.607421875,""box"":[0.41945294809365635,0.5383844517735857,0.021984221039992313,0.02523399804792342]}]}}","[{""id"":""F_18"",""cls"":""vehicle"",""x"":37.377620697021484,""y"":-3.2983169555664062,""distance"":37.550747299194335},{""id"":""R_13"",""cls"":""vehicle"",""x"":-12.303290367126465,""y"":0.11365918815135956,""distance"":12.47115879058838},{""id"":""R_13"",""cls"":""truck"",""x"":-12.303290367126465,""y"":0.11365918815135956,""distance"":12.47115879058838}]","[{""id"":""R_13"",""cls"":""vehicle"",""label"":""Car"",""dist_m"":12.471,""speed_mps"":1.411,""motion"":""receding""},{""id"":""R_13"",""cls"":""truck"",""label"":""Truck"",""dist_m"":12.471,""speed_mps"":null,""motion"":""unknown""},{""id"":""F_18"",""cls"":""vehicle"",""label"":""Car"",""dist_m"":37.551,""speed_mps"":0.003,""motion"":""stationary""}]",frame_000048
"{""cam"":true,""radar"":true,""gnss"":true,""imu"":true,""lidar"":true}",498698241,3.1,226.5,24,8.4,"{""vehicle"":2,""person"":0,""cyclist"":0}",FALSE,"{""heading_deg"":270.2363798700411,""speed_mps"":0.004078450928496561,""accelerating"":false,""braking"":false,""turning_left"":false,""turning_right"":false,""world_x"":-19.95569610595703,""world_y"":0.1019497662782669}","{""front"":{""boxes"":[{""id"":""F_18"",""cls"":""car"",""conf"":0.83447265625,""box"":[0.45743106135934947,0.5260436123701913,0.027642155014465077,0.025664916204158967]},{""id"":""F_54"",""cls"":""traffic light"",""conf"":0.64794921875,""box"":[0.7944755447516855,0.3446121719776534,0.009602098605806741,0.037090577163295536]},{""id"":""F_55"",""cls"":""traffic light"",""conf"":0.70263671875,""box"":[0.8683233823846728,0.30736435689794217,0.0194673931324596,0.04568089451264855]}]},""left"":{""boxes"":[]},""rear"":{""boxes"":[{""id"":""R_13"",""cls"":""car"",""conf"":0.708984375,""box"":[0.4980271195303338,0.565789124237451,0.09507430659775765,0.1441106289182184]},{""id"":""R_19"",""cls"":""potted plant"",""conf"":0.466796875,""box"":[0.33811368246032,0.5370728494898416,0.020761280803087832,0.02250523650235176]},{""id"":""R_25"",""cls"":""potted plant"",""conf"":0.67724609375,""box"":[0.3311194343087921,0.5747986716317075,0.04337787422162705,0.045731355512849466]},{""id"":""R_36"",""cls"":""potted plant"",""conf"":0.75341796875,""box"":[0.3750924988474309,0.5508457620815567,0.03388462910260812,0.041188854782479405]},{""id"":""R_43"",""cls"":""potted plant"",""conf"":0.79443359375,""box"":[0.22803977908724887,0.6188460110541959,0.061343821183406554,0.07399405117146547]}]},""right"":{""boxes"":[{""id"":""RT_27"",""cls"":""potted plant"",""conf"":0.8857421875,""box"":[0.8981969466784074,0.7188706868101443,0.13744908691381957,0.1500622910871718]},{""id"":""RT_33"",""cls"":""potted plant"",""conf"":0.73876953125,""box"":[0.40084634583651013,0.5471160746919501,0.02289669501436222,0.02341593058086945]},{""id"":""RT_37"",""cls"":""potted plant"",""conf"":0.6689453125,""box"":[0.37092644145688175,0.5566975591990406,0.035534590079725835,0.03646544258046222]},{""id"":""RT_28"",""cls"":""potted plant"",""conf"":0.78125,""box"":[0.32141677225969334,0.5763886928891101,0.046744712135800226,0.04682745105214027]},{""id"":""RT_42"",""cls"":""potted plant"",""conf"":0.87158203125,""box"":[0.23386606673913618,0.6101961345407124,0.05658981494439832,0.07279412103793265]},{""id"":""RT_45"",""cls"":""potted plant"",""conf"":0.87060546875,""box"":[0.35573020033784375,0.7191610935144216,0.11810378561403097,0.15252197496493985]},{""id"":""RT_34"",""cls"":""potted plant"",""conf"":0.60205078125,""box"":[0.42025665785982536,0.5377418163175639,0.022394471258199645,0.026505121432269144]}]}}","[{""id"":""F_18"",""cls"":""vehicle"",""x"":37.19850540161133,""y"":-2.8788578510284424,""distance"":37.41124382019043},{""id"":""R_13"",""cls"":""vehicle"",""x"":-11.831558227539062,""y"":0.10694020241498947,""distance"":11.97262134552002}]","[{""id"":""R_13"",""cls"":""vehicle"",""label"":""Car"",""dist_m"":11.973,""speed_mps"":1.415,""motion"":""receding""},{""id"":""F_18"",""cls"":""vehicle"",""label"":""Car"",""dist_m"":37.411,""speed_mps"":0.0,""motion"":""stationary""}]",frame_000049
"{""cam"":true,""radar"":true,""gnss"":true,""imu"":true,""lidar"":true}",832029916,3.2,237.3,24,8.2,"{""vehicle"":3,""person"":0,""cyclist"":0}",FALSE,"{""heading_deg"":270.2437837951014,""speed_mps"":0.06055627116274013,""accelerating"":false,""braking"":false,""turning_left"":false,""turning_right"":false,""world_x"":-19.975879669189453,""world_y"":0.10199239104986191}","{""front"":{""boxes"":[{""id"":""F_18"",""cls"":""car"",""conf"":0.822265625,""box"":[0.45754861354251375,0.5267330532876976,0.02731504419576236,0.025393697651279842]},{""id"":""F_54"",""cls"":""traffic light"",""conf"":0.6318359375,""box"":[0.7945369397875988,0.3455190424105924,0.009716221245368395,0.03757553736337051]},{""id"":""F_55"",""cls"":""traffic light"",""conf"":0.7265625,""box"":[0.8683637032197151,0.3079238359875164,0.01991988571343466,0.04677980228773257]}]},""left"":{""boxes"":[]},""rear"":{""boxes"":[{""id"":""R_13"",""cls"":""car"",""conf"":0.6259765625,""box"":[0.4991107423438727,0.5680533914285845,0.09931935114331872,0.15045678045678693]},{""id"":""R_25"",""cls"":""potted plant"",""conf"":0.673828125,""box"":[0.33071634597731897,0.5741930718115349,0.043077962636621156,0.04555117391401697]},{""id"":""R_36"",""cls"":""potted plant"",""conf"":0.76220703125,""box"":[0.37472985443622153,0.5505372459014951,0.03365738048495794,0.04134304513387761]},{""id"":""R_43"",""cls"":""potted plant"",""conf"":0.80908203125,""box"":[0.2275489763486444,0.6181843592868334,0.06268668077383455,0.07422839538771295]}]},""right"":{""boxes"":[{""id"":""RT_27"",""cls"":""potted plant"",""conf"":0.884765625,""box"":[0.8978408186784179,0.71816978807423,0.13901172655139984,0.14943872945486505]},{""id"":""RT_33"",""cls"":""potted plant"",""conf"":0.73876953125,""box"":[0.400541372834294,0.5469422003895656,0.02308462900594943,0.02373755983010201]},{""id"":""RT_37"",""cls"":""potted plant"",""conf"":0.63330078125,""box"":[0.3710364985294312,0.557222451028536,0.03513497717073268,0.03617356326118586]},{""id"":""RT_28"",""cls"":""potted plant"",""conf"":0.7734375,""box"":[0.32143788249534594,0.5764847939028513,0.04664852038997376,0.04683499234940065]},{""id"":""RT_42"",""cls"":""potted plant"",""conf"":0.880859375,""box"":[0.23315689821567864,0.6101596480108771,0.058044190617360325,0.07322652531414088]},{""id"":""RT_45"",""cls"":""potted plant"",""conf"":0.87890625,""box"":[0.35437250671604903,0.7193020171302658,0.11939518642302867,0.15274302553813304]}]}}","[{""id"":""F_18"",""cls"":""vehicle"",""x"":37.53131866455078,""y"":-3.4477574825286865,""distance"":37.90987701416016},{""id"":""R_13"",""cls"":""vehicle"",""x"":-11.452834129333496,""y"":-0.10511961579322815,""distance"":11.611343383789062},{""id"":""R_13"",""cls"":""truck"",""x"":-11.452834129333496,""y"":-0.10511961579322815,""distance"":11.611343383789062}]","[{""id"":""R_13"",""cls"":""vehicle"",""label"":""Car"",""dist_m"":11.611,""speed_mps"":1.136,""motion"":""receding""},{""id"":""R_13"",""cls"":""truck"",""label"":""Truck"",""dist_m"":11.611,""speed_mps"":null,""motion"":""unknown""},{""id"":""F_18"",""cls"":""vehicle"",""label"":""Car"",""dist_m"":37.91,""speed_mps"":0.064,""motion"":""stationary""}]",frame_000050
"{""cam"":true,""radar"":true,""gnss"":true,""imu"":true,""lidar"":true}",165331823,3.1,218,24,8,"{""vehicle"":2,""person"":0,""cyclist"":0}",FALSE,"{""heading_deg"":270.2760222879839,""speed_mps"":0.17646258950478194,""accelerating"":true,""braking"":false,""turning_left"":false,""turning_right"":false,""world_x"":-20.03469467163086,""world_y"":0.1020442545413971}","{""front"":{""boxes"":[{""id"":""F_18"",""cls"":""car"",""conf"":0.82666015625,""box"":[0.4573656679222985,0.5275225365774876,0.026822193264485872,0.02491470914170358]},{""id"":""F_54"",""cls"":""traffic light"",""conf"":0.607421875,""box"":[0.7945515709719557,0.3460774703537562,0.009571104510455442,0.037154388046175116]},{""id"":""F_55"",""cls"":""traffic light"",""conf"":0.7490234375,""box"":[0.8683733365986204,0.308554656350764,0.019814170063926363,0.046549747512317136]}]},""left"":{""boxes"":[]},""rear"":{""boxes"":[{""id"":""R_13"",""cls"":""car"",""conf"":0.70263671875,""box"":[0.49913829980656654,0.5700993344352623,0.10340948480206373,0.15661027032414707]},{""id"":""R_25"",""cls"":""potted plant"",""conf"":0.6259765625,""box"":[0.33001400748610826,0.5733832366531424,0.04297183948100689,0.04556267347305851]},{""id"":""R_36"",""cls"":""potted plant"",""conf"":0.77197265625,""box"":[0.37446223494307695,0.549953040010042,0.033605542377106,0.041766878728688714]},{""id"":""R_43"",""cls"":""potted plant"",""conf"":0.79296875,""box"":[0.2269078344092863,0.6176388587440338,0.06375658451615858,0.07410921125692269]}]},""right"":{""boxes"":[{""id"":""RT_27"",""cls"":""potted plant"",""conf"":0.89990234375,""box"":[0.8974045672265708,0.7175529452160324,0.14067652711284814,0.14919080036482532]},{""id"":""RT_33"",""cls"":""potted plant"",""conf"":0.74609375,""box"":[0.4003919365516956,0.5472231193671677,0.023033880407895956,0.023860705586235417]},{""id"":""RT_37"",""cls"":""potted plant"",""conf"":0.6259765625,""box"":[0.3708580734676291,0.5582854898933471,0.03398135383315215,0.035023095378117]},{""id"":""RT_28"",""cls"":""potted plant"",""conf"":0.76611328125,""box"":[0.3209635650319034,0.5768674804056608,0.04663459051527452,0.04684046707025461]},{""id"":""RT_42"",""cls"":""potted plant"",""conf"":0.87255859375,""box"":[0.23332282240973362,0.6104940239401573,0.05921629291426691,0.07338748324047942]},{""id"":""RT_45"",""cls"":""potted plant"",""conf"":0.8955078125,""box"":[0.3540214546988785,0.718842899096222,0.12080625668331199,0.15315361491017812]}]}}","[{""id"":""F_18"",""cls"":""vehicle"",""x"":37.56317901611328,""y"":-3.1787211894989014,""distance"":37.86022872924805},{""id"":""R_13"",""cls"":""vehicle"",""x"":-11.12428092956543,""y"":-0.08904529362916946,""distance"":11.297963905334473}]","[{""id"":""R_13"",""cls"":""vehicle"",""label"":""Car"",""dist_m"":11.298,""speed_mps"":0.986,""motion"":""receding""},{""id"":""F_18"",""cls"":""vehicle"",""label"":""Car"",""dist_m"":37.86,""speed_mps"":0.178,""motion"":""stationary""}]",frame_000051
"{""cam"":true,""radar"":true,""gnss"":true,""imu"":true,""lidar"":true}",498689603,3.1,210.9,14,9.1,"{""vehicle"":2,""person"":0,""cyclist"":0}",FALSE,"{""heading_deg"":270.3167028946805,""speed_mps"":0.33716568272583974,""accelerating"":true,""braking"":false,""turning_left"":false,""turning_right"":false,""world_x"":-20.147090911865234,""world_y"":0.10237035900354385}","{""front"":{""boxes"":[{""id"":""F_18"",""cls"":""car"",""conf"":0.8115234375,""box"":[0.4570507076390056,0.5276492980890258,0.026943017406672886,0.025057986778650766]},{""id"":""F_54"",""cls"":""traffic light"",""conf"":0.546875,""box"":[0.7951191673554723,0.34538283860430435,0.009938431544984638,0.03871039591771179]},{""id"":""F_55"",""cls"":""traffic light"",""conf"":0.74462890625,""box"":[0.8686560929722986,0.3085476582205568,0.01994951022804319,0.046829612082291604]}]},""left"":{""boxes"":[]},""rear"":{""boxes"":[{""id"":""R_13"",""cls"":""car"",""conf"":0.78125,""box"":[0.49888882769191456,0.5723965145101455,0.10731079931110248,0.1626837866756093]},{""id"":""R_25"",""cls"":""potted plant"",""conf"":0.6259765625,""box"":[0.3298665450091205,0.5730087664354255,0.04262175273811732,0.04527513283343474]},{""id"":""R_36"",""cls"":""potted plant"",""conf"":0.763671875,""box"":[0.3743888478123403,0.5492596760941832,0.03358608999046542,0.0422844993482786]},{""id"":""R_43"",""cls"":""potted plant"",""conf"":0.82763671875,""box"":[0.2269940388612212,0.6171067835716009,0.06463805445930412,0.07384494460822388]}]},""right"":{""boxes"":[{""id"":""RT_27"",""cls"":""potted plant"",""conf"":0.90185546875,""box"":[0.8991072494703956,0.717489380908262,0.14257486032283245,0.14943403475810915]},{""id"":""RT_33"",""cls"":""potted plant"",""conf"":0.7490234375,""box"":[0.4007348882042591,0.5475035833982773,0.023249285874647186,0.024254117639522357]},{""id"":""RT_37"",""cls"":""potted plant"",""conf"":0.62255859375,""box"":[0.3711544812818774,0.5583410647143072,0.033484264932981886,0.03458220581555598]},{""id"":""RT_28"",""cls"":""potted plant"",""conf"":0.74462890625,""box"":[0.32145443040974175,0.5768406348842655,0.04685959428653681,0.04718925870666505]},{""id"":""RT_42"",""cls"":""potted plant"",""conf"":0.90576171875,""box"":[0.234151030560016,0.6107938274327751,0.05946496545681042,0.0724068236714024]},{""id"":""RT_45"",""cls"":""potted plant"",""conf"":0.900390625,""box"":[0.3563488283077176,0.7190312582029982,0.12186737832725222,0.15328733812486336]}]}}","[{""id"":""F_18"",""cls"":""vehicle"",""x"":36.941524505615234,""y"":-3.795522928237915,""distance"":37.2360481262207},{""id"":""R_13"",""cls"":""vehicle"",""x"":-10.918086051940918,""y"":0.09491973370313644,""distance"":11.131210136413575}]","[{""id"":""R_13"",""cls"":""vehicle"",""label"":""Car"",""dist_m"":11.131,""speed_mps"":0.619,""motion"":""receding""},{""id"":""F_18"",""cls"":""vehicle"",""label"":""Car"",""dist_m"":37.236,""speed_mps"":0.337,""motion"":""stationary""}]",frame_000052
"{""cam"":true,""radar"":true,""gnss"":true,""imu"":true,""lidar"":true}",832083161,3.1,242.5,14,8.6,"{""vehicle"":3,""person"":0,""cyclist"":0}",FALSE,"{""heading_deg"":270.30525549763155,""speed_mps"":0.5101282472106491,""accelerating"":true,""braking"":false,""turning_left"":false,""turning_right"":false,""world_x"":-20.317161560058594,""world_y"":0.1033453568816185}","{""front"":{""boxes"":[{""id"":""F_18"",""cls"":""car"",""conf"":0.8017578125,""box"":[0.45668514940943405,0.5280312412135505,0.02766357739703631,0.025785573629239642]},{""id"":""F_55"",""cls"":""traffic light"",""conf"":0.75634765625,""box"":[0.8709460820724935,0.3077893040806804,0.020005167683926038,0.04691809782196223]},{""id"":""F_38"",""cls"":""traffic light"",""conf"":0.56201171875,""box"":[0.7973087633490146,0.34465640157873584,0.013796703023795587,0.039098864680924154]}]},""left"":{""boxes"":[]},""rear"":{""boxes"":[{""id"":""R_13"",""cls"":""car"",""conf"":0.6806640625,""box"":[0.4986594380795536,0.5736097701526799,0.11006692260327551,0.16702826461573828]},{""id"":""R_25"",""cls"":""potted plant"",""conf"":0.6494140625,""box"":[0.3303290840772195,0.5726133071133329,0.04180649766652067,0.04452422793487258]},{""id"":""R_36"",""cls"":""potted plant"",""conf"":0.73095703125,""box"":[0.37427067951334203,0.5485235019871442,0.03307865022922827,0.04214548888805538]},{""id"":""R_43"",""cls"":""potted plant"",""conf"":0.85400390625,""box"":[0.22858592147792534,0.6156603446988789,0.06562761398120032,0.0738626421249864]}]},""right"":{""boxes"":[{""id"":""RT_27"",""cls"":""potted plant"",""conf"":0.88427734375,""box"":[0.9046034952653894,0.7159179797759283,0.14299977198903005,0.14780118574784662]},{""id"":""RT_33"",""cls"":""potted plant"",""conf"":0.69921875,""box"":[0.40164301154483467,0.5472671321608812,0.022698067563463063,0.02371866379515571]},{""id"":""RT_37"",""cls"":""potted plant"",""conf"":0.5234375,""box"":[0.37216122572906646,0.5581850089259373,0.03410033758276829,0.0354645178732864]},{""id"":""RT_28"",""cls"":""potted plant"",""conf"":0.810546875,""box"":[0.3234119713634406,0.5770019690964645,0.04656993469259807,0.04697870210785583]},{""id"":""RT_42"",""cls"":""potted plant"",""conf"":0.908203125,""box"":[0.23720613035817656,0.6102105925166817,0.06112241910868863,0.07342505304031116]},{""id"":""RT_45"",""cls"":""potted plant"",""conf"":0.89990234375,""box"":[0.3627472274880322,0.719981706164903,0.12153856099962938,0.15158253731755877]},{""id"":""RT_57"",""cls"":""potted plant"",""conf"":0.6533203125,""box"":[0.418359375,0.53953125,0.015352253752160917,0.0238541666666667]}]}}","[{""id"":""F_18"",""cls"":""vehicle"",""x"":36.77486801147461,""y"":-3.511575222015381,""distance"":36.99158477783203},{""id"":""R_13"",""cls"":""vehicle"",""x"":-10.808344841003418,""y"":0.16944296658039093,""distance"":10.970435905456544},{""id"":""R_13"",""cls"":""truck"",""x"":-10.808344841003418,""y"":0.16944296658039093,""distance"":10.970435905456544}]","[{""id"":""R_13"",""cls"":""vehicle"",""label"":""Car"",""dist_m"":10.97,""speed_mps"":0.329,""motion"":""receding""},{""id"":""R_13"",""cls"":""truck"",""label"":""Truck"",""dist_m"":10.97,""speed_mps"":null,""motion"":""unknown""},{""id"":""F_18"",""cls"":""vehicle"",""label"":""Car"",""dist_m"":36.992,""speed_mps"":0.509,""motion"":""approaching""}]",frame_000053
"{""cam"":true,""radar"":true,""gnss"":true,""imu"":true,""lidar"":true}",165466108,3.1,264.4,14,7.5,"{""vehicle"":2,""person"":0,""cyclist"":0}",FALSE,"{""heading_deg"":270.3036982145008,""speed_mps"":0.6815860264076109,""accelerating"":true,""braking"":false,""turning_left"":false,""turning_right"":false,""world_x"":-20.544387817382812,""world_y"":0.10447713732719421}","{""front"":{""boxes"":[{""id"":""F_18"",""cls"":""car"",""conf"":0.7890625,""box"":[0.4564276643891742,0.5280016092264879,0.028242464563199298,0.026392254075754035]},{""id"":""F_55"",""cls"":""traffic light"",""conf"":0.65673828125,""box"":[0.8758024947592855,0.3056119849849713,0.020389552431583448,0.04819968181137598]}]},""left"":{""boxes"":[]},""rear"":{""boxes"":[{""id"":""R_13"",""cls"":""car"",""conf"":0.73583984375,""box"":[0.49868994162133806,0.5742304866266158,0.11173277735991097,0.1696872973598195]},{""id"":""R_25"",""cls"":""potted plant"",""conf"":0.70556640625,""box"":[0.3314275863660606,0.5714996472101208,0.04212885699512241,0.04500971747678489]},{""id"":""R_36"",""cls"":""potted plant"",""conf"":0.75048828125,""box"":[0.3750386456506016,0.5475988337914993,0.0326847990343571,0.042102055166574635]},{""id"":""R_43"",""cls"":""potted plant"",""conf"":0.85205078125,""box"":[0.2321374014610614,0.6138633909052018,0.06644512373326154,0.07396016141995372]}]},""right"":{""boxes"":[{""id"":""RT_27"",""cls"":""potted plant"",""conf"":0.9091796875,""box"":[0.916195118902275,0.716013588263215,0.14611266422098942,0.1492487405994062]},{""id"":""RT_33"",""cls"":""potted plant"",""conf"":0.7041015625,""box"":[0.40375964748769544,0.5471756023116963,0.02298319654513712,0.024206603964801232]},{""id"":""RT_37"",""cls"":""potted plant"",""conf"":0.4921875,""box"":[0.3740897107942383,0.5584685928918084,0.033869569410062896,0.03510517250963734]},{""id"":""RT_28"",""cls"":""potted plant"",""conf"":0.60009765625,""box"":[0.3275319014163881,0.5768906764516581,0.046637119722203434,0.04724386896967303]},{""id"":""RT_42"",""cls"":""potted plant"",""conf"":0.91796875,""box"":[0.2434951229285068,0.6106820966995892,0.061118990535643423,0.07242591208749947]},{""id"":""RT_45"",""cls"":""potted plant"",""conf"":0.90478515625,""box"":[0.37491358516670736,0.7191306387585072,0.12264725552961617,0.15196783663744817]},{""id"":""RT_57"",""cls"":""potted plant"",""conf"":0.56396484375,""box"":[0.4206662764913357,0.5403924932234321,0.014403323740714402,0.02229572654807536]}]}}","[{""id"":""F_18"",""cls"":""vehicle"",""x"":36.55216598510742,""y"":-3.225461721420288,""distance"":36.740919494628905},{""id"":""R_13"",""cls"":""vehicle"",""x"":-10.752107620239258,""y"":0.002984375925734639,""distance"":10.922172355651856}]","[{""id"":""R_13"",""cls"":""vehicle"",""label"":""Car"",""dist_m"":10.922,""speed_mps"":0.169,""motion"":""stationary""},{""id"":""F_18"",""cls"":""vehicle"",""label"":""Car"",""dist_m"":36.741,""speed_mps"":0.679,""motion"":""approaching""}]",frame_000054
"{""cam"":true,""radar"":true,""gnss"":true,""imu"":true,""lidar"":true}",498675425,3,248.2,15,7.5,"{""vehicle"":2,""person"":0,""cyclist"":0}",FALSE,"{""heading_deg"":270.2905842512944,""speed_mps"":0.8620916247430381,""accelerating"":true,""braking"":false,""turning_left"":false,""turning_right"":false,""world_x"":-20.831642150878906,""world_y"":0.10569487512111664}","{""front"":{""boxes"":[{""id"":""F_18"",""cls"":""car"",""conf"":0.74755859375,""box"":[0.4560850788719776,0.5281510546813747,0.028725862183790606,0.026954241424811266]},{""id"":""F_55"",""cls"":""traffic light"",""conf"":0.740234375,""box"":[0.8825373227287077,0.30289025532909547,0.02056376377350535,0.04865513368602716]},{""id"":""F_38"",""cls"":""traffic light"",""conf"":0.51953125,""box"":[0.8072264107248579,0.341430372729529,0.014289327143278463,0.03936462006826768]}]},""left"":{""boxes"":[]},""rear"":{""boxes"":[{""id"":""R_13"",""cls"":""car"",""conf"":0.72802734375,""box"":[0.4983178039396403,0.5746172807115443,0.11275579665376023,0.171677597320159]},{""id"":""R_25"",""cls"":""potted plant"",""conf"":0.638671875,""box"":[0.33327181373089665,0.5704568491596547,0.04160618125784543,0.0445231631396684]},{""id"":""R_36"",""cls"":""potted plant"",""conf"":0.7607421875,""box"":[0.3759641146005741,0.5471185908429065,0.031641284362869726,0.04105805249262785]},{""id"":""R_43"",""cls"":""potted plant"",""conf"":0.83544921875,""box"":[0.23724501680384913,0.6114033910265981,0.06569534816001657,0.0723179688200928]}]},""right"":{""boxes"":[{""id"":""RT_27"",""cls"":""potted plant"",""conf"":0.9033203125,""box"":[0.9285030912048573,0.7158827616405465,0.1468753512404442,0.14944562480282036]},{""id"":""RT_33"",""cls"":""potted plant"",""conf"":0.67041015625,""box"":[0.40724816165162137,0.5476555362130069,0.022784159684494477,0.024045272161211172]},{""id"":""RT_37"",""cls"":""potted plant"",""conf"":0.47265625,""box"":[0.38056518824765095,0.558921218383189,0.032727098074370395,0.03427350048275209]},{""id"":""RT_28"",""cls"":""potted plant"",""conf"":0.83349609375,""box"":[0.3336215978489035,0.5775352301285573,0.04545509781218278,0.045970362253953095]},{""id"":""RT_42"",""cls"":""potted plant"",""conf"":0.9013671875,""box"":[0.2519132309538845,0.6105158827513539,0.06218562052635725,0.07273595545327324]},{""id"":""RT_45"",""cls"":""potted plant"",""conf"":0.8984375,""box"":[0.39288295625750624,0.718817879674828,0.12389903744337065,0.1527977574451113]},{""id"":""RT_57"",""cls"":""potted plant"",""conf"":0.27978515625,""box"":[0.4242390267177155,0.5404475723678931,0.013926538686350298,0.021389533125067275]}]}}","[{""id"":""F_18"",""cls"":""vehicle"",""x"":36.26850891113281,""y"":-3.7263827323913574,""distance"":36.551648712158205},{""id"":""R_13"",""cls"":""vehicle"",""x"":-10.81912612915039,""y"":-0.0129384845495224,""distance"":10.995076179504395}]","[{""id"":""R_13"",""cls"":""vehicle"",""label"":""Car"",""dist_m"":10.995,""speed_mps"":0.201,""motion"":""approaching""},{""id"":""F_18"",""cls"":""vehicle"",""label"":""Car"",""dist_m"":36.552,""speed_mps"":0.859,""motion"":""approaching""}]",frame_000055
"{""cam"":true,""radar"":true,""gnss"":true,""imu"":true,""lidar"":true}",832019683,3.1,259.7,15,9.6,"{""vehicle"":2,""person"":0,""cyclist"":0}",FALSE,"{""heading_deg"":270.2724432688588,""speed_mps"":1.0492590371398716,""accelerating"":true,""braking"":false,""turning_left"":false,""turning_right"":false,""world_x"":-21.18140411376953,""world_y"":0.10700592398643494}","{""front"":{""boxes"":[{""id"":""F_18"",""cls"":""car"",""conf"":0.7880859375,""box"":[0.45583590833640664,0.5293823032775407,0.027350498980107395,0.02547457123562283]},{""id"":""F_55"",""cls"":""traffic light"",""conf"":0.77587890625,""box"":[0.8910290657353682,0.29829991571963355,0.02112793712249612,0.05003183671860925]},{""id"":""F_38"",""cls"":""traffic light"",""conf"":0.3701171875,""box"":[0.8109043012849984,0.33839274973364686,0.014174210314750723,0.039855605775220876]}]},""left"":{""boxes"":[]},""rear"":{""boxes"":[{""id"":""R_13"",""cls"":""car"",""conf"":0.7744140625,""box"":[0.498423026598174,0.5744065942579115,0.11265812922757874,0.1717141329772435]},{""id"":""R_25"",""cls"":""potted plant"",""conf"":0.71044921875,""box"":[0.336287701300197,0.5685726824939631,0.04166333092177386,0.04473706305276591]},{""id"":""R_36"",""cls"":""potted plant"",""conf"":0.7294921875,""box"":[0.3773378506879101,0.5461136826266788,0.030922801052364335,0.04032468158666678]},{""id"":""R_43"",""cls"":""potted plant"",""conf"":0.86328125,""box"":[0.24319042236162866,0.6079926175496448,0.0648868077890484,0.07073738747744554]}]},""right"":{""boxes"":[{""id"":""RT_27"",""cls"":""potted plant"",""conf"":0.91162109375,""box"":[0.9402691916399697,0.7156666132272853,0.14486999677819784,0.1491713837122872]},{""id"":""RT_33"",""cls"":""potted plant"",""conf"":0.6875,""box"":[0.4112367784253168,0.5473230361611857,0.022817091739967356,0.024327955421382677]},{""id"":""RT_37"",""cls"":""potted plant"",""conf"":0.414794921875,""box"":[0.38712091675155524,0.5587398851437768,0.032606285650229425,0.03465759870340162]},{""id"":""RT_28"",""cls"":""potted plant"",""conf"":0.806640625,""box"":[0.34162361981335393,0.5770849998189465,0.045539347086110425,0.046180553599205254]},{""id"":""RT_42"",""cls"":""potted plant"",""conf"":0.90869140625,""box"":[0.2639158029321843,0.6104530858186575,0.062402437252717345,0.07216288970986931]},{""id"":""RT_45"",""cls"":""potted plant"",""conf"":0.884765625,""box"":[0.4170402023662826,0.7185347876663407,0.1243130891430709,0.1527569737954154]},{""id"":""RT_57"",""cls"":""potted plant"",""conf"":0.49609375,""box"":[0.4280509645286795,0.5400337356616027,0.014388083976975174,0.02199595499887869]}]}}","[{""id"":""F_18"",""cls"":""vehicle"",""x"":36.812007904052734,""y"":-3.381676197052002,""distance"":36.992333221435544},{""id"":""R_13"",""cls"":""vehicle"",""x"":-10.9020357131958,""y"":0.10822420567274094,""distance"":11.09034538269043}]","[{""id"":""R_13"",""cls"":""vehicle"",""label"":""Car"",""dist_m"":11.09,""speed_mps"":0.249,""motion"":""approaching""},{""id"":""F_18"",""cls"":""vehicle"",""label"":""Car"",""dist_m"":36.992,""speed_mps"":1.045,""motion"":""approaching""}]",frame_000056
"{""cam"":true,""radar"":true,""gnss"":true,""imu"":true,""lidar"":true}",165338212,3.1,272.5,15,10.5,"{""vehicle"":2,""person"":0,""cyclist"":0}",FALSE,"{""heading_deg"":270.2577993432783,""speed_mps"":1.226937712797917,""accelerating"":true,""braking"":false,""turning_left"":false,""turning_right"":false,""world_x"":-21.590362548828125,""world_y"":0.10854125022888184}","{""front"":{""boxes"":[{""id"":""F_18"",""cls"":""car"",""conf"":0.78125,""box"":[0.4556253707008965,0.5291627910218655,0.028116395023767192,0.026256547155453093]},{""id"":""F_38"",""cls"":""traffic light"",""conf"":0.70556640625,""box"":[0.8183065530990807,0.33503206901070576,0.015149341617505386,0.0419022219279008]}]},""left"":{""boxes"":[]},""rear"":{""boxes"":[{""id"":""R_13"",""cls"":""car"",""conf"":0.763671875,""box"":[0.49858801205969794,0.5737923125704628,0.11183286054696913,0.17064600085996182]},{""id"":""R_25"",""cls"":""potted plant"",""conf"":0.7705078125,""box"":[0.3398159712381177,0.5670716364272065,0.040633960433399396,0.043803387966584374]},{""id"":""R_36"",""cls"":""potted plant"",""conf"":0.7705078125,""box"":[0.3793464741251084,0.5454314018490749,0.030437930161033577,0.040065306962214935]},{""id"":""R_43"",""cls"":""potted plant"",""conf"":0.8671875,""box"":[0.2515118718183918,0.6047603050578167,0.06306142931496868,0.06811635078315217]}]},""right"":{""boxes"":[{""id"":""RT_27"",""cls"":""potted plant"",""conf"":0.9052734375,""box"":[0.9542026751532653,0.7112879252628316,0.1323822091335453,0.13976953726695504]},{""id"":""RT_33"",""cls"":""potted plant"",""conf"":0.548828125,""box"":[0.41683496472746695,0.5473689144320348,0.022943085120799366,0.024776679033041305]},{""id"":""RT_37"",""cls"":""potted plant"",""conf"":0.447509765625,""box"":[0.39478816153619495,0.5590147536469615,0.031663429133855336,0.034112031389965956]},{""id"":""RT_28"",""cls"":""potted plant"",""conf"":0.7607421875,""box"":[0.35183827736276313,0.5769172781121538,0.046017990061457105,0.04695162798776072]},{""id"":""RT_42"",""cls"":""potted plant"",""conf"":0.8974609375,""box"":[0.278961373599793,0.6099099157610844,0.06358435388582166,0.07298527155953648]},{""id"":""RT_45"",""cls"":""potted plant"",""conf"":0.89404296875,""box"":[0.4474832092047203,0.7184357650937584,0.1251768655709351,0.15342158261442454]}]}}","[{""id"":""F_18"",""cls"":""vehicle"",""x"":36.547203063964844,""y"":-3.0927395820617676,""distance"":36.73385238647461},{""id"":""R_13"",""cls"":""vehicle"",""x"":-11.106149673461914,""y"":-0.01855633221566677,""distance"":11.276333045959472}]","[{""id"":""R_13"",""cls"":""vehicle"",""label"":""Car"",""dist_m"":11.276,""speed_mps"":0.612,""motion"":""approaching""},{""id"":""F_18"",""cls"":""vehicle"",""label"":""Car"",""dist_m"":36.734,""speed_mps"":1.221,""motion"":""approaching""}]",frame_000057
"{""cam"":true,""radar"":true,""gnss"":true,""imu"":true,""lidar"":true}",498706228,3.1,284,30,11.9,"{""vehicle"":3,""person"":0,""cyclist"":0}",FALSE,"{""heading_deg"":270.24280024786094,""speed_mps"":1.3940634237012488,""accelerating"":true,""braking"":false,""turning_left"":false,""turning_right"":false,""world_x"":-22.055095672607422,""world_y"":0.11023997515439987}","{""front"":{""boxes"":[{""id"":""F_18"",""cls"":""car"",""conf"":0.68603515625,""box"":[0.4552985427797734,0.5294187497100222,0.028423823705949224,0.02653725005722721]},{""id"":""F_38"",""cls"":""traffic light"",""conf"":0.69921875,""box"":[0.8275427894292292,0.3302078498945723,0.016259499642849028,0.0441739461666943]}]},""left"":{""boxes"":[]},""rear"":{""boxes"":[{""id"":""R_13"",""cls"":""car"",""conf"":0.73583984375,""box"":[0.4985201086039325,0.5726832654918451,0.11027203420499791,0.16847284650585834]},{""id"":""R_25"",""cls"":""potted plant"",""conf"":0.7646484375,""box"":[0.34346974728755,0.5658904540608136,0.03904744922532229,0.04209099531314244]},{""id"":""R_36"",""cls"":""potted plant"",""conf"":0.796875,""box"":[0.38152413029005755,0.5450409530888503,0.029869793152972425,0.03963418126304917]},{""id"":""R_43"",""cls"":""potted plant"",""conf"":0.80322265625,""box"":[0.2598445158709661,0.6012379739377491,0.06139670351245581,0.06582261123669635]},{""id"":""R_59"",""cls"":""potted plant"",""conf"":0.82666015625,""box"":[0.04480224609375,0.7039583333333332,0.06767582712663159,0.13416666666666674]}]},""right"":{""boxes"":[{""id"":""RT_27"",""cls"":""potted plant"",""conf"":0.59814453125,""box"":[0.9699310189306953,0.7090875624243388,0.12240977938367177,0.13580461609407782]},{""id"":""RT_33"",""cls"":""potted plant"",""conf"":0.443603515625,""box"":[0.4238021478205075,0.547045416373049,0.022867763849749156,0.024945697699400426]},{""id"":""RT_37"",""cls"":""potted plant"",""conf"":0.57373046875,""box"":[0.4033510559044422,0.5587680641562994,0.03158884748401305,0.034601550087663566]},{""id"":""RT_28"",""cls"":""potted plant"",""conf"":0.7744140625,""box"":[0.3633154403504565,0.5770252622675411,0.04581509425438526,0.0469007349583741]},{""id"":""RT_42"",""cls"":""potted plant"",""conf"":0.8916015625,""box"":[0.2968415189360741,0.6105668961971288,0.06282471827588938,0.07157538869275679]},{""id"":""RT_45"",""cls"":""potted plant"",""conf"":0.87841796875,""box"":[0.4841027299759689,0.7187504057324333,0.1255858302123123,0.15366298240990234]}]}}","[{""id"":""F_18"",""cls"":""vehicle"",""x"":35.05847930908203,""y"":-3.6020562648773193,""distance"":35.330178833007814},{""id"":""F_18"",""cls"":""vehicle"",""x"":35.07157516479492,""y"":-3.7308549880981445,""distance"":35.335514068603516},{""id"":""R_13"",""cls"":""vehicle"",""x"":-11.276939392089844,""y"":0.07781604677438736,""distance"":11.433128166198731}]","[{""id"":""R_13"",""cls"":""vehicle"",""label"":""Car"",""dist_m"":11.433,""speed_mps"":0.512,""motion"":""approaching""},{""id"":""F_18"",""cls"":""vehicle"",""label"":""Car"",""dist_m"":35.33,""speed_mps"":1.388,""motion"":""approaching""},{""id"":""F_18"",""cls"":""vehicle"",""label"":""Car"",""dist_m"":35.336,""speed_mps"":1.388,""motion"":""approaching""}]",frame_000058
"{""cam"":true,""radar"":true,""gnss"":true,""imu"":true,""lidar"":true}",831996491,3.1,275.3,30,10,"{""vehicle"":3,""person"":0,""cyclist"":0}",FALSE,"{""heading_deg"":270.2353963228006,""speed_mps"":1.5539315554538171,""accelerating"":true,""braking"":false,""turning_left"":false,""turning_right"":false,""world_x"":-22.573001861572266,""world_y"":0.11219754815101624}","{""front"":{""boxes"":[{""id"":""F_18"",""cls"":""car"",""conf"":0.642578125,""box"":[0.4546730693308406,0.5295081304021907,0.02985884610413416,0.027997222060459254]}]},""left"":{""boxes"":[]},""rear"":{""boxes"":[{""id"":""R_13"",""cls"":""car"",""conf"":0.74169921875,""box"":[0.4986194280246554,0.5708717085463069,0.10785194155335098,0.1648508428925273]},{""id"":""R_25"",""cls"":""potted plant"",""conf"":0.6318359375,""box"":[0.34756903183362464,0.5639439062471858,0.03863768578207303,0.041855306345669634]},{""id"":""R_36"",""cls"":""potted plant"",""conf"":0.68603515625,""box"":[0.38376481041150445,0.5442370428045098,0.029523407064427642,0.03948717706102638]},{""id"":""R_43"",""cls"":""potted plant"",""conf"":0.86328125,""box"":[0.26949939864489936,0.5968995209599416,0.059616421014387556,0.06365499885770554]},{""id"":""R_59"",""cls"":""potted plant"",""conf"":0.87255859375,""box"":[0.05799147315127038,0.6941528277946073,0.0680727244583939,0.13273171463660915]}]},""right"":{""boxes"":[{""id"":""RT_33"",""cls"":""potted plant"",""conf"":0.3056640625,""box"":[0.4318111723555277,0.5474343846124665,0.0221833865886909,0.02466598572114691]},{""id"":""RT_37"",""cls"":""potted plant"",""conf"":0.39599609375,""box"":[0.4129737887484327,0.5581583049648217,0.032254062687569626,0.03581657477758237]},{""id"":""RT_28"",""cls"":""potted plant"",""conf"":0.66552734375,""box"":[0.37748507178451024,0.5779266801531333,0.043516166188626124,0.04447309944015411]},{""id"":""RT_42"",""cls"":""potted plant"",""conf"":0.89013671875,""box"":[0.31730342766915215,0.6109938218533667,0.06262463130760994,0.07068946534918699]},{""id"":""RT_45"",""cls"":""potted plant"",""conf"":0.88623046875,""box"":[0.5256686411628129,0.7181880049305617,0.1262974333526296,0.15443207650718152]}]}}","[{""id"":""F_18"",""cls"":""vehicle"",""x"":34.54171371459961,""y"":-3.423588752746582,""distance"":35.10088920593262},{""id"":""F_18"",""cls"":""vehicle"",""x"":34.54171371459961,""y"":-3.423588752746582,""distance"":35.10088920593262},{""id"":""R_13"",""cls"":""vehicle"",""x"":-11.470417976379395,""y"":0.09530896693468094,""distance"":11.610628604888916}]","[{""id"":""R_13"",""cls"":""vehicle"",""label"":""Car"",""dist_m"":11.611,""speed_mps"":0.581,""motion"":""approaching""},{""id"":""F_18"",""cls"":""vehicle"",""label"":""Car"",""dist_m"":35.101,""speed_mps"":1.545,""motion"":""approaching""},{""id"":""F_18"",""cls"":""vehicle"",""label"":""Car"",""dist_m"":35.101,""speed_mps"":1.545,""motion"":""approaching""}]",frame_000059
"{""cam"":true,""radar"":true,""gnss"":true,""imu"":true,""lidar"":true}",165348261,3.1,261.7,30,12.2,"{""vehicle"":4,""person"":0,""cyclist"":0}",FALSE,"{""heading_deg"":270.23031466205816,""speed_mps"":1.6222649245912004,""accelerating"":false,""braking"":false,""turning_left"":false,""turning_right"":false,""world_x"":-23.11378288269043,""world_y"":0.11427874863147736}","{""front"":{""boxes"":[{""id"":""F_18"",""cls"":""car"",""conf"":0.57763671875,""box"":[0.45419141377680816,0.5297042155726402,0.031313976865793604,0.02954817971032681]}]},""left"":{""boxes"":[]},""rear"":{""boxes"":[{""id"":""R_13"",""cls"":""car"",""conf"":0.64404296875,""box"":[0.4986539393526467,0.5698293836087668,0.10542542778167414,0.1613691622643371]},{""id"":""R_25"",""cls"":""potted plant"",""conf"":0.6318359375,""box"":[0.35162210527672333,0.5622469014806852,0.03731845939461507,0.040396756639425276]},{""id"":""R_36"",""cls"":""potted plant"",""conf"":0.74755859375,""box"":[0.3861556318057067,0.5434507493207898,0.028999678615917856,0.03909797540516801]},{""id"":""R_43"",""cls"":""potted plant"",""conf"":0.85791015625,""box"":[0.2786140200097534,0.5929856770018567,0.05675117322972749,0.06010519890834125]},{""id"":""R_59"",""cls"":""potted plant"",""conf"":0.888671875,""box"":[0.08035442303582042,0.6784301543889047,0.06549348595946143,0.12371440847207929]}]},""right"":{""boxes"":[{""id"":""RT_37"",""cls"":""potted plant"",""conf"":0.49609375,""box"":[0.4239274759338942,0.5584374549747231,0.03150606085692438,0.03525401236870328]},{""id"":""RT_28"",""cls"":""potted plant"",""conf"":0.79833984375,""box"":[0.39382916227324366,0.5782710403433629,0.043318399215915585,0.04424796650175449]},{""id"":""RT_42"",""cls"":""potted plant"",""conf"":0.873046875,""box"":[0.33935239917022875,0.6109781343547624,0.06272618119955467,0.07001811670491319]},{""id"":""RT_45"",""cls"":""potted plant"",""conf"":0.84814453125,""box"":[0.5728557939582434,0.7179810914813088,0.12670949741222176,0.1547118826854143]}]}}","[{""id"":""F_18"",""cls"":""vehicle"",""x"":34.132015228271484,""y"":-2.8883743286132812,""distance"":34.908573150634766},{""id"":""F_18"",""cls"":""vehicle"",""x"":34.0523681640625,""y"":-3.00488543510437,""distance"":34.250395965576175},{""id"":""R_13"",""cls"":""vehicle"",""x"":-11.721002578735352,""y"":-0.1068587675690651,""distance"":11.900171852111816},{""id"":""R_13"",""cls"":""truck"",""x"":-11.721002578735352,""y"":-0.1068587675690651,""distance"":11.900171852111816}]","[{""id"":""R_13"",""cls"":""vehicle"",""label"":""Car"",""dist_m"":11.9,""speed_mps"":0.752,""motion"":""approaching""},{""id"":""R_13"",""cls"":""truck"",""label"":""Truck"",""dist_m"":11.9,""speed_mps"":null,""motion"":""unknown""},{""id"":""F_18"",""cls"":""vehicle"",""label"":""Car"",""dist_m"":34.25,""speed_mps"":1.611,""motion"":""approaching""},{""id"":""F_18"",""cls"":""vehicle"",""label"":""Car"",""dist_m"":34.909,""speed_mps"":1.613,""motion"":""approaching""}]",frame_000060
"{""cam"":true,""radar"":true,""gnss"":true,""imu"":true,""lidar"":true}",498682753,3.1,312.1,22,11.7,"{""vehicle"":4,""person"":0,""cyclist"":0}",FALSE,"{""heading_deg"":270.2308064356784,""speed_mps"":1.6878080059737959,""accelerating"":false,""braking"":false,""turning_left"":false,""turning_right"":false,""world_x"":-23.676382064819336,""world_y"":0.11671162396669388}","{""front"":{""boxes"":[{""id"":""F_18"",""cls"":""car"",""conf"":0.607421875,""box"":[0.45363849788823546,0.5292758682567992,0.03270383652411839,0.031141231951983823]}]},""left"":{""boxes"":[]},""rear"":{""boxes"":[{""id"":""R_13"",""cls"":""car"",""conf"":0.65478515625,""box"":[0.49892395962866337,0.5685700208981613,0.10292110435440067,0.1576209331960122]},{""id"":""R_25"",""cls"":""potted plant"",""conf"":0.6513671875,""box"":[0.3560640401162114,0.5604634976885081,0.03647315363751789,0.03954639595073625]},{""id"":""R_36"",""cls"":""potted plant"",""conf"":0.763671875,""box"":[0.38866745103302563,0.5423230101439798,0.028469449665689383,0.038617946541378956]},{""id"":""R_43"",""cls"":""potted plant"",""conf"":0.87890625,""box"":[0.2886204882559797,0.5890452521673202,0.055458374030916024,0.058574500586787676]},{""id"":""R_59"",""cls"":""potted plant"",""conf"":0.8310546875,""box"":[0.11168204638500123,0.6640691603889652,0.06225519309009866,0.11331225988465915]}]},""right"":{""boxes"":[{""id"":""RT_37"",""cls"":""potted plant"",""conf"":0.52734375,""box"":[0.4361222577417877,0.5580294760212946,0.03195822734963292,0.0360641216953289]},{""id"":""RT_28"",""cls"":""potted plant"",""conf"":0.54296875,""box"":[0.4106118843458895,0.5778703808392786,0.042844679079399664,0.04382670574923798]},{""id"":""RT_42"",""cls"":""potted plant"",""conf"":0.75341796875,""box"":[0.3642334336144364,0.6111433706994482,0.06273164486454559,0.06942974806924505]},{""id"":""RT_45"",""cls"":""potted plant"",""conf"":0.8408203125,""box"":[0.6219927893388212,0.7173942172624403,0.1270713261024529,0.15446148287226885]}]}}","[{""id"":""F_18"",""cls"":""vehicle"",""x"":33.443721771240234,""y"":-3.4361507892608643,""distance"":33.90896835327148},{""id"":""F_18"",""cls"":""vehicle"",""x"":33.443721771240234,""y"":-3.4361507892608643,""distance"":33.90896835327148},{""id"":""R_13"",""cls"":""vehicle"",""x"":-11.899837493896484,""y"":0.01698196493089199,""distance"":12.060537910461425},{""id"":""R_13"",""cls"":""truck"",""x"":-11.899837493896484,""y"":0.01698196493089199,""distance"":12.060537910461425}]","[{""id"":""R_13"",""cls"":""vehicle"",""label"":""Car"",""dist_m"":12.061,""speed_mps"":0.537,""motion"":""approaching""},{""id"":""R_13"",""cls"":""truck"",""label"":""Truck"",""dist_m"":12.061,""speed_mps"":null,""motion"":""unknown""},{""id"":""F_18"",""cls"":""vehicle"",""label"":""Car"",""dist_m"":33.909,""speed_mps"":1.675,""motion"":""approaching""},{""id"":""F_18"",""cls"":""vehicle"",""label"":""Car"",""dist_m"":33.909,""speed_mps"":1.676,""motion"":""approaching""}]",frame_000061
"{""cam"":true,""radar"":true,""gnss"":true,""imu"":true,""lidar"":true}",832010202,3,343.1,22,9.6,"{""vehicle"":3,""person"":0,""cyclist"":0}",FALSE,"{""heading_deg"":270.2321724735124,""speed_mps"":1.6912450101103158,""accelerating"":false,""braking"":false,""turning_left"":false,""turning_right"":false,""world_x"":-24.240110397338867,""world_y"":0.11968232691287994}","{""front"":{""boxes"":[{""id"":""F_18"",""cls"":""car"",""conf"":0.63720703125,""box"":[0.45293395588968216,0.5297620675883201,0.03196554427859564,0.03043142687329272]}]},""left"":{""boxes"":[]},""rear"":{""boxes"":[{""id"":""R_13"",""cls"":""car"",""conf"":0.751953125,""box"":[0.4990215827985969,0.5670583990754116,0.10017523724161732,0.15343704744181655]},{""id"":""R_25"",""cls"":""potted plant"",""conf"":0.5546875,""box"":[0.36063706637589626,0.5590030436147664,0.035273111268932754,0.03821560972083837]},{""id"":""R_36"",""cls"":""potted plant"",""conf"":0.73095703125,""box"":[0.39096020862939557,0.5415903685662801,0.027270828234617774,0.037059017596368746]},{""id"":""R_43"",""cls"":""potted plant"",""conf"":0.525390625,""box"":[0.2975415275691562,0.5856471555353878,0.05170469637806683,0.05453296297793505]},{""id"":""R_59"",""cls"":""potted plant"",""conf"":0.8623046875,""box"":[0.14182322114026252,0.6516003331057907,0.05865001644553236,0.10250120946398826]}]},""right"":{""boxes"":[{""id"":""RT_37"",""cls"":""potted plant"",""conf"":0.52734375,""box"":[0.4487736621352079,0.5566845265668209,0.03227235279359677,0.03670487235415436]},{""id"":""RT_28"",""cls"":""potted plant"",""conf"":0.541015625,""box"":[0.42793919574474015,0.577890182656516,0.04286493185558813,0.044028691521533145]},{""id"":""RT_42"",""cls"":""potted plant"",""conf"":0.86328125,""box"":[0.3911094683385713,0.6099875330056019,0.06377954498733307,0.07026282544105769]},{""id"":""RT_45"",""cls"":""potted plant"",""conf"":0.85693359375,""box"":[0.6747499929697028,0.7175237438439052,0.12879711702543525,0.1557309664428369]}]}}","[{""id"":""F_18"",""cls"":""vehicle"",""x"":32.8922004699707,""y"":-3.140813112258911,""distance"":33.07929153442383},{""id"":""F_18"",""cls"":""vehicle"",""x"":32.8922004699707,""y"":-3.140813112258911,""distance"":33.07929153442383},{""id"":""R_13"",""cls"":""vehicle"",""x"":-12.082932472229004,""y"":0.10306260734796524,""distance"":12.258086681365967}]","[{""id"":""R_13"",""cls"":""vehicle"",""label"":""Car"",""dist_m"":12.258,""speed_mps"":0.549,""motion"":""approaching""},{""id"":""F_18"",""cls"":""vehicle"",""label"":""Car"",""dist_m"":33.079,""speed_mps"":1.673,""motion"":""approaching""},{""id"":""F_18"",""cls"":""vehicle"",""label"":""Car"",""dist_m"":33.079,""speed_mps"":1.676,""motion"":""approaching""}]",frame_000062
"{""cam"":true,""radar"":true,""gnss"":true,""imu"":true,""lidar"":true}",165375589,3,336,35,12.1,"{""vehicle"":4,""person"":0,""cyclist"":0}",FALSE,"{""heading_deg"":269.5796162002094,""speed_mps"":1.637881507757995,""accelerating"":false,""braking"":false,""turning_left"":true,""turning_right"":false,""world_x"":-24.786054611206055,""world_y"":0.11144468933343887}","{""front"":{""boxes"":[{""id"":""F_18"",""cls"":""car"",""conf"":0.63330078125,""box"":[0.45215968193076195,0.5296102045556044,0.03231843860856794,0.03078977764695452]},{""id"":""F_55"",""cls"":""traffic light"",""conf"":0.79052734375,""box"":[0.9084198532718449,0.2868886698652991,0.021469988227251234,0.05200385523888006]}]},""left"":{""boxes"":[]},""rear"":{""boxes"":[{""id"":""R_13"",""cls"":""car"",""conf"":0.67578125,""box"":[0.49905377592230893,0.5672061742734227,0.09822794508446445,0.15050329127524045]},{""id"":""R_25"",""cls"":""potted plant"",""conf"":0.662109375,""box"":[0.36472670971767085,0.5580170706537021,0.03380114166794943,0.036707795900284876]},{""id"":""R_36"",""cls"":""potted plant"",""conf"":0.6533203125,""box"":[0.39317084921384904,0.5422442142354519,0.025295151790928515,0.03402456294674015]},{""id"":""R_43"",""cls"":""potted plant"",""conf"":0.69921875,""box"":[0.30650563404734976,0.5831754582497893,0.049076320646823254,0.05174740505696972]},{""id"":""R_59"",""cls"":""potted plant"",""conf"":0.85498046875,""box"":[0.16724548165364328,0.6419789929827708,0.05551251149326031,0.09289681907993633]}]},""right"":{""boxes"":[{""id"":""RT_37"",""cls"":""potted plant"",""conf"":0.466796875,""box"":[0.46111677515896654,0.5553211080729237,0.03197306907555495,0.035924488775497095]},{""id"":""RT_28"",""cls"":""potted plant"",""conf"":0.4921875,""box"":[0.444493191408147,0.5775490358807425,0.04260130195271321,0.044113150308079226]},{""id"":""RT_42"",""cls"":""potted plant"",""conf"":0.82080078125,""box"":[0.4176889533900699,0.610590693731217,0.06410114377170935,0.07058091838761663]},{""id"":""RT_45"",""cls"":""potted plant"",""conf"":0.87890625,""box"":[0.7285444406111747,0.7180945973794518,0.13000101009421342,0.15585626891058504]}]}}","[{""id"":""F_18"",""cls"":""vehicle"",""x"":32.37548828125,""y"":-2.739734411239624,""distance"":32.53569412231445},{""id"":""F_18"",""cls"":""vehicle"",""x"":32.36525344848633,""y"":-2.856013059616089,""distance"":32.527252960205075},{""id"":""R_13"",""cls"":""vehicle"",""x"":-12.181456565856934,""y"":-0.17527049779891968,""distance"":12.360817241668702},{""id"":""R_13"",""cls"":""truck"",""x"":-12.181456565856934,""y"":-0.17527049779891968,""distance"":12.360817241668702}]","[{""id"":""R_13"",""cls"":""vehicle"",""label"":""Car"",""dist_m"":12.361,""speed_mps"":0.296,""motion"":""approaching""},{""id"":""R_13"",""cls"":""truck"",""label"":""Truck"",""dist_m"":12.361,""speed_mps"":null,""motion"":""unknown""},{""id"":""F_18"",""cls"":""vehicle"",""label"":""Car"",""dist_m"":32.527,""speed_mps"":1.629,""motion"":""approaching""},{""id"":""F_18"",""cls"":""vehicle"",""label"":""Car"",""dist_m"":32.536,""speed_mps"":1.629,""motion"":""approaching""}]",frame_000063
"{""cam"":true,""radar"":true,""gnss"":true,""imu"":true,""lidar"":true}",498693835,3,308.5,35,14,"{""vehicle"":4,""person"":0,""cyclist"":0}",FALSE,"{""heading_deg"":268.37531724575274,""speed_mps"":1.6156435907725035,""accelerating"":false,""braking"":false,""turning_left"":true,""turning_right"":false,""world_x"":-25.323835372924805,""world_y"":0.08334498107433319}","{""front"":{""boxes"":[{""id"":""F_18"",""cls"":""car"",""conf"":0.74609375,""box"":[0.45504145132019225,0.5300539073523858,0.029617730178818035,0.027874819241018162]}]},""left"":{""boxes"":[]},""rear"":{""boxes"":[{""id"":""R_13"",""cls"":""car"",""conf"":0.662109375,""box"":[0.5032613119745253,0.567624023223141,0.09665893958842382,0.14805869338385425]},{""id"":""R_36"",""cls"":""potted plant"",""conf"":0.74609375,""box"":[0.3994844397588439,0.5423571946159769,0.02535252058118398,0.03402385828540696]},{""id"":""R_43"",""cls"":""potted plant"",""conf"":0.689453125,""box"":[0.31819746953989625,0.5812006006814211,0.0466159840225274,0.0490705173428875]},{""id"":""R_59"",""cls"":""potted plant"",""conf"":0.8232421875,""box"":[0.19551858543059136,0.6324305846233124,0.05403791065446919,0.08689670530269306]}]},""right"":{""boxes"":[{""id"":""RT_42"",""cls"":""potted plant"",""conf"":0.72314453125,""box"":[0.4472880530946883,0.6101324084852826,0.06247281363817514,0.06864127786216324]},{""id"":""RT_45"",""cls"":""potted plant"",""conf"":0.84814453125,""box"":[0.7864808633725037,0.7195207865124087,0.13148059237022566,0.15554592984588947]}]}}","[{""id"":""F_18"",""cls"":""vehicle"",""x"":31.872709274291992,""y"":-2.1213812828063965,""distance"":31.994647598266603},{""id"":""F_18"",""cls"":""vehicle"",""x"":31.872709274291992,""y"":-2.1213812828063965,""distance"":31.996927642822264},{""id"":""R_13"",""cls"":""vehicle"",""x"":-12.31493091583252,""y"":-0.5072019100189209,""distance"":12.507107734680176},{""id"":""R_13"",""cls"":""truck"",""x"":-12.31493091583252,""y"":-0.5072019100189209,""distance"":12.507107734680176}]","[{""id"":""R_13"",""cls"":""vehicle"",""label"":""Car"",""dist_m"":12.507,""speed_mps"":0.4,""motion"":""approaching""},{""id"":""R_13"",""cls"":""truck"",""label"":""Truck"",""dist_m"":12.507,""speed_mps"":null,""motion"":""unknown""},{""id"":""F_18"",""cls"":""vehicle"",""label"":""Car"",""dist_m"":31.995,""speed_mps"":1.615,""motion"":""approaching""},{""id"":""F_18"",""cls"":""vehicle"",""label"":""Car"",""dist_m"":31.997,""speed_mps"":1.616,""motion"":""approaching""}]",frame_000064
"{""cam"":true,""radar"":true,""gnss"":true,""imu"":true,""lidar"":true}",832043258,3.1,244.3,35,9.7,"{""vehicle"":4,""person"":0,""cyclist"":0}",FALSE,"{""heading_deg"":267.187847877411,""speed_mps"":1.659992039583226,""accelerating"":false,""braking"":false,""turning_left"":true,""turning_right"":false,""world_x"":-25.87550926208496,""world_y"":0.04028400033712387}","{""front"":{""boxes"":[{""id"":""F_18"",""cls"":""car"",""conf"":0.8291015625,""box"":[0.46296805794135176,0.5291603140361378,0.030050255301815376,0.028089786444038485]},{""id"":""F_38"",""cls"":""traffic light"",""conf"":0.5888671875,""box"":[0.8578743893563207,0.3157834419315748,0.014939264795042106,0.04185124696912356]}]},""left"":{""boxes"":[]},""rear"":{""boxes"":[{""id"":""R_13"",""cls"":""car"",""conf"":0.54296875,""box"":[0.5128124585589819,0.5690143162993305,0.09576381887589873,0.14755257116692658]},{""id"":""R_36"",""cls"":""potted plant"",""conf"":0.72802734375,""box"":[0.41006892557774927,0.5429377842892307,0.0247391297967857,0.03297994192218757]},{""id"":""R_43"",""cls"":""potted plant"",""conf"":0.7216796875,""box"":[0.3351571700195727,0.5786627632511275,0.0448325591893596,0.04716485433893093]},{""id"":""R_59"",""cls"":""potted plant"",""conf"":0.83984375,""box"":[0.22625492728717958,0.625198663576492,0.050625161317799,0.07807473025545685]},{""id"":""R_25"",""cls"":""potted plant"",""conf"":0.73876953125,""box"":[0.3858818647055827,0.5565945221554105,0.03214362369095687,0.03505103104235659]}]},""right"":{""boxes"":[{""id"":""RT_45"",""cls"":""potted plant"",""conf"":0.84912109375,""box"":[0.8515601501124094,0.7236754888746717,0.1358133530747132,0.15782297067964268]},{""id"":""RT_73"",""cls"":""truck"",""conf"":0.64599609375,""box"":[0.23138671875000005,0.5233854166666666,0.06040409827937663,0.04447916666666665]}]}}","[{""id"":""F_18"",""cls"":""vehicle"",""x"":31.78534507751465,""y"":-1.8863158226013184,""distance"":31.869375228881836},{""id"":""R_13"",""cls"":""vehicle"",""x"":-12.333731651306152,""y"":-0.7259643077850342,""distance"":12.530268383026122},{""id"":""R_13"",""cls"":""truck"",""x"":-12.333731651306152,""y"":-0.7259643077850342,""distance"":12.530268383026122},{""id"":""RT_73"",""cls"":""truck"",""x"":17.61646842956543,""y"":36.98074722290039,""distance"":41.129051971435544}]","[{""id"":""R_13"",""cls"":""vehicle"",""label"":""Car"",""dist_m"":12.53,""speed_mps"":0.056,""motion"":""stationary""},{""id"":""R_13"",""cls"":""truck"",""label"":""Truck"",""dist_m"":12.53,""speed_mps"":null,""motion"":""unknown""},{""id"":""F_18"",""cls"":""vehicle"",""label"":""Car"",""dist_m"":31.869,""speed_mps"":1.664,""motion"":""approaching""},{""id"":""RT_73"",""cls"":""truck"",""label"":""Truck"",""dist_m"":41.129,""speed_mps"":null,""motion"":""unknown""}]",frame_000065
"{""cam"":true,""radar"":true,""gnss"":true,""imu"":true,""lidar"":true}",165353992,3.1,220.7,23,9.9,"{""vehicle"":4,""person"":0,""cyclist"":0}",FALSE,"{""heading_deg"":265.93393442882336,""speed_mps"":1.7898706873427672,""accelerating"":true,""braking"":false,""turning_left"":true,""turning_right"":false,""world_x"":-26.469274520874023,""world_y"":-0.017632152885198593}","{""front"":{""boxes"":[{""id"":""F_18"",""cls"":""car"",""conf"":0.8310546875,""box"":[0.4720752748349703,0.5288442303104545,0.030426100494829723,0.02816363094035494]}]},""left"":{""boxes"":[]},""rear"":{""boxes"":[{""id"":""R_13"",""cls"":""car"",""conf"":0.65478515625,""box"":[0.5212614341034969,0.5698802697567688,0.09545831435747854,0.14741178277194755]},{""id"":""R_36"",""cls"":""potted plant"",""conf"":0.689453125,""box"":[0.42222574554155534,0.5437131722693511,0.023901942959603507,0.031564393752689726]},{""id"":""R_43"",""cls"":""potted plant"",""conf"":0.71044921875,""box"":[0.35241860069514735,0.5768323100738816,0.04282327458220263,0.0451575456212075]},{""id"":""R_59"",""cls"":""potted plant"",""conf"":0.884765625,""box"":[0.25521560788873165,0.6177445506587151,0.04895261401491977,0.07267139692332142]},{""id"":""R_25"",""cls"":""potted plant"",""conf"":0.73095703125,""box"":[0.39902824451489105,0.5562940321280346,0.03156609021194012,0.03456064166798297]}]},""right"":{""boxes"":[{""id"":""RT_45"",""cls"":""potted plant"",""conf"":0.81396484375,""box"":[0.9130117472072807,0.7286506878023467,0.13879255662307113,0.16003603181786316]},{""id"":""RT_73"",""cls"":""truck"",""conf"":0.381103515625,""box"":[0.24619758279059756,0.5232238803172123,0.060204487490120376,0.04431763031721232]}]}}","[{""id"":""F_18"",""cls"":""vehicle"",""x"":31.369140625,""y"":-0.5071637034416199,""distance"":31.431760025024413},{""id"":""R_13"",""cls"":""vehicle"",""x"":-12.359928131103516,""y"":-0.8366636037826538,""distance"":12.546745586395264},{""id"":""R_13"",""cls"":""truck"",""x"":-12.359928131103516,""y"":-0.8366636037826538,""distance"":12.546745586395264},{""id"":""RT_73"",""cls"":""truck"",""x"":16.918582916259766,""y"":36.87124252319336,""distance"":40.5715892791748}]","[{""id"":""R_13"",""cls"":""vehicle"",""label"":""Car"",""dist_m"":12.547,""speed_mps"":0.079,""motion"":""stationary""},{""id"":""R_13"",""cls"":""truck"",""label"":""Truck"",""dist_m"":12.547,""speed_mps"":null,""motion"":""unknown""},{""id"":""F_18"",""cls"":""vehicle"",""label"":""Car"",""dist_m"":31.432,""speed_mps"":1.799,""motion"":""approaching""},{""id"":""RT_73"",""cls"":""truck"",""label"":""Truck"",""dist_m"":40.572,""speed_mps"":2.094,""motion"":""approaching""}]",frame_000066
"{""cam"":true,""radar"":true,""gnss"":true,""imu"":true,""lidar"":true}",498713557,3.1,258.9,23,11.1,"{""vehicle"":4,""person"":0,""cyclist"":0}",FALSE,"{""heading_deg"":265.0810077260289,""speed_mps"":1.9275357939538453,""accelerating"":true,""braking"":false,""turning_left"":true,""turning_right"":false,""world_x"":-27.108434677124023,""world_y"":-0.08365047723054886}","{""front"":{""boxes"":[{""id"":""F_18"",""cls"":""car"",""conf"":0.8447265625,""box"":[0.4828282617895974,0.5292379078456959,0.031072362679096698,0.028529629423306762]}]},""left"":{""boxes"":[]},""rear"":{""boxes"":[{""id"":""R_13"",""cls"":""car"",""conf"":0.62255859375,""box"":[0.5325389445423478,0.569332870207787,0.09449392823191367,0.1463611176825109]},{""id"":""R_36"",""cls"":""potted plant"",""conf"":0.6875,""box"":[0.4351702981572968,0.5427598854955474,0.02347265891619177,0.030731168703185336]},{""id"":""R_43"",""cls"":""potted plant"",""conf"":0.7216796875,""box"":[0.369627099004357,0.5734187981603542,0.04141467781929235,0.04384430352903893]},{""id"":""R_59"",""cls"":""potted plant"",""conf"":0.8818359375,""box"":[0.2827575782674719,0.6091521535946367,0.04829417342850606,0.06945069868367379]},{""id"":""R_25"",""cls"":""potted plant"",""conf"":0.69091796875,""box"":[0.4130155681372643,0.5548112847088862,0.030574421348912396,0.033689434443057685]}]},""right"":{""boxes"":[{""id"":""RT_45"",""cls"":""potted plant"",""conf"":0.60205078125,""box"":[0.9582501463361449,0.7276245671805734,0.1262908930668269,0.15096597474706583]},{""id"":""RT_73"",""cls"":""truck"",""conf"":0.474609375,""box"":[0.26381923134832697,0.522967160475446,0.05961118833327119,0.04385733707555879]}]}}","[{""id"":""F_18"",""cls"":""vehicle"",""x"":31.25179672241211,""y"":-0.9545678496360779,""distance"":31.33483543395996},{""id"":""R_13"",""cls"":""vehicle"",""x"":-12.46347713470459,""y"":-0.9477958083152771,""distance"":12.649871158599854},{""id"":""R_13"",""cls"":""truck"",""x"":-12.46347713470459,""y"":-0.9477958083152771,""distance"":12.649871158599854},{""id"":""RT_73"",""cls"":""truck"",""x"":15.098944664001465,""y"":36.661521911621094,""distance"":39.78508529663086}]","[{""id"":""R_13"",""cls"":""vehicle"",""label"":""Car"",""dist_m"":12.65,""speed_mps"":0.311,""motion"":""approaching""},{""id"":""R_13"",""cls"":""truck"",""label"":""Truck"",""dist_m"":12.65,""speed_mps"":null,""motion"":""unknown""},{""id"":""F_18"",""cls"":""vehicle"",""label"":""Car"",""dist_m"":31.335,""speed_mps"":1.937,""motion"":""approaching""},{""id"":""RT_73"",""cls"":""truck"",""label"":""Truck"",""dist_m"":39.785,""speed_mps"":5.458,""motion"":""approaching""}]",frame_000067
"{""cam"":true,""radar"":true,""gnss"":true,""imu"":true,""lidar"":true}",832134005,3.2,218.1,23,8.5,"{""vehicle"":4,""person"":0,""cyclist"":0}",FALSE,"{""heading_deg"":264.96494915165204,""speed_mps"":2.0722685984009632,""accelerating"":true,""braking"":false,""turning_left"":false,""turning_right"":false,""world_x"":-27.796499252319336,""world_y"":-0.14648117125034332}","{""front"":{""boxes"":[{""id"":""F_18"",""cls"":""car"",""conf"":0.7216796875,""box"":[0.4911903931212832,0.5295566241524468,0.0330401065544705,0.030373770552961272]}]},""left"":{""boxes"":[{""id"":""L_79"",""cls"":""traffic light"",""conf"":0.638671875,""box"":[0.905546875,0.41484375,0.00859375,0.0203125]}]},""rear"":{""boxes"":[{""id"":""R_13"",""cls"":""car"",""conf"":0.6259765625,""box"":[0.5399035000332048,0.5687768430805453,0.09366329736774279,0.14531589381086707]},{""id"":""R_36"",""cls"":""potted plant"",""conf"":0.71875,""box"":[0.44571767652900984,0.5411837847870287,0.02267778554130091,0.029397922073571732]},{""id"":""R_43"",""cls"":""potted plant"",""conf"":0.77587890625,""box"":[0.384004653666952,0.5698205860987332,0.03898190730911981,0.041307843595366]},{""id"":""R_59"",""cls"":""potted plant"",""conf"":0.87890625,""box"":[0.3054200972140543,0.6017273011530736,0.046686762297377137,0.06531634898838697]},{""id"":""R_25"",""cls"":""potted plant"",""conf"":0.708984375,""box"":[0.42447346330232083,0.5529107681643217,0.029491353942416955,0.032670325364697564]},{""id"":""R_78"",""cls"":""potted plant"",""conf"":0.861328125,""box"":[0.06783447265625,0.70875,0.09177007716390136,0.13875000000000004]}]},""right"":{""boxes"":[{""id"":""RT_73"",""cls"":""truck"",""conf"":0.43408203125,""box"":[0.27899348844332916,0.5232867858299942,0.06045441621464405,0.044508078678274936]}]}}","[{""id"":""F_18"",""cls"":""vehicle"",""x"":29.63494110107422,""y"":-0.5856268405914307,""distance"":29.682289123535156},{""id"":""R_13"",""cls"":""vehicle"",""x"":-12.641708374023438,""y"":-0.8795788288116455,""distance"":12.816190052032471},{""id"":""R_13"",""cls"":""truck"",""x"":-12.641708374023438,""y"":-0.8795788288116455,""distance"":12.816190052032471},{""id"":""RT_73"",""cls"":""truck"",""x"":14.389432907104492,""y"":36.036964416503906,""distance"":38.908761215209964}]","[{""id"":""R_13"",""cls"":""vehicle"",""label"":""Car"",""dist_m"":12.816,""speed_mps"":0.535,""motion"":""approaching""},{""id"":""R_13"",""cls"":""truck"",""label"":""Truck"",""dist_m"":12.816,""speed_mps"":null,""motion"":""unknown""},{""id"":""F_18"",""cls"":""vehicle"",""label"":""Car"",""dist_m"":29.682,""speed_mps"":2.083,""motion"":""approaching""},{""id"":""RT_73"",""cls"":""truck"",""label"":""Truck"",""dist_m"":38.909,""speed_mps"":2.128,""motion"":""approaching""}]",frame_000068
"{""cam"":true,""radar"":true,""gnss"":true,""imu"":true,""lidar"":true}",165361600,3.1,238.9,14,10.2,"{""vehicle"":4,""person"":0,""cyclist"":0}",FALSE,"{""heading_deg"":265.21280305625345,""speed_mps"":2.231706003900811,""accelerating"":true,""braking"":false,""turning_left"":false,""turning_right"":false,""world_x"":-28.537803649902344,""world_y"":-0.20549358427524567}","{""front"":{""boxes"":[{""id"":""F_18"",""cls"":""car"",""conf"":0.6513671875,""box"":[0.49503266631277026,0.5298423930854425,0.03671223157130603,0.03407594919552324]}]},""left"":{""boxes"":[]},""rear"":{""boxes"":[{""id"":""R_13"",""cls"":""car"",""conf"":0.494140625,""box"":[0.5422390508164548,0.566135021760741,0.09207058007350585,0.1428816846138614]},{""id"":""R_36"",""cls"":""potted plant"",""conf"":0.7041015625,""box"":[0.45056159099575,0.5382982410959063,0.0227779557247735,0.02931981932315259]},{""id"":""R_43"",""cls"":""potted plant"",""conf"":0.75341796875,""box"":[0.39264901309546396,0.5650508469439937,0.03743910501828003,0.039804520787870126]},{""id"":""R_59"",""cls"":""potted plant"",""conf"":0.88623046875,""box"":[0.3205238779236307,0.594297794103966,0.0441782204016123,0.060135298743504366]},{""id"":""R_25"",""cls"":""potted plant"",""conf"":0.658203125,""box"":[0.43045136700586895,0.5497955772672642,0.028243753717037558,0.03159987423886162]},{""id"":""R_78"",""cls"":""potted plant"",""conf"":0.90380859375,""box"":[0.1047649732568181,0.686199567625075,0.08467855026331499,0.1264644597814029]}]},""right"":{""boxes"":[{""id"":""RT_73"",""cls"":""truck"",""conf"":0.6806640625,""box"":[0.2877498269650771,0.5245225535709152,0.06169420409530013,0.045477097409266656]}]}}","[{""id"":""F_18"",""cls"":""vehicle"",""x"":28.708749771118164,""y"":-0.3609899878501892,""distance"":28.762915802001952},{""id"":""R_13"",""cls"":""vehicle"",""x"":-12.910983085632324,""y"":-0.8315843343734741,""distance"":13.067182540893555},{""id"":""R_13"",""cls"":""truck"",""x"":-12.910983085632324,""y"":-0.8315843343734741,""distance"":13.067182540893555},{""id"":""RT_73"",""cls"":""truck"",""x"":14.1388521194458,""y"":35.59001922607422,""distance"":38.43570442199707}]","[{""id"":""R_13"",""cls"":""vehicle"",""label"":""Car"",""dist_m"":13.067,""speed_mps"":0.808,""motion"":""approaching""},{""id"":""R_13"",""cls"":""truck"",""label"":""Truck"",""dist_m"":13.067,""speed_mps"":null,""motion"":""unknown""},{""id"":""F_18"",""cls"":""vehicle"",""label"":""Car"",""dist_m"":28.763,""speed_mps"":2.243,""motion"":""approaching""},{""id"":""RT_73"",""cls"":""truck"",""label"":""Truck"",""dist_m"":38.436,""speed_mps"":0.752,""motion"":""approaching""}]",frame_000069
"{""cam"":true,""radar"":true,""gnss"":true,""imu"":true,""lidar"":true}",498713568,3.1,298.8,14,8.2,"{""vehicle"":4,""person"":0,""cyclist"":0}",FALSE,"{""heading_deg"":265.6136258775065,""speed_mps"":2.3997411990882425,""accelerating"":true,""braking"":false,""turning_left"":false,""turning_right"":false,""world_x"":-29.33562469482422,""world_y"":-0.26388928294181824}","{""front"":{""boxes"":[{""id"":""F_18"",""cls"":""car"",""conf"":0.77197265625,""box"":[0.4950166919856992,0.5348309295660666,0.0327164648519914,0.02964551602898927]}]},""left"":{""boxes"":[]},""rear"":{""boxes"":[{""id"":""R_13"",""cls"":""car"",""conf"":0.513671875,""box"":[0.5386178531788671,0.5620113387981114,0.08985034887197081,0.13992493361556496]},{""id"":""R_36"",""cls"":""potted plant"",""conf"":0.70068359375,""box"":[0.4513960001876334,0.5351799395523327,0.02295927484004423,0.029319111448589532]},{""id"":""R_43"",""cls"":""potted plant"",""conf"":0.63525390625,""box"":[0.39653045148995364,0.5608180442070885,0.035352189269097514,0.037557952862479975]},{""id"":""R_59"",""cls"":""potted plant"",""conf"":0.85302734375,""box"":[0.32986867269933196,0.5860881348649526,0.0417175295262755,0.05536113344211403]},{""id"":""R_25"",""cls"":""potted plant"",""conf"":0.64794921875,""box"":[0.43186465973034005,0.5469486412270773,0.025991746180812302,0.0290959110880164]},{""id"":""R_78"",""cls"":""potted plant"",""conf"":0.85986328125,""box"":[0.14756618499133115,0.6614848547232174,0.07586102734702507,0.1114403384103543]}]},""right"":{""boxes"":[{""id"":""RT_73"",""cls"":""truck"",""conf"":0.5908203125,""box"":[0.2934410951917736,0.5254934257940852,0.06161258579432829,0.045445067028951236]}]}}","[{""id"":""F_18"",""cls"":""vehicle"",""x"":28.566225051879883,""y"":-1.18083918094635,""distance"":28.659052658081055},{""id"":""R_13"",""cls"":""vehicle"",""x"":-13.1865234375,""y"":-0.6535904407501221,""distance"":13.366798400878906},{""id"":""R_13"",""cls"":""truck"",""x"":-13.1865234375,""y"":-0.6535904407501221,""distance"":13.366798400878906},{""id"":""RT_73"",""cls"":""truck"",""x"":14.039682388305664,""y"":34.797515869140625,""distance"":37.57947463989258}]","[{""id"":""R_13"",""cls"":""vehicle"",""label"":""Car"",""dist_m"":13.367,""speed_mps"":0.827,""motion"":""approaching""},{""id"":""R_13"",""cls"":""truck"",""label"":""Truck"",""dist_m"":13.367,""speed_mps"":null,""motion"":""unknown""},{""id"":""F_18"",""cls"":""vehicle"",""label"":""Car"",""dist_m"":28.659,""speed_mps"":2.402,""motion"":""approaching""},{""id"":""RT_73"",""cls"":""truck"",""label"":""Truck"",""dist_m"":37.579,""speed_mps"":0.297,""motion"":""approaching""}]",frame_000070
"{""cam"":true,""radar"":true,""gnss"":true,""imu"":true,""lidar"":true}",832019594,3,334.1,14,12.6,"{""vehicle"":4,""person"":0,""cyclist"":0}",FALSE,"{""heading_deg"":266.1126668190243,""speed_mps"":2.563421727097605,""accelerating"":true,""braking"":false,""turning_left"":false,""turning_right"":false,""world_x"":-30.188308715820312,""world_y"":-0.3180754780769348}","{""front"":{""boxes"":[{""id"":""F_18"",""cls"":""car"",""conf"":0.81396484375,""box"":[0.4922220339929848,0.5378848651677548,0.03221086968390594,0.028687726365664013]}]},""left"":{""boxes"":[]},""rear"":{""boxes"":[{""id"":""R_13"",""cls"":""car"",""conf"":0.52734375,""box"":[0.5326544565619313,0.5594512210740991,0.08782653492431444,0.13748177320817354]},{""id"":""R_36"",""cls"":""potted plant"",""conf"":0.67724609375,""box"":[0.45014000691912326,0.5330281104691617,0.02252633176189418,0.028644151498995876]},{""id"":""R_43"",""cls"":""potted plant"",""conf"":0.70263671875,""box"":[0.39753593232597995,0.5576862893582922,0.03392709707270325,0.036155140070422816]},{""id"":""R_59"",""cls"":""potted plant"",""conf"":0.70263671875,""box"":[0.33604819924601526,0.579915444756633,0.04068911304445586,0.05300806588867412]},{""id"":""R_25"",""cls"":""potted plant"",""conf"":0.62060546875,""box"":[0.4310714300190227,0.5449165022126697,0.024955391687536112,0.02820600272429535]},{""id"":""R_78"",""cls"":""potted plant"",""conf"":0.830078125,""box"":[0.18138645534072845,0.6422826550617259,0.06901044284322029,0.09948586344775556]}]},""right"":{""boxes"":[{""id"":""RT_73"",""cls"":""truck"",""conf"":0.5849609375,""box"":[0.2962507758243552,0.5261880740123277,0.06249811167964601,0.0461382645635157]}]}}","[{""id"":""F_18"",""cls"":""vehicle"",""x"":27.76325225830078,""y"":-0.6484167575836182,""distance"":28.088266563415527},{""id"":""R_13"",""cls"":""vehicle"",""x"":-13.70089340209961,""y"":-0.5102852582931519,""distance"":13.875939750671387},{""id"":""R_13"",""cls"":""truck"",""x"":-13.70089340209961,""y"":-0.5102852582931519,""distance"":13.875939750671387},{""id"":""RT_73"",""cls"":""truck"",""x"":13.4110107421875,""y"":34.11909866333008,""distance"":37.023813247680664}]","[{""id"":""R_13"",""cls"":""vehicle"",""label"":""Car"",""dist_m"":13.876,""speed_mps"":1.543,""motion"":""approaching""},{""id"":""R_13"",""cls"":""truck"",""label"":""Truck"",""dist_m"":13.876,""speed_mps"":null,""motion"":""unknown""},{""id"":""F_18"",""cls"":""vehicle"",""label"":""Car"",""dist_m"":28.088,""speed_mps"":2.56,""motion"":""approaching""},{""id"":""RT_73"",""cls"":""truck"",""label"":""Truck"",""dist_m"":37.024,""speed_mps"":1.886,""motion"":""approaching""}]",frame_000071
"{""cam"":true,""radar"":true,""gnss"":true,""imu"":true,""lidar"":true}",165362847,3.1,240.9,31,8.8,"{""vehicle"":4,""person"":0,""cyclist"":0}",FALSE,"{""heading_deg"":265.57988474300663,""speed_mps"":2.72107574117955,""accelerating"":true,""braking"":false,""turning_left"":true,""turning_right"":false,""world_x"":-31.09270477294922,""world_y"":-0.38744083046913147}","{""front"":{""boxes"":[{""id"":""F_18"",""cls"":""car"",""conf"":0.8291015625,""box"":[0.48805029443950365,0.5382433879234187,0.035752520248198305,0.03183599145425167]}]},""left"":{""boxes"":[]},""rear"":{""boxes"":[{""id"":""R_13"",""cls"":""truck"",""conf"":0.51953125,""box"":[0.5254878551244478,0.5569666654188385,0.08511145888409466,0.13348811191580864]},{""id"":""R_36"",""cls"":""potted plant"",""conf"":0.57958984375,""box"":[0.4472883421351453,0.5322922763839906,0.021890059666435223,0.02771998336237734]},{""id"":""R_43"",""cls"":""potted plant"",""conf"":0.65673828125,""box"":[0.39745541640182835,0.5549370076995278,0.03279965717715485,0.03503483388002841]},{""id"":""R_59"",""cls"":""potted plant"",""conf"":0.70556640625,""box"":[0.3409062207572989,0.57697817841843,0.03632848278282434,0.04605416491353154]},{""id"":""R_78"",""cls"":""potted plant"",""conf"":0.87255859375,""box"":[0.20839739409660424,0.6282825118000301,0.061637679862660756,0.08698021895314281]}]},""right"":{""boxes"":[{""id"":""RT_73"",""cls"":""truck"",""conf"":0.70556640625,""box"":[0.29944673023151014,0.5262454336898555,0.06405749482996707,0.047439003490815895]}]}}","[{""id"":""F_18"",""cls"":""vehicle"",""x"":26.24236297607422,""y"":-0.4242785573005676,""distance"":26.420783615112306},{""id"":""R_13"",""cls"":""truck"",""x"":-14.260581016540527,""y"":-0.8436173796653748,""distance"":14.419723892211914},{""id"":""R_13"",""cls"":""vehicle"",""x"":-14.260581016540527,""y"":-0.8436173796653748,""distance"":14.419723892211914},{""id"":""RT_73"",""cls"":""truck"",""x"":12.129053115844727,""y"":33.857078552246094,""distance"":36.04009895324707}]","[{""id"":""R_13"",""cls"":""truck"",""label"":""Truck"",""dist_m"":14.42,""speed_mps"":1.679,""motion"":""approaching""},{""id"":""R_13"",""cls"":""vehicle"",""label"":""Car"",""dist_m"":14.42,""speed_mps"":null,""motion"":""unknown""},{""id"":""F_18"",""cls"":""vehicle"",""label"":""Car"",""dist_m"":26.421,""speed_mps"":2.721,""motion"":""approaching""},{""id"":""RT_73"",""cls"":""truck"",""label"":""Truck"",""dist_m"":36.04,""speed_mps"":3.846,""motion"":""approaching""}]",frame_000072
"{""cam"":true,""radar"":true,""gnss"":true,""imu"":true,""lidar"":true}",498740960,3.2,250.1,31,9.2,"{""vehicle"":4,""person"":0,""cyclist"":0}",FALSE,"{""heading_deg"":264.1565279614893,""speed_mps"":2.8716200656659674,""accelerating"":true,""braking"":false,""turning_left"":true,""turning_right"":false,""world_x"":-32.04454803466797,""world_y"":-0.48983654379844666}","{""front"":{""boxes"":[{""id"":""F_18"",""cls"":""car"",""conf"":0.875,""box"":[0.48920226495913266,0.5395370865398984,0.03673438239175475,0.032622454796378264]}]},""left"":{""boxes"":[]},""rear"":{""boxes"":[{""id"":""R_13"",""cls"":""truck"",""conf"":0.509765625,""box"":[0.5258010597469729,0.5545109020980086,0.08207114011106649,0.1289140998470355]},{""id"":""R_36"",""cls"":""potted plant"",""conf"":0.5546875,""box"":[0.44991170691362103,0.5308388836544775,0.022009675692789443,0.02777192401262886]},{""id"":""R_43"",""cls"":""potted plant"",""conf"":0.75927734375,""box"":[0.4036722951039974,0.5521336063320657,0.0313991954999544,0.03364268086750144]},{""id"":""R_59"",""cls"":""potted plant"",""conf"":0.6669921875,""box"":[0.3517263786825612,0.5711863053712845,0.03606287918943592,0.04496110378609366]},{""id"":""R_78"",""cls"":""potted plant"",""conf"":0.8642578125,""box"":[0.24060509577879455,0.6146529691377403,0.056509849059226666,0.07807721144832805]},{""id"":""R_25"",""cls"":""potted plant"",""conf"":0.60400390625,""box"":[0.4347566363083251,0.5426500025847767,0.022761079737725343,0.0259051688779025]}]},""right"":{""boxes"":[{""id"":""RT_73"",""cls"":""truck"",""conf"":0.7216796875,""box"":[0.30941583189786015,0.526769877221391,0.06566983617102914,0.04895004061693999]}]}}","[{""id"":""F_18"",""cls"":""vehicle"",""x"":25.356342315673828,""y"":0.04552550986409187,""distance"":25.912628173828125},{""id"":""R_13"",""cls"":""truck"",""x"":-14.881134033203125,""y"":-1.1014169454574585,""distance"":15.065330696105956},{""id"":""R_13"",""cls"":""vehicle"",""x"":-14.881134033203125,""y"":-1.1014169454574585,""distance"":15.065330696105956},{""id"":""RT_73"",""cls"":""truck"",""x"":10.785737037658691,""y"":33.481502532958984,""distance"":35.24285621643067}]","[{""id"":""R_13"",""cls"":""truck"",""label"":""Truck"",""dist_m"":15.065,""speed_mps"":1.861,""motion"":""approaching""},{""id"":""R_13"",""cls"":""vehicle"",""label"":""Car"",""dist_m"":15.065,""speed_mps"":null,""motion"":""unknown""},{""id"":""F_18"",""cls"":""vehicle"",""label"":""Car"",""dist_m"":25.913,""speed_mps"":2.878,""motion"":""approaching""},{""id"":""RT_73"",""cls"":""truck"",""label"":""Truck"",""dist_m"":35.243,""speed_mps"":4.029,""motion"":""approaching""}]",frame_000073
"{""cam"":true,""radar"":true,""gnss"":true,""imu"":true,""lidar"":true}",832032303,3.1,256,31,8.8,"{""vehicle"":4,""person"":0,""cyclist"":0}",FALSE,"{""heading_deg"":261.5089827146523,""speed_mps"":2.987028989394996,""accelerating"":true,""braking"":false,""turning_left"":true,""turning_right"":false,""world_x"":-33.02869415283203,""world_y"":-0.6400952339172363}","{""front"":{""boxes"":[{""id"":""F_18"",""cls"":""car"",""conf"":0.86865234375,""box"":[0.4971399647891947,0.540023824124828,0.04003717890015501,0.03560625657316508]}]},""left"":{""boxes"":[{""id"":""L_104"",""cls"":""traffic light"",""conf"":0.56787109375,""box"":[0.7778125,0.4186979166666666,0.006637547940920463,0.021562499999999988]}]},""rear"":{""boxes"":[{""id"":""R_13"",""cls"":""truck"",""conf"":0.59619140625,""box"":[0.5314590741749748,0.55207472100081,0.078368403657558,0.12343202780762942]},{""id"":""R_36"",""cls"":""potted plant"",""conf"":0.56396484375,""box"":[0.4602204285646135,0.5301832830716321,0.02132196460719511,0.026757336336051728]},{""id"":""R_43"",""cls"":""potted plant"",""conf"":0.70263671875,""box"":[0.41770712841145397,0.5498572917658845,0.029487392138541058,0.031789451746344115]},{""id"":""R_59"",""cls"":""potted plant"",""conf"":0.77197265625,""box"":[0.3712658456563541,0.5658362934990497,0.03496937407726954,0.043211789977805046]},{""id"":""R_78"",""cls"":""potted plant"",""conf"":0.86865234375,""box"":[0.2775548446377516,0.6028505080974889,0.05093566912846801,0.06890846019694491]},{""id"":""R_25"",""cls"":""potted plant"",""conf"":0.5888671875,""box"":[0.44525603775701805,0.5412983493052634,0.02123019839417033,0.024102278399541828]}]},""right"":{""boxes"":[{""id"":""RT_73"",""cls"":""truck"",""conf"":0.662109375,""box"":[0.328583258678709,0.5266095519110486,0.06592831083582759,0.049504084799357764]}]}}","[{""id"":""F_18"",""cls"":""vehicle"",""x"":24.823041915893555,""y"":0.40132567286491394,""distance"":33.20635223388672},{""id"":""R_13"",""cls"":""truck"",""x"":-15.47801399230957,""y"":-1.448930025100708,""distance"":15.855605697631836},{""id"":""R_13"",""cls"":""vehicle"",""x"":-15.47801399230957,""y"":-1.448930025100708,""distance"":15.855605697631836},{""id"":""RT_73"",""cls"":""truck"",""x"":8.958100318908691,""y"":33.4924201965332,""distance"":34.79257354736328}]","[{""id"":""R_13"",""cls"":""truck"",""label"":""Truck"",""dist_m"":15.856,""speed_mps"":1.791,""motion"":""approaching""},{""id"":""R_13"",""cls"":""vehicle"",""label"":""Car"",""dist_m"":15.856,""speed_mps"":null,""motion"":""unknown""},{""id"":""F_18"",""cls"":""vehicle"",""label"":""Car"",""dist_m"":33.206,""speed_mps"":2.992,""motion"":""approaching""},{""id"":""RT_73"",""cls"":""truck"",""label"":""Truck"",""dist_m"":34.793,""speed_mps"":5.484,""motion"":""approaching""}]",frame_000074
"{""cam"":true,""radar"":true,""gnss"":true,""imu"":true,""lidar"":true}",165377356,3.2,226.5,16,8.8,"{""vehicle"":3,""person"":0,""cyclist"":0}",FALSE,"{""heading_deg"":257.560013223361,""speed_mps"":2.9574758019698875,""accelerating"":false,""braking"":false,""turning_left"":true,""turning_right"":false,""world_x"":-33.990455627441406,""world_y"":-0.8567409515380859}","{""front"":{""boxes"":[{""id"":""F_18"",""cls"":""car"",""conf"":0.8427734375,""box"":[0.514553385333137,0.541347889459728,0.040986071144725675,0.036415279571963846]}]},""left"":{""boxes"":[]},""rear"":{""boxes"":[{""id"":""R_13"",""cls"":""truck"",""conf"":0.60595703125,""box"":[0.550858646726787,0.54965079615532,0.07484010353926873,0.11762568629704309]},{""id"":""R_78"",""cls"":""potted plant"",""conf"":0.8232421875,""box"":[0.32177946803264945,0.5911370560280216,0.04726717070508042,0.06292041782108532]},{""id"":""R_25"",""cls"":""potted plant"",""conf"":0.5888671875,""box"":[0.4483304639239428,0.5467346689741589,0.023969655659484966,0.027152228080553443]}]},""right"":{""boxes"":[]}}","[{""id"":""F_18"",""cls"":""vehicle"",""x"":38.10506820678711,""y"":2.192610263824463,""distance"":38.243873596191406},{""id"":""R_13"",""cls"":""truck"",""x"":-15.936326026916504,""y"":-2.4131009578704834,""distance"":16.300579071044922},{""id"":""R_13"",""cls"":""vehicle"",""x"":-15.936326026916504,""y"":-2.4131009578704834,""distance"":16.300579071044922}]","[{""id"":""R_13"",""cls"":""truck"",""label"":""Truck"",""dist_m"":16.301,""speed_mps"":1.375,""motion"":""approaching""},{""id"":""R_13"",""cls"":""vehicle"",""label"":""Car"",""dist_m"":16.301,""speed_mps"":null,""motion"":""unknown""},{""id"":""F_18"",""cls"":""vehicle"",""label"":""Car"",""dist_m"":38.244,""speed_mps"":2.944,""motion"":""approaching""}]",frame_000075
"{""cam"":true,""radar"":true,""gnss"":true,""imu"":true,""lidar"":true}",498677414,3.1,253.1,16,10.7,"{""vehicle"":2,""person"":0,""cyclist"":0}",FALSE,"{""heading_deg"":252.64148471900813,""speed_mps"":2.8151813139412947,""accelerating"":false,""braking"":true,""turning_left"":true,""turning_right"":false,""world_x"":-34.885406494140625,""world_y"":-1.1386439800262451}","{""front"":{""boxes"":[]},""left"":{""boxes"":[]},""rear"":{""boxes"":[{""id"":""R_13"",""cls"":""truck"",""conf"":0.62451171875,""box"":[0.5776557794875419,0.5484938084383072,0.07225833856193509,0.1135155420335962]},{""id"":""R_78"",""cls"":""potted plant"",""conf"":0.822265625,""box"":[0.3715832102309731,0.5821500167622454,0.04174247029040727,0.05449873622442306]}]},""right"":{""boxes"":[]}}","[{""id"":""R_13"",""cls"":""truck"",""x"":-16.483827590942383,""y"":-3.299854040145874,""distance"":17.148809051513673},{""id"":""R_13"",""cls"":""vehicle"",""x"":-16.483827590942383,""y"":-3.299854040145874,""distance"":17.148809051513673}]","[{""id"":""R_13"",""cls"":""truck"",""label"":""Truck"",""dist_m"":17.149,""speed_mps"":1.643,""motion"":""approaching""},{""id"":""R_13"",""cls"":""vehicle"",""label"":""Car"",""dist_m"":17.149,""speed_mps"":null,""motion"":""unknown""}]",frame_000076
"{""cam"":true,""radar"":true,""gnss"":true,""imu"":true,""lidar"":true}",832142201,3.1,307.7,16,11.7,"{""vehicle"":0,""person"":0,""cyclist"":0}",FALSE,"{""heading_deg"":246.79424173283024,""speed_mps"":2.6207700342901594,""accelerating"":false,""braking"":true,""turning_left"":true,""turning_right"":false,""world_x"":-35.68363952636719,""world_y"":-1.4944262504577637}","{""front"":{""boxes"":[]},""left"":{""boxes"":[]},""rear"":{""boxes"":[]},""right"":{""boxes"":[]}}",[],[],frame_000077
"{""cam"":true,""radar"":true,""gnss"":true,""imu"":true,""lidar"":true}",165378698,3.1,314.7,22,8.2,"{""vehicle"":0,""person"":0,""cyclist"":0}",FALSE,"{""heading_deg"":240.85853413652237,""speed_mps"":2.4376649142588946,""accelerating"":false,""braking"":true,""turning_left"":true,""turning_right"":false,""world_x"":-36.3823356628418,""world_y"":-1.90877103805542}","{""front"":{""boxes"":[]},""left"":{""boxes"":[]},""rear"":{""boxes"":[]},""right"":{""boxes"":[]}}",[],[],frame_000078
"{""cam"":true,""radar"":true,""gnss"":true,""imu"":true,""lidar"":true}",498732560,3.1,315.1,22,11.2,"{""vehicle"":0,""person"":0,""cyclist"":0}",FALSE,"{""heading_deg"":235.12639349823755,""speed_mps"":2.261399762692687,""accelerating"":false,""braking"":true,""turning_left"":true,""turning_right"":false,""world_x"":-36.98459243774414,""world_y"":-2.362165927886963}","{""front"":{""boxes"":[]},""left"":{""boxes"":[]},""rear"":{""boxes"":[]},""right"":{""boxes"":[]}}",[],[],frame_000079
"{""cam"":true,""radar"":true,""gnss"":true,""imu"":true,""lidar"":true}",832048154,3.1,259.3,22,10.5,"{""vehicle"":0,""person"":0,""cyclist"":0}",FALSE,"{""heading_deg"":230.54795377303793,""speed_mps"":2.123523365428565,""accelerating"":false,""braking"":true,""turning_left"":true,""turning_right"":false,""world_x"":-37.51340103149414,""world_y"":-2.832637071609497}","{""front"":{""boxes"":[]},""left"":{""boxes"":[]},""rear"":{""boxes"":[]},""right"":{""boxes"":[]}}",[],[],frame_000080
"{""cam"":true,""radar"":true,""gnss"":true,""imu"":true,""lidar"":true}",165394438,3.2,241.2,31,9,"{""vehicle"":0,""person"":0,""cyclist"":0}",FALSE,"{""heading_deg"":226.91837758771482,""speed_mps"":2.01248322790876,""accelerating"":false,""braking"":true,""turning_left"":true,""turning_right"":false,""world_x"":-37.98678970336914,""world_y"":-3.3079705238342285}","{""front"":{""boxes"":[]},""left"":{""boxes"":[]},""rear"":{""boxes"":[]},""right"":{""boxes"":[]}}",[],[],frame_000081
"{""cam"":true,""radar"":true,""gnss"":true,""imu"":true,""lidar"":true}",498698096,3.1,265.2,31,11.1,"{""vehicle"":0,""person"":0,""cyclist"":0}",FALSE,"{""heading_deg"":224.49285447003822,""speed_mps"":1.916485154251575,""accelerating"":false,""braking"":false,""turning_left"":true,""turning_right"":false,""world_x"":-38.42042922973633,""world_y"":-3.7769908905029297}","{""front"":{""boxes"":[]},""left"":{""boxes"":[]},""rear"":{""boxes"":[]},""right"":{""boxes"":[]}}",[],[],frame_000082
"{""cam"":true,""radar"":true,""gnss"":true,""imu"":true,""lidar"":true}",832086818,3.1,259.1,31,10.1,"{""vehicle"":0,""person"":0,""cyclist"":0}",FALSE,"{""heading_deg"":222.9865518712403,""speed_mps"":1.863033974715626,""accelerating"":false,""braking"":false,""turning_left"":true,""turning_right"":false,""world_x"":-38.835262298583984,""world_y"":-4.239262580871582}","{""front"":{""boxes"":[]},""left"":{""boxes"":[]},""rear"":{""boxes"":[]},""right"":{""boxes"":[]}}",[],[],frame_000083
"{""cam"":true,""radar"":true,""gnss"":true,""imu"":true,""lidar"":true}",165377309,3.1,280.6,18,14.4,"{""vehicle"":0,""person"":0,""cyclist"":0}",FALSE,"{""heading_deg"":222.68947962347974,""speed_mps"":1.8845813643393552,""accelerating"":false,""braking"":false,""turning_left"":false,""turning_right"":false,""world_x"":-39.257999420166016,""world_y"":-4.7038254737854}","{""front"":{""boxes"":[]},""left"":{""boxes"":[{""id"":""L_202"",""cls"":""traffic light"",""conf"":0.88623046875,""box"":[0.05634765625,0.28359375,0.017732603261313495,0.05520833333333333]}]},""rear"":{""boxes"":[]},""right"":{""boxes"":[]}}",[],[],frame_000084
"{""cam"":true,""radar"":true,""gnss"":true,""imu"":true,""lidar"":true}",477896223,3.1,314.4,18,20.5,"{""vehicle"":4,""person"":0,""cyclist"":0}",FALSE,"{""heading_deg"":223.2401977762579,""speed_mps"":0.2842450059060312,""accelerating"":false,""braking"":false,""turning_left"":false,""turning_right"":true,""world_x"":-39.71340560913086,""world_y"":-5.177825927734375}","{""front"":{""boxes"":[]},""left"":{""boxes"":[]},""rear"":{""boxes"":[{""id"":""R_210"",""cls"":""truck"",""conf"":0.5546875,""box"":[0.8754687499999999,0.5514583333333333,0.10606416792280289,0.1191666666666667]}]},""right"":{""boxes"":[{""id"":""RT_211"",""cls"":""car"",""conf"":0.9208984375,""box"":[0.053457031249999995,0.5693229166666666,0.08177356296802041,0.08177083333333333]},{""id"":""RT_212"",""cls"":""truck"",""conf"":0.73583984375,""box"":[0.835234375,0.5332291666666666,0.06798422029702973,0.0625]}]}}","[{""id"":""R_210"",""cls"":""truck"",""x"":-16.7155818939209,""y"":-10.692724227905273,""distance"":20.05612907409668},{""id"":""R_210"",""cls"":""vehicle"",""x"":-16.7155818939209,""y"":-10.692724227905273,""distance"":20.05612907409668},{""id"":""RT_211"",""cls"":""vehicle"",""x"":10.652124404907227,""y"":14.216347694396973,""distance"":17.830142974853516},{""id"":""RT_212"",""cls"":""truck"",""x"":-18.723514556884766,""y"":26.293466567993164,""distance"":32.29342460632324}]","[{""id"":""RT_211"",""cls"":""vehicle"",""label"":""Car"",""dist_m"":17.83,""speed_mps"":null,""motion"":""unknown""},{""id"":""R_210"",""cls"":""truck"",""label"":""Truck"",""dist_m"":20.056,""speed_mps"":null,""motion"":""unknown""},{""id"":""R_210"",""cls"":""vehicle"",""label"":""Car"",""dist_m"":20.056,""speed_mps"":null,""motion"":""unknown""},{""id"":""RT_212"",""cls"":""truck"",""label"":""Truck"",""dist_m"":32.293,""speed_mps"":null,""motion"":""unknown""}]",frame_000085
"{""cam"":true,""radar"":true,""gnss"":true,""imu"":true,""lidar"":true}",597622441,3.1,277,18,11.5,"{""vehicle"":4,""person"":0,""cyclist"":0}",FALSE,"{""heading_deg"":224.82969207914655,""speed_mps"":5.832727792292619,""accelerating"":true,""braking"":false,""turning_left"":false,""turning_right"":true,""world_x"":-40.215572357177734,""world_y"":-5.663101673126221}","{""front"":{""boxes"":[]},""left"":{""boxes"":[]},""rear"":{""boxes"":[{""id"":""R_210"",""cls"":""truck"",""conf"":0.5849609375,""box"":[0.857011116748151,0.5482959052308748,0.10152751138692633,0.1139770410626322]},{""id"":""R_215"",""cls"":""traffic light"",""conf"":0.8115234375,""box"":[0.27572265625000003,0.31255208333333334,0.015363741743835747,0.04802083333333336]},{""id"":""R_216"",""cls"":""traffic light"",""conf"":0.810546875,""box"":[0.37933593750000005,0.3389583333333333,0.014440515792935083,0.04145833333333335]},{""id"":""R_219"",""cls"":""car"",""conf"":0.61669921875,""box"":[0.05249755859375001,0.5072395833333333,0.014553087856471825,0.016562499999999977]}]},""right"":{""boxes"":[{""id"":""RT_211"",""cls"":""car"",""conf"":0.916015625,""box"":[0.06702465007622069,0.5698754385495998,0.0842230602244543,0.08413878426018945]},{""id"":""RT_212"",""cls"":""truck"",""conf"":0.7646484375,""box"":[0.8396904101002864,0.5327072886819484,0.06758887067647468,0.06209855539637062]}]}}","[{""id"":""R_210"",""cls"":""truck"",""x"":-17.5991153717041,""y"":-10.21572494506836,""distance"":20.53780174255371},{""id"":""R_210"",""cls"":""vehicle"",""x"":-17.5991153717041,""y"":-10.21572494506836,""distance"":20.53780174255371},{""id"":""RT_211"",""cls"":""vehicle"",""x"":10.569671630859375,""y"":13.888545989990234,""distance"":17.52043342590332},{""id"":""RT_212"",""cls"":""truck"",""x"":-18.18521499633789,""y"":26.73904800415039,""distance"":32.3637191772461}]","[{""id"":""RT_211"",""cls"":""vehicle"",""label"":""Car"",""dist_m"":17.52,""speed_mps"":0.689,""motion"":""approaching""},{""id"":""R_210"",""cls"":""truck"",""label"":""Truck"",""dist_m"":20.538,""speed_mps"":7.38,""motion"":""approaching""},{""id"":""R_210"",""cls"":""vehicle"",""label"":""Car"",""dist_m"":20.538,""speed_mps"":null,""motion"":""unknown""},{""id"":""RT_212"",""cls"":""truck"",""label"":""Truck"",""dist_m"":32.364,""speed_mps"":4.496,""motion"":""receding""}]",frame_000086
"{""cam"":true,""radar"":true,""gnss"":true,""imu"":true,""lidar"":true}",832041531,3.2,293.6,25,11.6,"{""vehicle"":4,""person"":0,""cyclist"":0}",FALSE,"{""heading_deg"":227.5662483512472,""speed_mps"":3.1767726105418395,""accelerating"":true,""braking"":false,""turning_left"":false,""turning_right"":true,""world_x"":-40.7823600769043,""world_y"":-6.14613676071167}","{""front"":{""boxes"":[]},""left"":{""boxes"":[]},""rear"":{""boxes"":[{""id"":""R_210"",""cls"":""truck"",""conf"":0.70263671875,""box"":[0.8243535622968654,0.5439445072081458,0.0950029241263973,0.10647319596214763]},{""id"":""R_215"",""cls"":""traffic light"",""conf"":0.8310546875,""box"":[0.27242450815238783,0.32061760064730954,0.01457769186789557,0.04550795859229553]},{""id"":""R_223"",""cls"":""traffic light"",""conf"":0.87841796875,""box"":[0.108037109375,0.28122395833333336,0.01774499094986224,0.05744791666666664]}]},""right"":{""boxes"":[{""id"":""RT_211"",""cls"":""car"",""conf"":0.9267578125,""box"":[0.07161899755768616,0.5728408173509165,0.08605460709426667,0.08576163668807606]},{""id"":""RT_212"",""cls"":""truck"",""conf"":0.55810546875,""box"":[0.8337078104878343,0.5329395373390055,0.06827671493857394,0.06277764108682457]}]}}","[{""id"":""R_210"",""cls"":""truck"",""x"":-18.76325225830078,""y"":-9.579767227172852,""distance"":21.23186511993408},{""id"":""RT_211"",""cls"":""vehicle"",""x"":10.594487190246582,""y"":12.961114883422852,""distance"":17.034851837158204},{""id"":""RT_212"",""cls"":""truck"",""x"":-17.569974899291992,""y"":27.07134246826172,""distance"":32.28886032104492},{""id"":""RT_212"",""cls"":""truck"",""x"":-17.569974899291992,""y"":27.07134246826172,""distance"":32.28886032104492}]","[{""id"":""RT_211"",""cls"":""vehicle"",""label"":""Car"",""dist_m"":17.035,""speed_mps"":0.106,""motion"":""stationary""},{""id"":""R_210"",""cls"":""truck"",""label"":""Truck"",""dist_m"":21.232,""speed_mps"":4.966,""motion"":""approaching""},{""id"":""RT_212"",""cls"":""truck"",""label"":""Truck"",""dist_m"":32.289,""speed_mps"":2.625,""motion"":""receding""},{""id"":""RT_212"",""cls"":""truck"",""label"":""Truck"",""dist_m"":32.289,""speed_mps"":null,""motion"":""unknown""}]",frame_000087
"{""cam"":true,""radar"":true,""gnss"":true,""imu"":true,""lidar"":true}",165339790,3.2,273.6,25,10.1,"{""vehicle"":3,""person"":0,""cyclist"":0}",FALSE,"{""heading_deg"":229.42558976786475,""speed_mps"":2.396310250551878,""accelerating"":true,""braking"":false,""turning_left"":false,""turning_right"":true,""world_x"":-41.40224838256836,""world_y"":-6.6497602462768555}","{""front"":{""boxes"":[]},""left"":{""boxes"":[]},""rear"":{""boxes"":[{""id"":""R_210"",""cls"":""truck"",""conf"":0.6689453125,""box"":[0.7808352789353897,0.5399463221338814,0.08827586519614714,0.09878041777393634]}]},""right"":{""boxes"":[{""id"":""RT_211"",""cls"":""car"",""conf"":0.93359375,""box"":[0.06072208299102151,0.5761012389370178,0.08935771408494607,0.08852453488927517]},{""id"":""RT_212"",""cls"":""truck"",""conf"":0.658203125,""box"":[0.8145292631503491,0.5324417299668031,0.06790423066398751,0.06260948652641561]}]}}","[{""id"":""R_210"",""cls"":""truck"",""x"":-20.192842483520508,""y"":-9.007741928100586,""distance"":22.649268913269044},{""id"":""RT_211"",""cls"":""vehicle"",""x"":10.638778686523438,""y"":12.764599800109863,""distance"":16.748106384277342},{""id"":""RT_212"",""cls"":""truck"",""x"":-17.623271942138672,""y"":26.941062927246094,""distance"":32.30675048828125}]","[{""id"":""RT_211"",""cls"":""vehicle"",""label"":""Car"",""dist_m"":16.748,""speed_mps"":0.133,""motion"":""stationary""},{""id"":""R_210"",""cls"":""truck"",""label"":""Truck"",""dist_m"":22.649,""speed_mps"":4.289,""motion"":""approaching""},{""id"":""RT_212"",""cls"":""truck"",""label"":""Truck"",""dist_m"":32.307,""speed_mps"":0.16,""motion"":""stationary""}]",frame_000088
"{""cam"":true,""radar"":true,""gnss"":true,""imu"":true,""lidar"":true}",498784269,3.2,308.9,25,13.3,"{""vehicle"":4,""person"":0,""cyclist"":0}",FALSE,"{""heading_deg"":230.44145746349912,""speed_mps"":2.5583491471276334,""accelerating"":true,""braking"":false,""turning_left"":false,""turning_right"":true,""world_x"":-42.06563949584961,""world_y"":-7.186077117919922}","{""front"":{""boxes"":[]},""left"":{""boxes"":[]},""rear"":{""boxes"":[{""id"":""R_210"",""cls"":""truck"",""conf"":0.67041015625,""box"":[0.7450554559390461,0.5373459615714214,0.08314250866899338,0.09282097555699505]},{""id"":""R_232"",""cls"":""traffic light"",""conf"":0.8740234375,""box"":[0.0943896484375,0.29614583333333333,0.017345007553684823,0.05270833333333336]}]},""right"":{""boxes"":[{""id"":""RT_211"",""cls"":""car"",""conf"":0.921875,""box"":[0.05670781415151114,0.5791711426575997,0.09285641502252137,0.09124149126130802]},{""id"":""RT_212"",""cls"":""bus"",""conf"":0.673828125,""box"":[0.8004832008191972,0.5322805429106744,0.06598941752682137,0.061036730884083214]}]}}","[{""id"":""R_210"",""cls"":""truck"",""x"":-21.0682373046875,""y"":-8.171106338500977,""distance"":22.816799926757813},{""id"":""R_210"",""cls"":""vehicle"",""x"":-21.0682373046875,""y"":-8.171106338500977,""distance"":22.816799926757813},{""id"":""RT_211"",""cls"":""vehicle"",""x"":9.238800048828125,""y"":12.827308654785156,""distance"":16.31468105316162},{""id"":""RT_212"",""cls"":""truck"",""x"":-17.18831443786621,""y"":27.3355712890625,""distance"":32.30824203491211}]","[{""id"":""RT_211"",""cls"":""vehicle"",""label"":""Car"",""dist_m"":16.315,""speed_mps"":4.199,""motion"":""approaching""},{""id"":""R_210"",""cls"":""truck"",""label"":""Truck"",""dist_m"":22.817,""speed_mps"":2.625,""motion"":""approaching""},{""id"":""R_210"",""cls"":""vehicle"",""label"":""Car"",""dist_m"":22.817,""speed_mps"":null,""motion"":""unknown""},{""id"":""RT_212"",""cls"":""truck"",""label"":""Truck"",""dist_m"":32.308,""speed_mps"":1.304,""motion"":""receding""}]",frame_000089
"{""cam"":true,""radar"":true,""gnss"":true,""imu"":true,""lidar"":true}",832069791,3.2,309.9,35,13.9,"{""vehicle"":4,""person"":0,""cyclist"":0}",FALSE,"{""heading_deg"":230.11538423252267,""speed_mps"":2.720048844660673,""accelerating"":true,""braking"":false,""turning_left"":true,""turning_right"":false,""world_x"":-42.763912200927734,""world_y"":-7.764223098754883}","{""front"":{""boxes"":[]},""left"":{""boxes"":[]},""rear"":{""boxes"":[{""id"":""R_210"",""cls"":""truck"",""conf"":0.751953125,""box"":[0.7206157234443801,0.535354357724486,0.07885108540094592,0.087799150651296]},{""id"":""R_240"",""cls"":""traffic light"",""conf"":0.68408203125,""box"":[0.33746093749999995,0.362265625,0.012890518066405177,0.03463541666666667]},{""id"":""R_241"",""cls"":""traffic light"",""conf"":0.7490234375,""box"":[0.24912109375,0.34096354166666665,0.015204267421934503,0.04130208333333331]},{""id"":""R_223"",""cls"":""traffic light"",""conf"":0.85107421875,""box"":[0.1075920150872783,0.3067179700356157,0.015447406848579393,0.04988131377539761]}]},""right"":{""boxes"":[{""id"":""RT_211"",""cls"":""car"",""conf"":0.9326171875,""box"":[0.06426651151968091,0.5809054562763695,0.09572378378591448,0.09285513297356356]},{""id"":""RT_212"",""cls"":""bus"",""conf"":0.77880859375,""box"":[0.7968883865146429,0.5320501229284726,0.064678939214543,0.06012338103493515]}]}}","[{""id"":""R_210"",""cls"":""truck"",""x"":-22.186538696289062,""y"":-8.179709434509277,""distance"":23.868994522094727},{""id"":""RT_211"",""cls"":""vehicle"",""x"":8.861031532287598,""y"":12.586434364318848,""distance"":15.805860900878907},{""id"":""RT_212"",""cls"":""truck"",""x"":-21.733867645263672,""y"":40.10174560546875,""distance"":45.67934036254883},{""id"":""RT_212"",""cls"":""truck"",""x"":-21.733867645263672,""y"":40.10174560546875,""distance"":45.67934036254883}]","[{""id"":""RT_211"",""cls"":""vehicle"",""label"":""Car"",""dist_m"":15.806,""speed_mps"":1.133,""motion"":""approaching""},{""id"":""R_210"",""cls"":""truck"",""label"":""Truck"",""dist_m"":23.869,""speed_mps"":3.355,""motion"":""approaching""},{""id"":""RT_212"",""cls"":""truck"",""label"":""Truck"",""dist_m"":45.679,""speed_mps"":13.639,""motion"":""approaching""},{""id"":""RT_212"",""cls"":""truck"",""label"":""Truck"",""dist_m"":45.679,""speed_mps"":null,""motion"":""unknown""}]",frame_000090
"{""cam"":true,""radar"":true,""gnss"":true,""imu"":true,""lidar"":true}",165422213,3.3,241.1,35,12.2,"{""vehicle"":4,""person"":0,""cyclist"":0}",FALSE,"{""heading_deg"":228.54568381784867,""speed_mps"":2.877618312650508,""accelerating"":true,""braking"":false,""turning_left"":true,""turning_right"":false,""world_x"":-43.48067855834961,""world_y"":-8.401739120483398}","{""front"":{""boxes"":[]},""left"":{""boxes"":[]},""rear"":{""boxes"":[{""id"":""R_210"",""cls"":""truck"",""conf"":0.7919921875,""box"":[0.7105836347060392,0.5341124656919857,0.07530715601587135,0.08344205668849541]},{""id"":""R_215"",""cls"":""traffic light"",""conf"":0.80908203125,""box"":[0.26677627612686694,0.3504040392381382,0.0125813784379317,0.03898825410778925]}]},""right"":{""boxes"":[{""id"":""RT_211"",""cls"":""car"",""conf"":0.92041015625,""box"":[0.09209731235146233,0.5803937808623282,0.09695787405023257,0.09265932716982661]},{""id"":""RT_212"",""cls"":""bus"",""conf"":0.54296875,""box"":[0.8091868091044108,0.5317965372665052,0.06437764672703557,0.06019052790923087]}]}}","[{""id"":""R_210"",""cls"":""truck"",""x"":-22.650543212890625,""y"":-8.973591804504395,""distance"":24.70910511016846},{""id"":""RT_211"",""cls"":""vehicle"",""x"":8.528674125671387,""y"":13.456120491027832,""distance"":16.282494735717773},{""id"":""RT_212"",""cls"":""truck"",""x"":-21.352577209472656,""y"":37.76293182373047,""distance"":44.27091255187988},{""id"":""RT_212"",""cls"":""truck"",""x"":-21.352577209472656,""y"":37.76293182373047,""distance"":44.27091255187988}]","[{""id"":""RT_211"",""cls"":""vehicle"",""label"":""Car"",""dist_m"":16.282,""speed_mps"":0.997,""motion"":""approaching""},{""id"":""R_210"",""cls"":""truck"",""label"":""Truck"",""dist_m"":24.709,""speed_mps"":1.392,""motion"":""approaching""},{""id"":""RT_212"",""cls"":""truck"",""label"":""Truck"",""dist_m"":44.271,""speed_mps"":1.144,""motion"":""receding""},{""id"":""RT_212"",""cls"":""truck"",""label"":""Truck"",""dist_m"":44.271,""speed_mps"":null,""motion"":""unknown""}]",frame_000091
"{""cam"":true,""radar"":true,""gnss"":true,""imu"":true,""lidar"":true}",498768135,3.3,254.1,35,13.9,"{""vehicle"":2,""person"":0,""cyclist"":0}",FALSE,"{""heading_deg"":225.7659334294369,""speed_mps"":3.0020827462496977,""accelerating"":true,""braking"":false,""turning_left"":true,""turning_right"":false,""world_x"":-44.19577407836914,""world_y"":-9.101812362670898}","{""front"":{""boxes"":[{""id"":""F_249"",""cls"":""traffic light"",""conf"":0.81396484375,""box"":[0.10751953125,0.3725,0.011329091893564347,0.030208333333333334]}]},""left"":{""boxes"":[{""id"":""L_253"",""cls"":""traffic light"",""conf"":0.84814453125,""box"":[0.866875,0.37408854166666666,0.009575938865763866,0.03057291666666669]},{""id"":""L_254"",""cls"":""traffic light"",""conf"":0.740234375,""box"":[0.9942968750000001,0.3565625,0.008984495571859341,0.03583333333333331]}]},""rear"":{""boxes"":[{""id"":""R_210"",""cls"":""truck"",""conf"":0.7744140625,""box"":[0.7141743870181803,0.5330887738993432,0.07342121813972362,0.08080138916162187]},{""id"":""R_250"",""cls"":""traffic light"",""conf"":0.884765625,""box"":[0.79125,0.35651041666666666,0.012353145793075272,0.036562500000000026]}]},""right"":{""boxes"":[{""id"":""RT_211"",""cls"":""car"",""conf"":0.92041015625,""box"":[0.13921274734666492,0.5792226813544059,0.09712283285767671,0.091440088373234]}]}}","[{""id"":""R_210"",""cls"":""truck"",""x"":-23.40443992614746,""y"":-9.825943946838379,""distance"":25.57105941772461},{""id"":""RT_211"",""cls"":""vehicle"",""x"":7.511542320251465,""y"":14.409761428833008,""distance"":16.682920837402342}]","[{""id"":""RT_211"",""cls"":""vehicle"",""label"":""Car"",""dist_m"":16.683,""speed_mps"":3.051,""motion"":""approaching""},{""id"":""R_210"",""cls"":""truck"",""label"":""Truck"",""dist_m"":25.571,""speed_mps"":2.262,""motion"":""approaching""}]",frame_000092
"{""cam"":true,""radar"":true,""gnss"":true,""imu"":true,""lidar"":true}",832064657,3.4,227.9,35,10,"{""vehicle"":0,""person"":0,""cyclist"":0}",FALSE,"{""heading_deg"":221.92814575745513,""speed_mps"":2.980772697391246,""accelerating"":false,""braking"":false,""turning_left"":true,""turning_right"":false,""world_x"":-44.85844039916992,""world_y"":-9.842000007629395}","{""front"":{""boxes"":[]},""left"":{""boxes"":[]},""rear"":{""boxes"":[{""id"":""R_240"",""cls"":""traffic light"",""conf"":0.7744140625,""box"":[0.33592151895117955,0.37101990879570174,0.012691389803504417,0.034140824361824744]}]},""right"":{""boxes"":[]}}",[],[],frame_000093
"{""cam"":true,""radar"":true,""gnss"":true,""imu"":true,""lidar"":true}",165366800,3.4,221.4,18,7.5,"{""vehicle"":1,""person"":0,""cyclist"":0}",FALSE,"{""heading_deg"":218.50424022841938,""speed_mps"":2.868674672078319,""accelerating"":false,""braking"":true,""turning_left"":true,""turning_right"":false,""world_x"":-45.45413589477539,""world_y"":-10.58989143371582}","{""front"":{""boxes"":[]},""left"":{""boxes"":[]},""rear"":{""boxes"":[{""id"":""R_265"",""cls"":""truck"",""conf"":0.82421875,""box"":[0.7720312500000001,0.5340104166666666,0.08121119659382678,0.07885416666666671]}]},""right"":{""boxes"":[]}}","[{""id"":""R_265"",""cls"":""truck"",""x"":-23.37274932861328,""y"":-13.35470962524414,""distance"":27.02567939758301}]","[{""id"":""R_265"",""cls"":""truck"",""label"":""Truck"",""dist_m"":27.026,""speed_mps"":null,""motion"":""unknown""}]",frame_000094
"{""cam"":true,""radar"":true,""gnss"":true,""imu"":true,""lidar"":true}",498687263,3.4,212.6,18,8.4,"{""vehicle"":1,""person"":0,""cyclist"":0}",FALSE,"{""heading_deg"":216.76646251864975,""speed_mps"":2.7268963418254177,""accelerating"":false,""braking"":true,""turning_left"":true,""turning_right"":false,""world_x"":-45.99982452392578,""world_y"":-11.316786766052246}","{""front"":{""boxes"":[]},""left"":{""boxes"":[]},""rear"":{""boxes"":[{""id"":""R_265"",""cls"":""truck"",""conf"":0.77880859375,""box"":[0.8004590534776727,0.5338895758442324,0.07998283819569245,0.07748463734574447]},{""id"":""R_240"",""cls"":""traffic light"",""conf"":0.56201171875,""box"":[0.33740071386489784,0.3743210090434712,0.012324062993584439,0.033209348388318696]}]},""right"":{""boxes"":[]}}","[{""id"":""R_265"",""cls"":""truck"",""x"":-23.851438522338867,""y"":-14.067420959472656,""distance"":27.83267822265625}]","[{""id"":""R_265"",""cls"":""truck"",""label"":""Truck"",""dist_m"":27.833,""speed_mps"":1.436,""motion"":""approaching""}]",frame_000095
"{""cam"":true,""radar"":true,""gnss"":true,""imu"":true,""lidar"":true}",832077828,3.3,285.2,19,7.8,"{""vehicle"":3,""person"":0,""cyclist"":0}",FALSE,"{""heading_deg"":216.26738059599688,""speed_mps"":2.5720412617523194,""accelerating"":false,""braking"":true,""turning_left"":false,""turning_right"":false,""world_x"":-46.51197814941406,""world_y"":-12.004531860351562}","{""front"":{""boxes"":[{""id"":""F_277"",""cls"":""traffic light"",""conf"":0.85107421875,""box"":[0.181875,0.3637760416666667,0.011265241223436372,0.032447916666666646]},{""id"":""F_278"",""cls"":""traffic light"",""conf"":0.85986328125,""box"":[0.07025390625,0.3487239583333333,0.012372190216573964,0.03692708333333332]}]},""left"":{""boxes"":[{""id"":""L_283"",""cls"":""traffic light"",""conf"":0.8857421875,""box"":[0.91953125,0.35348958333333336,0.011074197867136348,0.035312499999999976]}]},""rear"":{""boxes"":[{""id"":""R_265"",""cls"":""truck"",""conf"":0.6806640625,""box"":[0.8181430778994635,0.5324161096146712,0.07939210002178924,0.0766226859577755]}]},""right"":{""boxes"":[{""id"":""RT_284"",""cls"":""car"",""conf"":0.9365234375,""box"":[0.40046875000000004,0.5703645833333333,0.10682460225029403,0.08510416666666672]}]}}","[{""id"":""R_265"",""cls"":""truck"",""x"":-24.86965560913086,""y"":-13.944583892822266,""distance"":28.6484956741333},{""id"":""R_265"",""cls"":""vehicle"",""x"":-24.86965560913086,""y"":-13.944583892822266,""distance"":28.6484956741333},{""id"":""RT_284"",""cls"":""vehicle"",""x"":1.258243203163147,""y"":15.322914123535156,""distance"":15.933912658691407}]","[{""id"":""RT_284"",""cls"":""vehicle"",""label"":""Car"",""dist_m"":15.934,""speed_mps"":null,""motion"":""unknown""},{""id"":""R_265"",""cls"":""truck"",""label"":""Truck"",""dist_m"":28.648,""speed_mps"":3.054,""motion"":""approaching""},{""id"":""R_265"",""cls"":""vehicle"",""label"":""Car"",""dist_m"":28.648,""speed_mps"":null,""motion"":""unknown""}]",frame_000096
"{""cam"":true,""radar"":true,""gnss"":true,""imu"":true,""lidar"":true}",165339733,3.3,322.3,19,11.5,"{""vehicle"":3,""person"":0,""cyclist"":0}",FALSE,"{""heading_deg"":217.0179091027546,""speed_mps"":2.4091731160779566,""accelerating"":false,""braking"":true,""turning_left"":false,""turning_right"":true,""world_x"":-47.00105285644531,""world_y"":-12.641264915466309}","{""front"":{""boxes"":[]},""left"":{""boxes"":[]},""rear"":{""boxes"":[{""id"":""R_265"",""cls"":""truck"",""conf"":0.640625,""box"":[0.8197307217256504,0.5307896893865715,0.07643415782221004,0.073243018925867]}]},""right"":{""boxes"":[{""id"":""RT_284"",""cls"":""car"",""conf"":0.943359375,""box"":[0.4318947299800528,0.5703243129761588,0.10728801292504198,0.08534578880971372]}]}}","[{""id"":""R_265"",""cls"":""truck"",""x"":-25.903348922729492,""y"":-14.057052612304688,""distance"":30.023403549194335},{""id"":""R_265"",""cls"":""vehicle"",""x"":-25.903348922729492,""y"":-14.057052612304688,""distance"":30.023403549194335},{""id"":""RT_284"",""cls"":""vehicle"",""x"":0.4087679386138916,""y"":14.998860359191895,""distance"":15.245851516723633}]","[{""id"":""RT_284"",""cls"":""vehicle"",""label"":""Car"",""dist_m"":15.246,""speed_mps"":2.549,""motion"":""approaching""},{""id"":""R_265"",""cls"":""truck"",""label"":""Truck"",""dist_m"":30.023,""speed_mps"":3.102,""motion"":""approaching""},{""id"":""R_265"",""cls"":""vehicle"",""label"":""Car"",""dist_m"":30.023,""speed_mps"":null,""motion"":""unknown""}]",frame_000097
"{""cam"":true,""radar"":true,""gnss"":true,""imu"":true,""lidar"":true}",498645418,3.2,280.8,19,11.2,"{""vehicle"":3,""person"":0,""cyclist"":0}",FALSE,"{""heading_deg"":218.69629148750178,""speed_mps"":2.245463470638097,""accelerating"":false,""braking"":true,""turning_left"":false,""turning_right"":true,""world_x"":-47.48029327392578,""world_y"":-13.216127395629883}","{""front"":{""boxes"":[{""id"":""F_293"",""cls"":""bench"",""conf"":0.873046875,""box"":[0.9014062500000002,0.5832291666666668,0.07917945270592366,0.07145833333333336]}]},""left"":{""boxes"":[]},""rear"":{""boxes"":[{""id"":""R_265"",""cls"":""car"",""conf"":0.544921875,""box"":[0.805170739619494,0.5289534686498931,0.07389515699179058,0.07027377073698128]},{""id"":""R_295"",""cls"":""traffic light"",""conf"":0.796875,""box"":[0.36935546874999997,0.38947916666666665,0.010207460701427307,0.028750000000000022]}]},""right"":{""boxes"":[{""id"":""RT_284"",""cls"":""car"",""conf"":0.94189453125,""box"":[0.45744737616506626,0.5711214106558992,0.10673460806057307,0.08461553327536725]}]}}","[{""id"":""R_265"",""cls"":""vehicle"",""x"":-26.785049438476562,""y"":-13.265190124511719,""distance"":30.292657470703126},{""id"":""R_265"",""cls"":""truck"",""x"":-26.785049438476562,""y"":-13.265190124511719,""distance"":30.292657470703126},{""id"":""RT_284"",""cls"":""vehicle"",""x"":-0.26102781295776367,""y"":14.604269027709961,""distance"":14.983894062042236}]","[{""id"":""RT_284"",""cls"":""vehicle"",""label"":""Car"",""dist_m"":14.984,""speed_mps"":2.01,""motion"":""approaching""},{""id"":""R_265"",""cls"":""vehicle"",""label"":""Car"",""dist_m"":30.293,""speed_mps"":2.645,""motion"":""approaching""},{""id"":""R_265"",""cls"":""truck"",""label"":""Truck"",""dist_m"":30.293,""speed_mps"":null,""motion"":""unknown""}]",frame_000098
"{""cam"":true,""radar"":true,""gnss"":true,""imu"":true,""lidar"":true}",832085027,3.3,254.2,31,8.7,"{""vehicle"":1,""person"":0,""cyclist"":0}",FALSE,"{""heading_deg"":220.89385021144008,""speed_mps"":2.0941671290509873,""accelerating"":false,""braking"":true,""turning_left"":false,""turning_right"":true,""world_x"":-47.95117950439453,""world_y"":-13.731740951538086}","{""front"":{""boxes"":[{""id"":""F_293"",""cls"":""bench"",""conf"":0.87744140625,""box"":[0.9018204220739008,0.5866608781361319,0.08270728355745209,0.07453504016802638]}]},""left"":{""boxes"":[]},""rear"":{""boxes"":[]},""right"":{""boxes"":[{""id"":""RT_284"",""cls"":""car"",""conf"":0.94140625,""box"":[0.4715212504938413,0.5715678024617536,0.10748264693736047,0.08477278842162127]}]}}","[{""id"":""RT_284"",""cls"":""vehicle"",""x"":-0.46160316467285156,""y"":14.41302490234375,""distance"":14.719517230987549}]","[{""id"":""RT_284"",""cls"":""vehicle"",""label"":""Car"",""dist_m"":14.72,""speed_mps"":0.602,""motion"":""approaching""}]",frame_000099
"{""cam"":true,""radar"":true,""gnss"":true,""imu"":true,""lidar"":true}",165312851,3.3,197.7,31,8.1,"{""vehicle"":1,""person"":0,""cyclist"":0}",FALSE,"{""heading_deg"":223.38323559785627,""speed_mps"":1.9825198653747913,""accelerating"":false,""braking"":true,""turning_left"":false,""turning_right"":true,""world_x"":-48.42144012451172,""world_y"":-14.195730209350586}","{""front"":{""boxes"":[{""id"":""F_293"",""cls"":""bench"",""conf"":0.71533203125,""box"":[0.895777811846583,0.5902266951403559,0.0875925162133953,0.07876169284541858]}]},""left"":{""boxes"":[]},""rear"":{""boxes"":[]},""right"":{""boxes"":[{""id"":""RT_284"",""cls"":""car"",""conf"":0.94189453125,""box"":[0.4774270076768176,0.5722637010882513,0.10792970229001479,0.08445594106223618]}]}}","[{""id"":""RT_284"",""cls"":""vehicle"",""x"":-0.4131026566028595,""y"":14.491288185119629,""distance"":14.74056453704834}]","[{""id"":""RT_284"",""cls"":""vehicle"",""label"":""Car"",""dist_m"":14.741,""speed_mps"":0.146,""motion"":""stationary""}]",frame_000100
"{""cam"":true,""radar"":true,""gnss"":true,""imu"":true,""lidar"":true}",498683836,3.3,204.8,31,8.5,"{""vehicle"":1,""person"":0,""cyclist"":0}",FALSE,"{""heading_deg"":225.3896583080609,""speed_mps"":1.892918162573484,""accelerating"":false,""braking"":false,""turning_left"":false,""turning_right"":true,""world_x"":-48.88470458984375,""world_y"":-14.624217987060547}","{""front"":{""boxes"":[{""id"":""F_293"",""cls"":""bench"",""conf"":0.90478515625,""box"":[0.8839011307553093,0.5926544627041942,0.09061434829964679,0.08123467633449397]}]},""left"":{""boxes"":[]},""rear"":{""boxes"":[]},""right"":{""boxes"":[{""id"":""RT_284"",""cls"":""car"",""conf"":0.77880859375,""box"":[0.47775933840548446,0.5724839923498535,0.10889863399271826,0.08435296802065183]}]}}","[{""id"":""RT_284"",""cls"":""vehicle"",""x"":-0.6313368082046509,""y"":14.382902145385742,""distance"":14.712344551086426}]","[{""id"":""RT_284"",""cls"":""vehicle"",""label"":""Car"",""dist_m"":14.712,""speed_mps"":0.655,""motion"":""approaching""}]",frame_000101
"{""cam"":true,""radar"":true,""gnss"":true,""imu"":true,""lidar"":true}",831988597,3.2,195.8,13,7.6,"{""vehicle"":2,""person"":0,""cyclist"":0}",FALSE,"{""heading_deg"":227.0082355564355,""speed_mps"":1.844271846326953,""accelerating"":false,""braking"":false,""turning_left"":false,""turning_right"":true,""world_x"":-49.34602355957031,""world_y"":-15.030475616455078}","{""front"":{""boxes"":[{""id"":""F_293"",""cls"":""bench"",""conf"":0.90576171875,""box"":[0.8745934294537179,0.5950311978322163,0.09383919482770083,0.08380142081918306]}]},""left"":{""boxes"":[]},""rear"":{""boxes"":[{""id"":""R_324"",""cls"":""truck"",""conf"":0.65673828125,""box"":[0.6864453124999998,0.5243749999999999,0.06986343539245228,0.06041666666666667]}]},""right"":{""boxes"":[{""id"":""RT_284"",""cls"":""car"",""conf"":0.94287109375,""box"":[0.47938807963857755,0.5721798061671347,0.11021369766924546,0.08432393668250811]}]}}","[{""id"":""R_324"",""cls"":""truck"",""x"":-31.263586044311523,""y"":-9.363162994384766,""distance"":32.74554328918457},{""id"":""RT_284"",""cls"":""vehicle"",""x"":-0.7921679615974426,""y"":14.571199417114258,""distance"":14.812531661987304}]","[{""id"":""RT_284"",""cls"":""vehicle"",""label"":""Car"",""dist_m"":14.813,""speed_mps"":0.483,""motion"":""approaching""},{""id"":""R_324"",""cls"":""truck"",""label"":""Truck"",""dist_m"":32.746,""speed_mps"":null,""motion"":""unknown""}]",frame_000102
"{""cam"":true,""radar"":true,""gnss"":true,""imu"":true,""lidar"":true}",165353208,3.2,235.3,13,9.3,"{""vehicle"":3,""person"":0,""cyclist"":0}",FALSE,"{""heading_deg"":227.6471041306418,""speed_mps"":1.869441108885286,""accelerating"":false,""braking"":false,""turning_left"":false,""turning_right"":false,""world_x"":-49.81446075439453,""world_y"":-15.441512107849121}","{""front"":{""boxes"":[{""id"":""F_293"",""cls"":""bench"",""conf"":0.92431640625,""box"":[0.8703561356564388,0.5973876396114773,0.09789027127139996,0.08710779784269285]}]},""left"":{""boxes"":[]},""rear"":{""boxes"":[{""id"":""R_324"",""cls"":""truck"",""conf"":0.642578125,""box"":[0.667635814822261,0.5236445340707674,0.06798879890979856,0.05879340904614979]}]},""right"":{""boxes"":[{""id"":""RT_284"",""cls"":""car"",""conf"":0.95166015625,""box"":[0.4829414675010824,0.5725891506592732,0.11138403730578998,0.08396288294157224]}]}}","[{""id"":""R_324"",""cls"":""truck"",""x"":-31.707168579101562,""y"":-8.817243576049805,""distance"":33.12299003601074},{""id"":""R_324"",""cls"":""vehicle"",""x"":-31.707168579101562,""y"":-8.817243576049805,""distance"":33.12299003601074},{""id"":""RT_284"",""cls"":""vehicle"",""x"":-0.8991670608520508,""y"":14.783051490783691,""distance"":15.116014862060547}]","[{""id"":""RT_284"",""cls"":""vehicle"",""label"":""Car"",""dist_m"":15.116,""speed_mps"":0.321,""motion"":""approaching""},{""id"":""R_324"",""cls"":""truck"",""label"":""Truck"",""dist_m"":33.123,""speed_mps"":1.331,""motion"":""approaching""},{""id"":""R_324"",""cls"":""vehicle"",""label"":""Car"",""dist_m"":33.123,""speed_mps"":null,""motion"":""unknown""}]",frame_000103
"{""cam"":true,""radar"":true,""gnss"":true,""imu"":true,""lidar"":true}",498700086,3.1,298.6,13,10,"{""vehicle"":3,""person"":0,""cyclist"":0}",FALSE,"{""heading_deg"":227.01047585848326,""speed_mps"":1.956878800536134,""accelerating"":false,""braking"":false,""turning_left"":true,""turning_right"":false,""world_x"":-50.290733337402344,""world_y"":-15.887251853942871}","{""front"":{""boxes"":[{""id"":""F_293"",""cls"":""bench"",""conf"":0.94482421875,""box"":[0.8768014496160808,0.6018165752331773,0.1047021544257909,0.09275279709358877]}]},""left"":{""boxes"":[]},""rear"":{""boxes"":[{""id"":""R_324"",""cls"":""truck"",""conf"":0.5546875,""box"":[0.6538184186447441,0.522995649068722,0.06642065334650109,0.057443232617006144]},{""id"":""R_335"",""cls"":""traffic light"",""conf"":0.72021484375,""box"":[0.29265625,0.4005208333333333,0.009531249999999991,0.025416666666666643]}]},""right"":{""boxes"":[{""id"":""RT_284"",""cls"":""car"",""conf"":0.943359375,""box"":[0.49376508102927,0.572194948230342,0.11263825893831703,0.08348252729729584]}]}}","[{""id"":""R_324"",""cls"":""truck"",""x"":-32.32676696777344,""y"":-9.26132583618164,""distance"":33.78498153686523},{""id"":""R_324"",""cls"":""vehicle"",""x"":-32.32676696777344,""y"":-9.26132583618164,""distance"":33.78498153686523},{""id"":""RT_284"",""cls"":""vehicle"",""x"":1.009252905845642,""y"":9.739890098571777,""distance"":10.451731777191165}]","[{""id"":""RT_284"",""cls"":""vehicle"",""label"":""Car"",""dist_m"":10.452,""speed_mps"":5.725,""motion"":""receding""},{""id"":""R_324"",""cls"":""truck"",""label"":""Truck"",""dist_m"":33.785,""speed_mps"":1.859,""motion"":""approaching""},{""id"":""R_324"",""cls"":""vehicle"",""label"":""Car"",""dist_m"":33.785,""speed_mps"":null,""motion"":""unknown""}]",frame_000104
"{""cam"":true,""radar"":true,""gnss"":true,""imu"":true,""lidar"":true}",832083262,3.2,189.9,17,7.8,"{""vehicle"":3,""person"":0,""cyclist"":0}",FALSE,"{""heading_deg"":225.74230097490866,""speed_mps"":2.0887864636597033,""accelerating"":true,""braking"":false,""turning_left"":true,""turning_right"":false,""world_x"":-50.78523254394531,""world_y"":-16.377553939819336}","{""front"":{""boxes"":[{""id"":""F_293"",""cls"":""bench"",""conf"":0.9453125,""box"":[0.9007300190146669,0.6081670788377961,0.11254445807536566,0.09888056625424173]}]},""left"":{""boxes"":[]},""rear"":{""boxes"":[{""id"":""R_324"",""cls"":""truck"",""conf"":0.62451171875,""box"":[0.6529740523125547,0.522226982961923,0.06466029821511805,0.055895113898914654]},{""id"":""R_341"",""cls"":""traffic light"",""conf"":0.7138671875,""box"":[0.6793750000000001,0.4084375,0.008605352722772252,0.022916666666666665]}]},""right"":{""boxes"":[{""id"":""RT_284"",""cls"":""car"",""conf"":0.658203125,""box"":[0.5154609671021839,0.5718618291063386,0.11495208646953481,0.0836660069941562]}]}}","[{""id"":""R_324"",""cls"":""truck"",""x"":-32.80485153198242,""y"":-9.867959022521973,""distance"":34.454790115356445},{""id"":""R_324"",""cls"":""vehicle"",""x"":-32.80485153198242,""y"":-9.867959022521973,""distance"":34.454790115356445},{""id"":""RT_284"",""cls"":""vehicle"",""x"":0.4408935308456421,""y"":9.746956825256348,""distance"":9.79661693572998}]","[{""id"":""RT_284"",""cls"":""vehicle"",""label"":""Car"",""dist_m"":9.797,""speed_mps"":1.705,""motion"":""approaching""},{""id"":""R_324"",""cls"":""truck"",""label"":""Truck"",""dist_m"":34.455,""speed_mps"":1.434,""motion"":""approaching""},{""id"":""R_324"",""cls"":""vehicle"",""label"":""Car"",""dist_m"":34.455,""speed_mps"":null,""motion"":""unknown""}]",frame_000105
"{""cam"":true,""radar"":true,""gnss"":true,""imu"":true,""lidar"":true}",165316721,3.3,201.6,17,8.9,"{""vehicle"":3,""person"":0,""cyclist"":0}",FALSE,"{""heading_deg"":224.37807997122533,""speed_mps"":2.238221220405485,""accelerating"":true,""braking"":false,""turning_left"":true,""turning_right"":false,""world_x"":-51.30149841308594,""world_y"":-16.915849685668945}","{""front"":{""boxes"":[{""id"":""F_293"",""cls"":""bench"",""conf"":0.90966796875,""box"":[0.929769359579325,0.6165779641599282,0.12426092287097106,0.11052595918851592]}]},""left"":{""boxes"":[]},""rear"":{""boxes"":[{""id"":""R_324"",""cls"":""truck"",""conf"":0.5078125,""box"":[0.6599531090662515,0.5223998107071374,0.06336031507569428,0.054694502773506785]}]},""right"":{""boxes"":[{""id"":""RT_284"",""cls"":""car"",""conf"":0.95263671875,""box"":[0.5457699434571432,0.5710326676250105,0.11643479725041743,0.08304191528249832]}]}}","[{""id"":""R_324"",""cls"":""truck"",""x"":-33.26045227050781,""y"":-10.549931526184082,""distance"":34.945281982421875},{""id"":""R_324"",""cls"":""vehicle"",""x"":-33.26045227050781,""y"":-10.549931526184082,""distance"":34.945281982421875},{""id"":""RT_284"",""cls"":""vehicle"",""x"":-0.07820731401443481,""y"":9.67138671875,""distance"":9.711538791656494}]","[{""id"":""RT_284"",""cls"":""vehicle"",""label"":""Car"",""dist_m"":9.712,""speed_mps"":1.558,""motion"":""approaching""},{""id"":""R_324"",""cls"":""truck"",""label"":""Truck"",""dist_m"":34.945,""speed_mps"":1.367,""motion"":""approaching""},{""id"":""R_324"",""cls"":""vehicle"",""label"":""Car"",""dist_m"":34.945,""speed_mps"":null,""motion"":""unknown""}]",frame_000106
"{""cam"":true,""radar"":true,""gnss"":true,""imu"":true,""lidar"":true}",498633673,3.2,207.3,17,7.1,"{""vehicle"":3,""person"":0,""cyclist"":0}",FALSE,"{""heading_deg"":223.518049871694,""speed_mps"":2.401247074458954,""accelerating"":true,""braking"":false,""turning_left"":true,""turning_right"":false,""world_x"":-51.847740173339844,""world_y"":-17.50084686279297}","{""front"":{""boxes"":[{""id"":""F_293"",""cls"":""bench"",""conf"":0.83984375,""box"":[0.9565069900830487,0.614479813871546,0.10337567833639731,0.094607818748797]}]},""left"":{""boxes"":[]},""rear"":{""boxes"":[{""id"":""R_324"",""cls"":""car"",""conf"":0.48046875,""box"":[0.6694979908186072,0.5224825490536205,0.06305157548831541,0.0543611541253713]},{""id"":""R_240"",""cls"":""traffic light"",""conf"":0.642578125,""box"":[0.34077983436342363,0.40999430874774834,0.009232559405116936,0.024603685453986952]}]},""right"":{""boxes"":[{""id"":""RT_284"",""cls"":""car"",""conf"":0.94921875,""box"":[0.5813630231651672,0.5701945991971492,0.11998343307624024,0.08386551738433508]},{""id"":""RT_359"",""cls"":""bench"",""conf"":0.92041015625,""box"":[0.043720703125,0.6207291666666666,0.0424336496149615,0.09624999999999997]}]}}","[{""id"":""R_324"",""cls"":""vehicle"",""x"":-33.99961853027344,""y"":-11.121479034423828,""distance"":36.274010467529294},{""id"":""R_324"",""cls"":""truck"",""x"":-33.99961853027344,""y"":-11.121479034423828,""distance"":36.274010467529294},{""id"":""RT_284"",""cls"":""vehicle"",""x"":-0.81096351146698,""y"":9.642314910888672,""distance"":9.765296936035156}]","[{""id"":""RT_284"",""cls"":""vehicle"",""label"":""Car"",""dist_m"":9.765,""speed_mps"":2.198,""motion"":""approaching""},{""id"":""R_324"",""cls"":""vehicle"",""label"":""Car"",""dist_m"":36.274,""speed_mps"":2.218,""motion"":""approaching""},{""id"":""R_324"",""cls"":""truck"",""label"":""Truck"",""dist_m"":36.274,""speed_mps"":null,""motion"":""unknown""}]",frame_000107
"{""cam"":true,""radar"":true,""gnss"":true,""imu"":true,""lidar"":true}",832015464,3.3,174.8,14,7.9,"{""vehicle"":3,""person"":0,""cyclist"":0}",FALSE,"{""heading_deg"":222.94080326417958,""speed_mps"":2.565772310046807,""accelerating"":true,""braking"":false,""turning_left"":false,""turning_right"":false,""world_x"":-52.429527282714844,""world_y"":-18.127904891967773}","{""front"":{""boxes"":[]},""left"":{""boxes"":[]},""rear"":{""boxes"":[{""id"":""R_324"",""cls"":""truck"",""conf"":0.505859375,""box"":[0.6763104707715615,0.5225258322439186,0.06230275294910168,0.05356363678229735]}]},""right"":{""boxes"":[{""id"":""RT_284"",""cls"":""car"",""conf"":0.94189453125,""box"":[0.6167755762589404,0.5709258012007286,0.12398751751812113,0.08487001517715509]},{""id"":""RT_359"",""cls"":""bench"",""conf"":0.93798828125,""box"":[0.06898282311813905,0.6204179190625544,0.0447486167750106,0.0967168714061683]}]}}","[{""id"":""R_324"",""cls"":""truck"",""x"":-34.97346496582031,""y"":-11.16256332397461,""distance"":36.899424362182614},{""id"":""R_324"",""cls"":""vehicle"",""x"":-34.97346496582031,""y"":-11.16256332397461,""distance"":36.899424362182614},{""id"":""RT_284"",""cls"":""vehicle"",""x"":-1.273194670677185,""y"":9.721654891967773,""distance"":9.851630592346192}]","[{""id"":""RT_284"",""cls"":""vehicle"",""label"":""Car"",""dist_m"":9.852,""speed_mps"":1.386,""motion"":""approaching""},{""id"":""R_324"",""cls"":""truck"",""label"":""Truck"",""dist_m"":36.899,""speed_mps"":2.921,""motion"":""approaching""},{""id"":""R_324"",""cls"":""vehicle"",""label"":""Car"",""dist_m"":36.899,""speed_mps"":null,""motion"":""unknown""}]",frame_000108
"{""cam"":true,""radar"":true,""gnss"":true,""imu"":true,""lidar"":true}",165366498,3.2,208.7,14,8.6,"{""vehicle"":3,""person"":0,""cyclist"":0}",FALSE,"{""heading_deg"":222.6895615857498,""speed_mps"":2.719771130223327,""accelerating"":true,""braking"":false,""turning_left"":false,""turning_right"":false,""world_x"":-53.046173095703125,""world_y"":-18.792539596557617}","{""front"":{""boxes"":[]},""left"":{""boxes"":[]},""rear"":{""boxes"":[{""id"":""R_324"",""cls"":""car"",""conf"":0.470703125,""box"":[0.6796900494259059,0.5227356944248449,0.061755988438459045,0.0529686918926533]}]},""right"":{""boxes"":[{""id"":""RT_284"",""cls"":""car"",""conf"":0.939453125,""box"":[0.6518161358920773,0.5713766680743577,0.12876698676899023,0.08628406155415753]},{""id"":""RT_359"",""cls"":""bench"",""conf"":0.947265625,""box"":[0.11686420644367926,0.6195087205605962,0.04865529618898233,0.09847894559656598]}]}}","[{""id"":""R_324"",""cls"":""vehicle"",""x"":-35.91377258300781,""y"":-11.320478439331055,""distance"":37.937905883789064},{""id"":""R_324"",""cls"":""truck"",""x"":-35.91377258300781,""y"":-11.320478439331055,""distance"":37.937905883789064},{""id"":""RT_284"",""cls"":""vehicle"",""x"":-1.4838231801986694,""y"":9.740253448486328,""distance"":9.896694374084472}]","[{""id"":""RT_284"",""cls"":""vehicle"",""label"":""Car"",""dist_m"":9.897,""speed_mps"":0.632,""motion"":""approaching""},{""id"":""R_324"",""cls"":""vehicle"",""label"":""Car"",""dist_m"":37.938,""speed_mps"":2.821,""motion"":""approaching""},{""id"":""R_324"",""cls"":""truck"",""label"":""Truck"",""dist_m"":37.938,""speed_mps"":null,""motion"":""unknown""}]",frame_000109
"{""cam"":true,""radar"":true,""gnss"":true,""imu"":true,""lidar"":true}",498736282,3.2,252.8,19,8.4,"{""vehicle"":3,""person"":0,""cyclist"":0}",FALSE,"{""heading_deg"":223.18790584797227,""speed_mps"":2.858720512352897,""accelerating"":true,""braking"":false,""turning_left"":false,""turning_right"":true,""world_x"":-53.70110321044922,""world_y"":-19.484851837158203}","{""front"":{""boxes"":[]},""left"":{""boxes"":[]},""rear"":{""boxes"":[{""id"":""R_324"",""cls"":""car"",""conf"":0.49609375,""box"":[0.6791008635352007,0.5222794602695063,0.060493955068213444,0.0517214204160771]}]},""right"":{""boxes"":[{""id"":""RT_284"",""cls"":""car"",""conf"":0.93896484375,""box"":[0.6884113186826544,0.5715470426677384,0.13106388424507448,0.08612874076714452]},{""id"":""RT_359"",""cls"":""bench"",""conf"":0.94482421875,""box"":[0.16981564312777786,0.6182652054570236,0.052585711658840316,0.0986542452653115]}]}}","[{""id"":""R_324"",""cls"":""vehicle"",""x"":-36.90497970581055,""y"":-10.620348930358887,""distance"":38.60378723144531},{""id"":""R_324"",""cls"":""truck"",""x"":-36.90497970581055,""y"":-10.620348930358887,""distance"":38.60378723144531},{""id"":""RT_284"",""cls"":""vehicle"",""x"":-1.850656509399414,""y"":9.05150318145752,""distance"":9.344409942626953}]","[{""id"":""RT_284"",""cls"":""vehicle"",""label"":""Car"",""dist_m"":9.344,""speed_mps"":1.1,""motion"":""approaching""},{""id"":""R_324"",""cls"":""vehicle"",""label"":""Car"",""dist_m"":38.604,""speed_mps"":2.973,""motion"":""approaching""},{""id"":""R_324"",""cls"":""truck"",""label"":""Truck"",""dist_m"":38.604,""speed_mps"":null,""motion"":""unknown""}]",frame_000110
"{""cam"":true,""radar"":true,""gnss"":true,""imu"":true,""lidar"":true}",832011210,3.1,237.8,19,8,"{""vehicle"":4,""person"":0,""cyclist"":0}",FALSE,"{""heading_deg"":224.05559941975233,""speed_mps"":2.860126686869034,""accelerating"":false,""braking"":false,""turning_left"":false,""turning_right"":true,""world_x"":-54.37037658691406,""world_y"":-20.1635799407959}","{""front"":{""boxes"":[]},""left"":{""boxes"":[]},""rear"":{""boxes"":[{""id"":""R_324"",""cls"":""truck"",""conf"":0.51953125,""box"":[0.6729079960531166,0.522122196324618,0.05859606764057057,0.04988047172352452]},{""id"":""R_372"",""cls"":""bus"",""conf"":0.67236328125,""box"":[0.179296875,0.5288020833333333,0.06055654393564358,0.058854166666666666]},{""id"":""R_373"",""cls"":""traffic light"",""conf"":0.76220703125,""box"":[0.41753906250000006,0.4276041666666667,0.009350371694241754,0.02062500000000001]},{""id"":""R_375"",""cls"":""traffic light"",""conf"":0.67578125,""box"":[0.36886718749999997,0.42104166666666665,0.009987642446309852,0.02354166666666669]}]},""right"":{""boxes"":[{""id"":""RT_284"",""cls"":""car"",""conf"":0.91796875,""box"":[0.7243505562961247,0.5722992649719938,0.1312001391024718,0.08537139334584515]},{""id"":""RT_359"",""cls"":""bench"",""conf"":0.94140625,""box"":[0.22022093783404376,0.6189849949864726,0.05726583097432556,0.09941661314577553]}]}}","[{""id"":""R_372"",""cls"":""truck"",""x"":-30.007909774780273,""y"":17.79540252685547,""distance"":34.89834823608398},{""id"":""R_324"",""cls"":""truck"",""x"":-38.21659469604492,""y"":-11.37060546875,""distance"":40.16456527709961},{""id"":""R_324"",""cls"":""vehicle"",""x"":-38.21659469604492,""y"":-11.37060546875,""distance"":40.16456527709961},{""id"":""RT_284"",""cls"":""vehicle"",""x"":-2.6371777057647705,""y"":9.010968208312988,""distance"":9.49461841583252}]","[{""id"":""RT_284"",""cls"":""vehicle"",""label"":""Car"",""dist_m"":9.495,""speed_mps"":2.36,""motion"":""approaching""},{""id"":""R_372"",""cls"":""truck"",""label"":""Truck"",""dist_m"":34.898,""speed_mps"":null,""motion"":""unknown""},{""id"":""R_324"",""cls"":""truck"",""label"":""Truck"",""dist_m"":40.165,""speed_mps"":3.936,""motion"":""approaching""},{""id"":""R_324"",""cls"":""vehicle"",""label"":""Car"",""dist_m"":40.165,""speed_mps"":null,""motion"":""unknown""}]",frame_000111
"{""cam"":true,""radar"":true,""gnss"":true,""imu"":true,""lidar"":true}",165353563,3.2,249.8,19,8,"{""vehicle"":4,""person"":0,""cyclist"":0}",FALSE,"{""heading_deg"":224.92801948243806,""speed_mps"":2.7717388972054997,""accelerating"":false,""braking"":false,""turning_left"":false,""turning_right"":true,""world_x"":-55.023956298828125,""world_y"":-20.816640853881836}","{""front"":{""boxes"":[]},""left"":{""boxes"":[]},""rear"":{""boxes"":[{""id"":""R_324"",""cls"":""car"",""conf"":0.49609375,""box"":[0.661464340065006,0.5213550556342773,0.05731135167065675,0.048547743371904595]},{""id"":""R_372"",""cls"":""bus"",""conf"":0.64794921875,""box"":[0.1806517505372493,0.5282802053486151,0.0601843275326623,0.05845272206303728]},{""id"":""R_373"",""cls"":""traffic light"",""conf"":0.69921875,""box"":[0.4137068316770443,0.42899050339848527,0.009245886168830176,0.02038734227454538]},{""id"":""R_375"",""cls"":""traffic light"",""conf"":0.73388671875,""box"":[0.3660513122645191,0.422898731338095,0.010139688727293494,0.02386463443561073]}]},""right"":{""boxes"":[{""id"":""RT_284"",""cls"":""car"",""conf"":0.67724609375,""box"":[0.7582499786030217,0.5718899001891875,0.12976143604763787,0.08438728741265512]},{""id"":""RT_359"",""cls"":""bench"",""conf"":0.9365234375,""box"":[0.2667771763211504,0.6190826941912744,0.06183077493654317,0.09929085400539191]}]}}","[{""id"":""R_372"",""cls"":""truck"",""x"":-30.53516387939453,""y"":17.666046142578125,""distance"":35.29003829956055},{""id"":""R_324"",""cls"":""vehicle"",""x"":-39.16033172607422,""y"":-10.738569259643555,""distance"":40.770361328125},{""id"":""R_324"",""cls"":""truck"",""x"":-39.16033172607422,""y"":-10.738569259643555,""distance"":40.770361328125},{""id"":""RT_284"",""cls"":""vehicle"",""x"":-3.381605625152588,""y"":9.098905563354492,""distance"":9.742226600646973}]","[{""id"":""RT_284"",""cls"":""vehicle"",""label"":""Car"",""dist_m"":9.742,""speed_mps"":2.233,""motion"":""approaching""},{""id"":""R_372"",""cls"":""truck"",""label"":""Truck"",""dist_m"":35.29,""speed_mps"":1.582,""motion"":""approaching""},{""id"":""R_324"",""cls"":""vehicle"",""label"":""Car"",""dist_m"":40.77,""speed_mps"":2.831,""motion"":""approaching""},{""id"":""R_324"",""cls"":""truck"",""label"":""Truck"",""dist_m"":40.77,""speed_mps"":null,""motion"":""unknown""}]",frame_000112
"{""cam"":true,""radar"":true,""gnss"":true,""imu"":true,""lidar"":true}",498654907,3.1,258.5,23,9.1,"{""vehicle"":4,""person"":0,""cyclist"":0}",FALSE,"{""heading_deg"":225.74956829618554,""speed_mps"":2.633760847001396,""accelerating"":false,""braking"":true,""turning_left"":false,""turning_right"":true,""world_x"":-55.653079986572266,""world_y"":-21.42884635925293}","{""front"":{""boxes"":[]},""left"":{""boxes"":[]},""rear"":{""boxes"":[{""id"":""R_324"",""cls"":""truck"",""conf"":0.55810546875,""box"":[0.6493544382024494,0.5209119823183815,0.05583152358514214,0.047046337405246004]},{""id"":""R_372"",""cls"":""bus"",""conf"":0.81640625,""box"":[0.18201940555945026,0.5295292691294199,0.05972415704327636,0.05791192879009615]},{""id"":""R_375"",""cls"":""traffic light"",""conf"":0.57373046875,""box"":[0.36141413619199836,0.42573137598518496,0.00971795354444227,0.022761153121916542]}]},""right"":{""boxes"":[{""id"":""RT_284"",""cls"":""car"",""conf"":0.85986328125,""box"":[0.7800048981346135,0.5724237043956489,0.12838222606185107,0.08263011884007287]},{""id"":""RT_359"",""cls"":""bench"",""conf"":0.9384765625,""box"":[0.3105899027707257,0.6205681601373018,0.06699952934122226,0.09993208707726293]}]}}","[{""id"":""R_372"",""cls"":""truck"",""x"":-30.27399444580078,""y"":18.248252868652344,""distance"":35.403861618041994},{""id"":""R_324"",""cls"":""truck"",""x"":-39.99997329711914,""y"":-9.9705810546875,""distance"":41.424932861328124},{""id"":""R_324"",""cls"":""vehicle"",""x"":-39.99997329711914,""y"":-9.9705810546875,""distance"":41.424932861328124},{""id"":""RT_284"",""cls"":""vehicle"",""x"":-4.025335788726807,""y"":9.07180404663086,""distance"":9.97505292892456}]","[{""id"":""RT_284"",""cls"":""vehicle"",""label"":""Car"",""dist_m"":9.975,""speed_mps"":1.931,""motion"":""approaching""},{""id"":""R_372"",""cls"":""truck"",""label"":""Truck"",""dist_m"":35.404,""speed_mps"":0.784,""motion"":""receding""},{""id"":""R_324"",""cls"":""truck"",""label"":""Truck"",""dist_m"":41.425,""speed_mps"":2.519,""motion"":""approaching""},{""id"":""R_324"",""cls"":""vehicle"",""label"":""Car"",""dist_m"":41.425,""speed_mps"":null,""motion"":""unknown""}]",frame_000113
"{""cam"":true,""radar"":true,""gnss"":true,""imu"":true,""lidar"":true}",832041592,3.1,238.3,23,9.4,"{""vehicle"":4,""person"":0,""cyclist"":0}",FALSE,"{""heading_deg"":226.16192047675756,""speed_mps"":2.4799016680671517,""accelerating"":false,""braking"":true,""turning_left"":false,""turning_right"":false,""world_x"":-56.253780364990234,""world_y"":-21.99691390991211}","{""front"":{""boxes"":[{""id"":""F_387"",""cls"":""bench"",""conf"":0.521484375,""box"":[0.9807031249999998,0.5530729166666667,0.03826577970297027,0.027604166666666666]}]},""left"":{""boxes"":[]},""rear"":{""boxes"":[{""id"":""R_324"",""cls"":""truck"",""conf"":0.39599609375,""box"":[0.6377189867430951,0.520586773704198,0.054996951579109866,0.0462030252313113]},{""id"":""R_372"",""cls"":""bus"",""conf"":0.73095703125,""box"":[0.18258576417698819,0.5299299851240015,0.05968222059681168,0.05775689627444702]},{""id"":""R_375"",""cls"":""traffic light"",""conf"":0.662109375,""box"":[0.3563123010003676,0.428551681144809,0.009268973414443504,0.021600695692720606]}]},""right"":{""boxes"":[{""id"":""RT_284"",""cls"":""car"",""conf"":0.88232421875,""box"":[0.8049603644720575,0.5754057837900743,0.12244590214311409,0.07849266825669426]},{""id"":""RT_359"",""cls"":""bench"",""conf"":0.9443359375,""box"":[0.3527805112253858,0.6225313709918441,0.0718581086387831,0.10014422874810135]}]}}","[{""id"":""R_372"",""cls"":""truck"",""x"":-30.59148406982422,""y"":18.141468048095703,""distance"":35.589331436157224},{""id"":""R_324"",""cls"":""truck"",""x"":-41.10381317138672,""y"":-9.464916229248047,""distance"":42.64233169555664},{""id"":""R_324"",""cls"":""vehicle"",""x"":-41.10381317138672,""y"":-9.464916229248047,""distance"":42.64233169555664},{""id"":""RT_284"",""cls"":""vehicle"",""x"":-3.8840479850769043,""y"":9.430801391601562,""distance"":10.262598037719727}]","[{""id"":""RT_284"",""cls"":""vehicle"",""label"":""Car"",""dist_m"":10.263,""speed_mps"":0.424,""motion"":""receding""},{""id"":""R_372"",""cls"":""truck"",""label"":""Truck"",""dist_m"":35.589,""speed_mps"":0.952,""motion"":""approaching""},{""id"":""R_324"",""cls"":""truck"",""label"":""Truck"",""dist_m"":42.642,""speed_mps"":3.311,""motion"":""approaching""},{""id"":""R_324"",""cls"":""vehicle"",""label"":""Car"",""dist_m"":42.642,""speed_mps"":null,""motion"":""unknown""}]",frame_000114
"{""cam"":true,""radar"":true,""gnss"":true,""imu"":true,""lidar"":true}",165334162,3.1,282.8,23,11.5,"{""vehicle"":3,""person"":0,""cyclist"":0}",FALSE,"{""heading_deg"":226.3233315072233,""speed_mps"":2.3235971589441826,""accelerating"":false,""braking"":true,""turning_left"":false,""turning_right"":false,""world_x"":-56.81630325317383,""world_y"":-22.529191970825195}","{""front"":{""boxes"":[{""id"":""F_387"",""cls"":""bench"",""conf"":0.447509765625,""box"":[0.9853398101719197,0.5535145057306591,0.037494065516640515,0.02720272206303728]}]},""left"":{""boxes"":[]},""rear"":{""boxes"":[{""id"":""R_324"",""cls"":""car"",""conf"":0.638671875,""box"":[0.629445528863986,0.5201264106252295,0.05404267903943989,0.045237070085330504]},{""id"":""R_372"",""cls"":""bus"",""conf"":0.7373046875,""box"":[0.1867719952513331,0.529473626460121,0.05872871032034588,0.05658633358155238]},{""id"":""R_375"",""cls"":""traffic light"",""conf"":0.544921875,""box"":[0.3543890761845665,0.4301023858697856,0.008908568447103925,0.020483974562439045]},{""id"":""R_394"",""cls"":""traffic light"",""conf"":0.60400390625,""box"":[0.40017578125000003,0.4353125,0.008070609692548202,0.019999999999999987]},{""id"":""R_395"",""cls"":""traffic light"",""conf"":0.59619140625,""box"":[0.4330078125,0.43979166666666664,0.007231362842166611,0.018333333333333358]}]},""right"":{""boxes"":[{""id"":""RT_284"",""cls"":""car"",""conf"":0.82763671875,""box"":[0.8332726396942963,0.5733327786338769,0.12506178185323416,0.08120052271752408]},{""id"":""RT_359"",""cls"":""bench"",""conf"":0.93017578125,""box"":[0.395476488256718,0.6225523849855615,0.07689775118671247,0.10090227185229222]}]}}","[{""id"":""R_372"",""cls"":""truck"",""x"":-30.991703033447266,""y"":17.855873107910156,""distance"":35.803105163574216},{""id"":""R_324"",""cls"":""vehicle"",""x"":-41.98915100097656,""y"":-8.406120300292969,""distance"":43.024078369140625},{""id"":""RT_284"",""cls"":""vehicle"",""x"":-4.481777191162109,""y"":9.481146812438965,""distance"":10.522184371948242}]","[{""id"":""RT_284"",""cls"":""vehicle"",""label"":""Car"",""dist_m"":10.522,""speed_mps"":1.793,""motion"":""approaching""},{""id"":""R_372"",""cls"":""truck"",""label"":""Truck"",""dist_m"":35.803,""speed_mps"":1.201,""motion"":""approaching""},{""id"":""R_324"",""cls"":""vehicle"",""label"":""Car"",""dist_m"":43.024,""speed_mps"":2.656,""motion"":""approaching""}]",frame_000115
"{""cam"":true,""radar"":true,""gnss"":true,""imu"":true,""lidar"":true}",498678823,3,340.8,23,11.1,"{""vehicle"":5,""person"":0,""cyclist"":0}",FALSE,"{""heading_deg"":226.02589042924757,""speed_mps"":2.175753800202983,""accelerating"":false,""braking"":true,""turning_left"":false,""turning_right"":false,""world_x"":-57.336788177490234,""world_y"":-23.034284591674805}","{""front"":{""boxes"":[]},""left"":{""boxes"":[]},""rear"":{""boxes"":[{""id"":""R_324"",""cls"":""car"",""conf"":0.69775390625,""box"":[0.6237309836411142,0.519083395252868,0.05261975288429923,0.04387021196994224]},{""id"":""R_372"",""cls"":""bus"",""conf"":0.548828125,""box"":[0.19359318160004454,0.5289269331747668,0.05857243637654921,0.05620406241508829]},{""id"":""R_375"",""cls"":""traffic light"",""conf"":0.62451171875,""box"":[0.35504081280061994,0.4308696928186677,0.009408864643168568,0.02169952524121393]},{""id"":""R_394"",""cls"":""traffic light"",""conf"":0.70751953125,""box"":[0.4005723161981061,0.43620724552393175,0.008020658415499815,0.01983731899564874]},{""id"":""R_395"",""cls"":""traffic light"",""conf"":0.49609375,""box"":[0.4323812425296577,0.4400422946548036,0.007363680700504372,0.018667503984182567]}]},""right"":{""boxes"":[{""id"":""RT_284"",""cls"":""car"",""conf"":0.37939453125,""box"":[0.8711770002976333,0.5765454226274497,0.10992386575850688,0.07357593378930373]},{""id"":""RT_359"",""cls"":""bench"",""conf"":0.9208984375,""box"":[0.43826511710704785,0.622546571103798,0.08130617692953943,0.10116477499181602]}]}}","[{""id"":""R_324"",""cls"":""vehicle"",""x"":-42.30061340332031,""y"":-9.023102760314941,""distance"":43.66990661621094},{""id"":""R_372"",""cls"":""truck"",""x"":-31.479042053222656,""y"":17.391128540039062,""distance"":36.044027709960936},{""id"":""R_372"",""cls"":""truck"",""x"":-31.479042053222656,""y"":17.391128540039062,""distance"":36.044027709960936},{""id"":""R_324"",""cls"":""truck"",""x"":-42.30061340332031,""y"":-9.023102760314941,""distance"":43.66990661621094},{""id"":""RT_284"",""cls"":""vehicle"",""x"":-5.819863319396973,""y"":9.2418212890625,""distance"":11.14905948638916}]","[{""id"":""RT_284"",""cls"":""vehicle"",""label"":""Car"",""dist_m"":11.149,""speed_mps"":4.014,""motion"":""approaching""},{""id"":""R_372"",""cls"":""truck"",""label"":""Truck"",""dist_m"":36.044,""speed_mps"":1.462,""motion"":""approaching""},{""id"":""R_372"",""cls"":""truck"",""label"":""Truck"",""dist_m"":36.044,""speed_mps"":null,""motion"":""unknown""},{""id"":""R_324"",""cls"":""vehicle"",""label"":""Car"",""dist_m"":43.67,""speed_mps"":0.934,""motion"":""approaching""},{""id"":""R_324"",""cls"":""truck"",""label"":""Truck"",""dist_m"":43.67,""speed_mps"":null,""motion"":""unknown""}]",frame_000116
"{""cam"":true,""radar"":true,""gnss"":true,""imu"":true,""lidar"":true}",832096779,3,292.6,23,11.4,"{""vehicle"":5,""person"":0,""cyclist"":0}",FALSE,"{""heading_deg"":225.49323129663492,""speed_mps"":2.053575872247679,""accelerating"":false,""braking"":true,""turning_left"":false,""turning_right"":false,""world_x"":-57.82272720336914,""world_y"":-23.51664924621582}","{""front"":{""boxes"":[{""id"":""F_401"",""cls"":""bench"",""conf"":0.71533203125,""box"":[0.7973046874999999,0.5671354166666667,0.07499825909189753,0.06968750000000004]}]},""left"":{""boxes"":[]},""rear"":{""boxes"":[{""id"":""R_324"",""cls"":""car"",""conf"":0.69287109375,""box"":[0.622576469466695,0.5178293705589637,0.05180785888342258,0.04307162008679839]},{""id"":""R_372"",""cls"":""bus"",""conf"":0.486328125,""box"":[0.2047126468308452,0.5280036157297754,0.05802441371075551,0.055365290870567505]},{""id"":""R_373"",""cls"":""traffic light"",""conf"":0.70556640625,""box"":[0.40469697329908827,0.43785549649498745,0.009385608507118804,0.020817790242881055]}]},""right"":{""boxes"":[{""id"":""RT_284"",""cls"":""car"",""conf"":0.4130859375,""box"":[0.8987999492876948,0.5741946437920193,0.1145554379812026,0.07852534690202286]},{""id"":""RT_359"",""cls"":""bench"",""conf"":0.92822265625,""box"":[0.48192463325428536,0.6230528352274362,0.08573296239898136,0.10158917105626272]}]}}","[{""id"":""R_324"",""cls"":""vehicle"",""x"":-42.77705001831055,""y"":-9.769423484802246,""distance"":43.96553955078125},{""id"":""R_372"",""cls"":""truck"",""x"":-32.562801361083984,""y"":16.272327423095703,""distance"":36.44237518310547},{""id"":""R_372"",""cls"":""truck"",""x"":-32.562801361083984,""y"":16.272327423095703,""distance"":36.44237518310547},{""id"":""R_324"",""cls"":""truck"",""x"":-42.77705001831055,""y"":-9.769423484802246,""distance"":43.96553955078125},{""id"":""RT_284"",""cls"":""vehicle"",""x"":-6.005463600158691,""y"":9.289443016052246,""distance"":11.113070678710937}]","[{""id"":""RT_284"",""cls"":""vehicle"",""label"":""Car"",""dist_m"":11.113,""speed_mps"":0.557,""motion"":""approaching""},{""id"":""R_372"",""cls"":""truck"",""label"":""Truck"",""dist_m"":36.442,""speed_mps"":3.25,""motion"":""approaching""},{""id"":""R_372"",""cls"":""truck"",""label"":""Truck"",""dist_m"":36.442,""speed_mps"":null,""motion"":""unknown""},{""id"":""R_324"",""cls"":""vehicle"",""label"":""Car"",""dist_m"":43.966,""speed_mps"":1.429,""motion"":""approaching""},{""id"":""R_324"",""cls"":""truck"",""label"":""Truck"",""dist_m"":43.966,""speed_mps"":null,""motion"":""unknown""}]",frame_000117
"{""cam"":true,""radar"":true,""gnss"":true,""imu"":true,""lidar"":true}",165340558,3.2,210.9,23,8.8,"{""vehicle"":5,""person"":0,""cyclist"":0}",FALSE,"{""heading_deg"":224.86897932725248,""speed_mps"":1.947984261579165,""accelerating"":false,""braking"":true,""turning_left"":true,""turning_right"":false,""world_x"":-58.278438568115234,""world_y"":-23.97895622253418}","{""front"":{""boxes"":[{""id"":""F_401"",""cls"":""bench"",""conf"":0.75927734375,""box"":[0.8133416156730539,0.5711421692838056,0.08038994401550248,0.07452733979495996]}]},""left"":{""boxes"":[]},""rear"":{""boxes"":[{""id"":""R_324"",""cls"":""car"",""conf"":0.68408203125,""box"":[0.6248999297366215,0.5173991299903711,0.05101514418767392,0.042120451113883975]},{""id"":""R_372"",""cls"":""bus"",""conf"":0.4765625,""box"":[0.21868205781467182,0.5267728029916616,0.05696867428230172,0.05400705554244999]}]},""right"":{""boxes"":[{""id"":""RT_284"",""cls"":""car"",""conf"":0.32763671875,""box"":[0.9331537272344083,0.5730642893631523,0.11594938944629832,0.0822356876431582]},{""id"":""RT_359"",""cls"":""bench"",""conf"":0.91796875,""box"":[0.5266679456484458,0.6239244995743268,0.08968479095548076,0.10172955310655318]}]}}","[{""id"":""R_324"",""cls"":""vehicle"",""x"":-43.303993225097656,""y"":-10.217609405517578,""distance"":44.540245819091794},{""id"":""R_372"",""cls"":""truck"",""x"":-32.846900939941406,""y"":15.901342391967773,""distance"":36.521858596801756},{""id"":""R_372"",""cls"":""truck"",""x"":-32.846900939941406,""y"":15.901342391967773,""distance"":36.521858596801756},{""id"":""R_324"",""cls"":""truck"",""x"":-43.303993225097656,""y"":-10.217609405517578,""distance"":44.540245819091794},{""id"":""RT_284"",""cls"":""vehicle"",""x"":-6.719775199890137,""y"":9.36520004272461,""distance"":11.602516174316406}]","[{""id"":""RT_284"",""cls"":""vehicle"",""label"":""Car"",""dist_m"":11.603,""speed_mps"":2.144,""motion"":""approaching""},{""id"":""R_372"",""cls"":""truck"",""label"":""Truck"",""dist_m"":36.522,""speed_mps"":0.853,""motion"":""approaching""},{""id"":""R_372"",""cls"":""truck"",""label"":""Truck"",""dist_m"":36.522,""speed_mps"":null,""motion"":""unknown""},{""id"":""R_324"",""cls"":""vehicle"",""label"":""Car"",""dist_m"":44.54,""speed_mps"":1.581,""motion"":""approaching""},{""id"":""R_324"",""cls"":""truck"",""label"":""Truck"",""dist_m"":44.54,""speed_mps"":null,""motion"":""unknown""}]",frame_000118
"{""cam"":true,""radar"":true,""gnss"":true,""imu"":true,""lidar"":true}",498625337,3.2,222.9,28,9.4,"{""vehicle"":3,""person"":0,""cyclist"":0}",FALSE,"{""heading_deg"":224.20751648727176,""speed_mps"":1.8918305497472274,""accelerating"":false,""braking"":false,""turning_left"":true,""turning_right"":false,""world_x"":-58.71464920043945,""world_y"":-24.434228897094727}","{""front"":{""boxes"":[{""id"":""F_401"",""cls"":""bench"",""conf"":0.81298828125,""box"":[0.8372977183902066,0.5762316572844308,0.08617246741977107,0.07971311919889387]}]},""left"":{""boxes"":[]},""rear"":{""boxes"":[{""id"":""R_324"",""cls"":""car"",""conf"":0.7578125,""box"":[0.6282019666348841,0.516911543955723,0.05101362092189694,0.0418248949631991]},{""id"":""R_372"",""cls"":""bus"",""conf"":0.42822265625,""box"":[0.2333934027885573,0.5263403669248109,0.05683756058450551,0.0535474668006645]}]},""right"":{""boxes"":[{""id"":""RT_359"",""cls"":""bench"",""conf"":0.8662109375,""box"":[0.5698616124366145,0.6238956214898976,0.09342157631342056,0.10176361951681288]}]}}","[{""id"":""R_324"",""cls"":""vehicle"",""x"":-44.07268142700195,""y"":-11.070124626159668,""distance"":45.620419311523435},{""id"":""R_372"",""cls"":""truck"",""x"":-33.09761047363281,""y"":15.560371398925781,""distance"":36.65729904174805},{""id"":""R_372"",""cls"":""truck"",""x"":-33.09761047363281,""y"":15.560371398925781,""distance"":36.65729904174805}]","[{""id"":""R_372"",""cls"":""truck"",""label"":""Truck"",""dist_m"":36.657,""speed_mps"":0.752,""motion"":""approaching""},{""id"":""R_372"",""cls"":""truck"",""label"":""Truck"",""dist_m"":36.657,""speed_mps"":null,""motion"":""unknown""},{""id"":""R_324"",""cls"":""vehicle"",""label"":""Car"",""dist_m"":45.62,""speed_mps"":2.306,""motion"":""approaching""}]",frame_000119
"{""cam"":true,""radar"":true,""gnss"":true,""imu"":true,""lidar"":true}",831986757,3.2,208.8,28,9.6,"{""vehicle"":4,""person"":0,""cyclist"":0}",FALSE,"{""heading_deg"":223.75882770031532,""speed_mps"":1.9144291774035398,""accelerating"":false,""braking"":false,""turning_left"":false,""turning_right"":false,""world_x"":-59.153690338134766,""world_y"":-24.897411346435547}","{""front"":{""boxes"":[{""id"":""F_401"",""cls"":""bench"",""conf"":0.5390625,""box"":[0.867720739864026,0.5816014938405121,0.09280904424657646,0.08583510257627876]}]},""left"":{""boxes"":[]},""rear"":{""boxes"":[{""id"":""R_324"",""cls"":""car"",""conf"":0.64599609375,""box"":[0.6317687626964675,0.5169323028520009,0.05078076577449471,0.04140481862951392]},{""id"":""R_372"",""cls"":""truck"",""conf"":0.56591796875,""box"":[0.24793985841270388,0.5253099179454773,0.0565758472801066,0.053054691507172555]}]},""right"":{""boxes"":[{""id"":""RT_359"",""cls"":""bench"",""conf"":0.92578125,""box"":[0.6125829306573406,0.6240431895243816,0.09680389204124831,0.10141439784412079]}]}}","[{""id"":""R_324"",""cls"":""vehicle"",""x"":-44.908016204833984,""y"":-10.938688278198242,""distance"":46.472801971435544},{""id"":""R_372"",""cls"":""truck"",""x"":-33.51210021972656,""y"":15.122943878173828,""distance"":36.80113410949707},{""id"":""R_372"",""cls"":""truck"",""x"":-33.51210021972656,""y"":15.122943878173828,""distance"":36.80113410949707},{""id"":""R_324"",""cls"":""truck"",""x"":-44.908016204833984,""y"":-10.938688278198242,""distance"":46.472801971435544}]","[{""id"":""R_372"",""cls"":""truck"",""label"":""Truck"",""dist_m"":36.801,""speed_mps"":1.243,""motion"":""approaching""},{""id"":""R_372"",""cls"":""truck"",""label"":""Truck"",""dist_m"":36.801,""speed_mps"":null,""motion"":""unknown""},{""id"":""R_324"",""cls"":""vehicle"",""label"":""Car"",""dist_m"":46.473,""speed_mps"":2.506,""motion"":""approaching""},{""id"":""R_324"",""cls"":""truck"",""label"":""Truck"",""dist_m"":46.473,""speed_mps"":null,""motion"":""unknown""}]",frame_000120
"{""cam"":true,""radar"":true,""gnss"":true,""imu"":true,""lidar"":true}",165297878,3.1,202.1,28,9.3,"{""vehicle"":3,""person"":0,""cyclist"":0}",FALSE,"{""heading_deg"":223.4174002040847,""speed_mps"":2.0045253642859238,""accelerating"":false,""braking"":false,""turning_left"":false,""turning_right"":false,""world_x"":-59.61183547973633,""world_y"":-25.383726119995117}","{""front"":{""boxes"":[{""id"":""F_401"",""cls"":""bench"",""conf"":0.84375,""box"":[0.8890757625409836,0.5876702924847919,0.10059273537679783,0.09216508207895219]}]},""left"":{""boxes"":[]},""rear"":{""boxes"":[{""id"":""R_324"",""cls"":""car"",""conf"":0.615234375,""box"":[0.6351602178988458,0.5164320768116917,0.0504169607196336,0.04093890663768782]},{""id"":""R_372"",""cls"":""truck"",""conf"":0.5830078125,""box"":[0.26073692085196204,0.525128919581284,0.0570622809660847,0.05325781610540936]},{""id"":""R_395"",""cls"":""traffic light"",""conf"":0.56005859375,""box"":[0.4308584111794092,0.4418956192504057,0.008632001501657438,0.022306929947051655]}]},""right"":{""boxes"":[{""id"":""RT_359"",""cls"":""bench"",""conf"":0.93994140625,""box"":[0.6538241341081664,0.6239135404643591,0.10070546749256319,0.10161283969898409]}]}}","[{""id"":""R_324"",""cls"":""vehicle"",""x"":-45.25743865966797,""y"":-10.764389038085938,""distance"":46.61330642700195},{""id"":""R_372"",""cls"":""truck"",""x"":-34.36594009399414,""y"":14.52742862701416,""distance"":37.393697357177736},{""id"":""R_324"",""cls"":""truck"",""x"":-45.25743865966797,""y"":-10.764389038085938,""distance"":46.61330642700195}]","[{""id"":""R_372"",""cls"":""truck"",""label"":""Truck"",""dist_m"":37.394,""speed_mps"":2.562,""motion"":""approaching""},{""id"":""R_324"",""cls"":""vehicle"",""label"":""Car"",""dist_m"":46.613,""speed_mps"":1.048,""motion"":""approaching""},{""id"":""R_324"",""cls"":""truck"",""label"":""Truck"",""dist_m"":46.613,""speed_mps"":null,""motion"":""unknown""}]",frame_000121
"{""cam"":true,""radar"":true,""gnss"":true,""imu"":true,""lidar"":true}",498666090,3.1,243,16,10.6,"{""vehicle"":4,""person"":0,""cyclist"":0}",FALSE,"{""heading_deg"":223.39513378739048,""speed_mps"":2.1343612752253356,""accelerating"":true,""braking"":false,""turning_left"":false,""turning_right"":false,""world_x"":-60.101497650146484,""world_y"":-25.899965286254883}","{""front"":{""boxes"":[{""id"":""F_401"",""cls"":""bench"",""conf"":0.63525390625,""box"":[0.9145129801436376,0.5951578951319034,0.10793071940786145,0.09750341841169571]}]},""left"":{""boxes"":[]},""rear"":{""boxes"":[{""id"":""R_324"",""cls"":""car"",""conf"":0.63525390625,""box"":[0.6368694811697656,0.5159157416150124,0.04965861597071628,0.04010131495443397]},{""id"":""R_372"",""cls"":""truck"",""conf"":0.56201171875,""box"":[0.27204799487288267,0.5243783860549781,0.05663943311880475,0.05265277294352811]}]},""right"":{""boxes"":[{""id"":""RT_359"",""cls"":""bench"",""conf"":0.92919921875,""box"":[0.6948937081655788,0.6245431968307649,0.10572455967380545,0.10305468662523734]}]}}","[{""id"":""R_324"",""cls"":""vehicle"",""x"":-45.996337890625,""y"":-11.465238571166992,""distance"":48.04101333618164},{""id"":""R_372"",""cls"":""truck"",""x"":-34.4532585144043,""y"":14.370768547058105,""distance"":37.465092468261716},{""id"":""R_324"",""cls"":""truck"",""x"":-45.996337890625,""y"":-11.465238571166992,""distance"":48.04101333618164},{""id"":""R_372"",""cls"":""truck"",""x"":-34.4532585144043,""y"":14.370768547058105,""distance"":37.465092468261716}]","[{""id"":""R_372"",""cls"":""truck"",""label"":""Truck"",""dist_m"":37.465,""speed_mps"":0.262,""motion"":""approaching""},{""id"":""R_372"",""cls"":""truck"",""label"":""Truck"",""dist_m"":37.465,""speed_mps"":null,""motion"":""unknown""},{""id"":""R_324"",""cls"":""vehicle"",""label"":""Car"",""dist_m"":48.041,""speed_mps"":2.216,""motion"":""approaching""},{""id"":""R_324"",""cls"":""truck"",""label"":""Truck"",""dist_m"":48.041,""speed_mps"":null,""motion"":""unknown""}]",frame_000122
"{""cam"":true,""radar"":true,""gnss"":true,""imu"":true,""lidar"":true}",832028610,3.1,284.2,16,8.5,"{""vehicle"":4,""person"":0,""cyclist"":0}",FALSE,"{""heading_deg"":223.5498922136046,""speed_mps"":2.284294755346783,""accelerating"":true,""braking"":false,""turning_left"":false,""turning_right"":false,""world_x"":-60.628841400146484,""world_y"":-26.449317932128906}","{""front"":{""boxes"":[{""id"":""F_401"",""cls"":""bench"",""conf"":0.6943359375,""box"":[0.9280264221941866,0.5987694815236275,0.10371182031166573,0.09298094607549293]}]},""left"":{""boxes"":[]},""rear"":{""boxes"":[{""id"":""R_324"",""cls"":""truck"",""conf"":0.39794921875,""box"":[0.6367539659902614,0.5150406512639744,0.048747434824405377,0.039125681928426026]},{""id"":""R_372"",""cls"":""bus"",""conf"":0.556640625,""box"":[0.2807058241916579,0.5235922404920073,0.05564390247673234,0.05139726959740933]}]},""right"":{""boxes"":[{""id"":""RT_359"",""cls"":""bench"",""conf"":0.9453125,""box"":[0.7352618940003093,0.624257635786651,0.1095547735390742,0.10324408719015897]},{""id"":""RT_429"",""cls"":""bench"",""conf"":0.830078125,""box"":[0.1596875,0.5554166666666667,0.048066786429918504,0.025416666666666643]}]}}","[{""id"":""R_372"",""cls"":""truck"",""x"":-34.84706115722656,""y"":14.096073150634766,""distance"":37.61946144104004},{""id"":""R_372"",""cls"":""truck"",""x"":-34.84706115722656,""y"":14.096073150634766,""distance"":37.61946144104004},{""id"":""R_324"",""cls"":""truck"",""x"":-47.09492492675781,""y"":-10.577077865600586,""distance"":48.58638916015625},{""id"":""R_324"",""cls"":""vehicle"",""x"":-47.09492492675781,""y"":-10.577077865600586,""distance"":48.58638916015625}]","[{""id"":""R_372"",""cls"":""truck"",""label"":""Truck"",""dist_m"":37.619,""speed_mps"":1.181,""motion"":""approaching""},{""id"":""R_372"",""cls"":""truck"",""label"":""Truck"",""dist_m"":37.619,""speed_mps"":null,""motion"":""unknown""},{""id"":""R_324"",""cls"":""truck"",""label"":""Truck"",""dist_m"":48.586,""speed_mps"":3.295,""motion"":""approaching""},{""id"":""R_324"",""cls"":""vehicle"",""label"":""Car"",""dist_m"":48.586,""speed_mps"":null,""motion"":""unknown""}]",frame_000123
"{""cam"":true,""radar"":true,""gnss"":true,""imu"":true,""lidar"":true}",165371948,3.1,225.8,24,11.3,"{""vehicle"":4,""person"":0,""cyclist"":0}",FALSE,"{""heading_deg"":223.942573449367,""speed_mps"":2.4428838824068784,""accelerating"":true,""braking"":false,""turning_left"":false,""turning_right"":false,""world_x"":-61.19758224487305,""world_y"":-27.03211212158203}","{""front"":{""boxes"":[{""id"":""F_401"",""cls"":""bench"",""conf"":0.9384765625,""box"":[0.9456086517009993,0.60336645781488,0.10555192361473101,0.09427182697829567]}]},""left"":{""boxes"":[]},""rear"":{""boxes"":[{""id"":""R_324"",""cls"":""car"",""conf"":0.490234375,""box"":[0.633697741223503,0.5150959964260438,0.04797055098152629,0.03809953285352042]},{""id"":""R_372"",""cls"":""truck"",""conf"":0.64794921875,""box"":[0.2869728414187528,0.5231473972430954,0.05518350005717898,0.05060535960995812]}]},""right"":{""boxes"":[{""id"":""RT_359"",""cls"":""bench"",""conf"":0.94873046875,""box"":[0.7758743800868481,0.6237936757201599,0.11212402439700124,0.10192577895228752]},{""id"":""RT_429"",""cls"":""bench"",""conf"":0.79931640625,""box"":[0.17382287812754751,0.5554565971133546,0.0482288169047894,0.025496527560042635]}]}}","[{""id"":""R_372"",""cls"":""truck"",""x"":-35.218143463134766,""y"":14.099218368530273,""distance"":37.96162414550781},{""id"":""R_324"",""cls"":""vehicle"",""x"":-47.6368293762207,""y"":-11.330307006835938,""distance"":49.09286117553711},{""id"":""R_324"",""cls"":""truck"",""x"":-47.6368293762207,""y"":-11.330307006835938,""distance"":49.09286117553711},{""id"":""R_372"",""cls"":""truck"",""x"":-35.218143463134766,""y"":14.099218368530273,""distance"":37.96162414550781}]","[{""id"":""R_372"",""cls"":""truck"",""label"":""Truck"",""dist_m"":37.962,""speed_mps"":1.113,""motion"":""approaching""},{""id"":""R_372"",""cls"":""truck"",""label"":""Truck"",""dist_m"":37.962,""speed_mps"":null,""motion"":""unknown""},{""id"":""R_324"",""cls"":""vehicle"",""label"":""Car"",""dist_m"":49.093,""speed_mps"":1.626,""motion"":""approaching""},{""id"":""R_324"",""cls"":""truck"",""label"":""Truck"",""dist_m"":49.093,""speed_mps"":null,""motion"":""unknown""}]",frame_000124
"{""cam"":true,""radar"":true,""gnss"":true,""imu"":true,""lidar"":true}",498664346,3.2,210.6,24,8.3,"{""vehicle"":4,""person"":0,""cyclist"":0}",FALSE,"{""heading_deg"":224.4795356011567,""speed_mps"":2.604805140457677,""accelerating"":true,""braking"":false,""turning_left"":false,""turning_right"":false,""world_x"":-61.81026840209961,""world_y"":-27.64719009399414}","{""front"":{""boxes"":[{""id"":""F_401"",""cls"":""bench"",""conf"":0.8857421875,""box"":[0.9590399428129264,0.6011731707130825,0.09101815783565126,0.08095475060495817]}]},""left"":{""boxes"":[]},""rear"":{""boxes"":[{""id"":""R_324"",""cls"":""truck"",""conf"":0.51953125,""box"":[0.6290358456496605,0.5142517727337002,0.04743573402471961,0.03741016673550111]},{""id"":""R_372"",""cls"":""truck"",""conf"":0.56396484375,""box"":[0.29119700039102375,0.5228296160593192,0.05428289749783084,0.04928581280481469]},{""id"":""R_395"",""cls"":""traffic light"",""conf"":0.642578125,""box"":[0.4331649062098709,0.44368977016621824,0.007009845411794569,0.018267557567871684]}]},""right"":{""boxes"":[{""id"":""RT_359"",""cls"":""bench"",""conf"":0.94580078125,""box"":[0.8167137951200466,0.6234349294464006,0.11571552803854504,0.10175337271623341]},{""id"":""RT_429"",""cls"":""bench"",""conf"":0.79296875,""box"":[0.1913325775451574,0.5554701502914854,0.04963332316948159,0.026330737050230604]},{""id"":""RT_438"",""cls"":""bench"",""conf"":0.763671875,""box"":[0.04397460937500001,0.6060937499999999,0.059649755601294374,0.1092708333333333]}]}}","[{""id"":""R_372"",""cls"":""truck"",""x"":-35.78404998779297,""y"":13.88022232055664,""distance"":38.44473457336426},{""id"":""R_324"",""cls"":""truck"",""x"":-48.32740020751953,""y"":-10.399453163146973,""distance"":49.50165023803711},{""id"":""R_372"",""cls"":""truck"",""x"":-35.78404998779297,""y"":13.88022232055664,""distance"":38.44473457336426},{""id"":""R_324"",""cls"":""vehicle"",""x"":-48.32740020751953,""y"":-10.399453163146973,""distance"":49.50165023803711}]","[{""id"":""R_372"",""cls"":""truck"",""label"":""Truck"",""dist_m"":38.445,""speed_mps"":1.698,""motion"":""approaching""},{""id"":""R_372"",""cls"":""truck"",""label"":""Truck"",""dist_m"":38.445,""speed_mps"":null,""motion"":""unknown""},{""id"":""R_324"",""cls"":""truck"",""label"":""Truck"",""dist_m"":49.502,""speed_mps"":2.072,""motion"":""approaching""},{""id"":""R_324"",""cls"":""vehicle"",""label"":""Car"",""dist_m"":49.502,""speed_mps"":null,""motion"":""unknown""}]",frame_000125
"{""cam"":true,""radar"":true,""gnss"":true,""imu"":true,""lidar"":true}",832017321,3.1,196,24,6.2,"{""vehicle"":1,""person"":0,""cyclist"":0}",FALSE,"{""heading_deg"":225.01148439409565,""speed_mps"":2.7578997113398525,""accelerating"":true,""braking"":false,""turning_left"":false,""turning_right"":false,""world_x"":-62.46450424194336,""world_y"":-28.2930908203125}","{""front"":{""boxes"":[{""id"":""F_401"",""cls"":""bench"",""conf"":0.8681640625,""box"":[0.9712619188640075,0.604381708134755,0.08640027989474,0.07855597328235706]}]},""left"":{""boxes"":[]},""rear"":{""boxes"":[{""id"":""R_324"",""cls"":""truck"",""conf"":0.5947265625,""box"":[0.6226257513214639,0.5137882491193764,0.04700722259230013,0.03684262989220961]},{""id"":""R_372"",""cls"":""bus"",""conf"":0.76220703125,""box"":[0.2934718586139141,0.5218523762373721,0.053923065331958675,0.04847720572558304]},{""id"":""R_395"",""cls"":""traffic light"",""conf"":0.50390625,""box"":[0.4309978005914935,0.44480914256581855,0.006732462919447535,0.017338210193940166]}]},""right"":{""boxes"":[{""id"":""RT_359"",""cls"":""bench"",""conf"":0.94775390625,""box"":[0.8577776049191129,0.6226062947350014,0.11927455523597956,0.10168173892228947]},{""id"":""RT_438"",""cls"":""bench"",""conf"":0.62060546875,""box"":[0.04336942481929664,0.6126292420135584,0.05425468897423911,0.09812441137155889]}]}}","[{""id"":""R_372"",""cls"":""truck"",""x"":-36.361507415771484,""y"":13.903599739074707,""distance"":38.98868026733398}]","[{""id"":""R_372"",""cls"":""truck"",""label"":""Truck"",""dist_m"":38.989,""speed_mps"":1.732,""motion"":""approaching""}]",frame_000126
"{""cam"":true,""radar"":true,""gnss"":true,""imu"":true,""lidar"":true}",165339457,3.2,188.2,14,9.7,"{""vehicle"":2,""person"":0,""cyclist"":0}",FALSE,"{""heading_deg"":225.53436269581678,""speed_mps"":2.8717876777291864,""accelerating"":true,""braking"":false,""turning_left"":false,""turning_right"":false,""world_x"":-63.15108871459961,""world_y"":-28.960092544555664}","{""front"":{""boxes"":[]},""left"":{""boxes"":[]},""rear"":{""boxes"":[{""id"":""R_324"",""cls"":""truck"",""conf"":0.441650390625,""box"":[0.615601202286137,0.5132870441622267,0.04605770103111162,0.03596519837142834]},{""id"":""R_372"",""cls"":""truck"",""conf"":0.56982421875,""box"":[0.2953611077404573,0.5218690569454192,0.05396059751343052,0.04821236884273959]}]},""right"":{""boxes"":[{""id"":""RT_359"",""cls"":""bench"",""conf"":0.94091796875,""box"":[0.9004770678596256,0.6221190461668338,0.12240137948316913,0.10130430648825654]},{""id"":""RT_438"",""cls"":""bench"",""conf"":0.9033203125,""box"":[0.058530600525964295,0.6154175472640571,0.054043749446249054,0.09403463214377084]},{""id"":""RT_445"",""cls"":""bench"",""conf"":0.74169921875,""box"":[0.32330078125000006,0.5691145833333332,0.05123193990541632,0.03322916666666664]}]}}","[{""id"":""R_372"",""cls"":""truck"",""x"":-37.059932708740234,""y"":13.765959739685059,""distance"":39.60822639465332},{""id"":""R_372"",""cls"":""truck"",""x"":-37.059932708740234,""y"":13.765959739685059,""distance"":39.60822639465332}]","[{""id"":""R_372"",""cls"":""truck"",""label"":""Truck"",""dist_m"":39.608,""speed_mps"":2.095,""motion"":""approaching""},{""id"":""R_372"",""cls"":""truck"",""label"":""Truck"",""dist_m"":39.608,""speed_mps"":null,""motion"":""unknown""}]",frame_000127
"{""cam"":true,""radar"":true,""gnss"":true,""imu"":true,""lidar"":true}",498738599,3.1,212.6,14,7.5,"{""vehicle"":2,""person"":0,""cyclist"":0}",FALSE,"{""heading_deg"":225.75858414588996,""speed_mps"":2.940129342802406,""accelerating"":false,""braking"":false,""turning_left"":false,""turning_right"":false,""world_x"":-63.85602951049805,""world_y"":-29.641210556030273}","{""front"":{""boxes"":[]},""left"":{""boxes"":[]},""rear"":{""boxes"":[{""id"":""R_324"",""cls"":""truck"",""conf"":0.60009765625,""box"":[0.6084913101366256,0.5133029692540132,0.04549444890702601,0.0353275920677176]},{""id"":""R_372"",""cls"":""bus"",""conf"":0.51953125,""box"":[0.29748130057107025,0.5215444581037697,0.05418860404975665,0.04814307210787104]}]},""right"":{""boxes"":[{""id"":""RT_359"",""cls"":""bench"",""conf"":0.94189453125,""box"":[0.935648403537464,0.6205564255577743,0.12116098448114698,0.09908766173013923]},{""id"":""RT_438"",""cls"":""bench"",""conf"":0.9248046875,""box"":[0.0842953238138448,0.6172377615647123,0.058118983172892255,0.09481411443297745]},{""id"":""RT_445"",""cls"":""bench"",""conf"":0.74169921875,""box"":[0.34222185070161676,0.569434432367909,0.05202385412270223,0.03370894021853014]}]}}","[{""id"":""R_372"",""cls"":""truck"",""x"":-37.22422790527344,""y"":14.132044792175293,""distance"":39.92902145385742},{""id"":""R_372"",""cls"":""truck"",""x"":-37.22422790527344,""y"":14.132044792175293,""distance"":39.92902145385742}]","[{""id"":""R_372"",""cls"":""truck"",""label"":""Truck"",""dist_m"":39.929,""speed_mps"":0.493,""motion"":""approaching""},{""id"":""R_372"",""cls"":""truck"",""label"":""Truck"",""dist_m"":39.929,""speed_mps"":null,""motion"":""unknown""}]",frame_000128
"{""cam"":true,""radar"":true,""gnss"":true,""imu"":true,""lidar"":true}",832057522,3.1,277.7,14,10.4,"{""vehicle"":2,""person"":0,""cyclist"":0}",FALSE,"{""heading_deg"":225.78544044970644,""speed_mps"":2.8973740755814745,""accelerating"":false,""braking"":false,""turning_left"":false,""turning_right"":false,""world_x"":-64.5500717163086,""world_y"":-30.312759399414062}","{""front"":{""boxes"":[]},""left"":{""boxes"":[]},""rear"":{""boxes"":[{""id"":""R_324"",""cls"":""truck"",""conf"":0.544921875,""box"":[0.603251670205052,0.5131513355661463,0.0448937778204793,0.034776659917608775]},{""id"":""R_372"",""cls"":""bus"",""conf"":0.544921875,""box"":[0.30173585067427877,0.5212683347535334,0.05347219119074213,0.04709557673011382]}]},""right"":{""boxes"":[{""id"":""RT_359"",""cls"":""bench"",""conf"":0.93359375,""box"":[0.9634845254752772,0.6201427146773205,0.11645119688555923,0.09789899848831567]},{""id"":""RT_438"",""cls"":""bench"",""conf"":0.9287109375,""box"":[0.12650778728038947,0.6174884069818468,0.06237275445362842,0.09481272981765573]},{""id"":""RT_445"",""cls"":""bench"",""conf"":0.73388671875,""box"":[0.3683560718788784,0.569141462229784,0.05236166670052404,0.033871600833482535]}]}}","[{""id"":""R_372"",""cls"":""truck"",""x"":-37.927032470703125,""y"":13.932787895202637,""distance"":40.549537658691406},{""id"":""R_372"",""cls"":""truck"",""x"":-37.927032470703125,""y"":13.932787895202637,""distance"":40.549537658691406}]","[{""id"":""R_372"",""cls"":""truck"",""label"":""Truck"",""dist_m"":40.55,""speed_mps"":2.109,""motion"":""approaching""},{""id"":""R_372"",""cls"":""truck"",""label"":""Truck"",""dist_m"":40.55,""speed_mps"":null,""motion"":""unknown""}]",frame_000129
"{""cam"":true,""radar"":true,""gnss"":true,""imu"":true,""lidar"":true}",165303019,3.2,212.2,20,9.3,"{""vehicle"":1,""person"":0,""cyclist"":0}",FALSE,"{""heading_deg"":225.46581491730655,""speed_mps"":2.7790931816019224,""accelerating"":false,""braking"":true,""turning_left"":false,""turning_right"":false,""world_x"":-65.21167755126953,""world_y"":-30.9608154296875}","{""front"":{""boxes"":[]},""left"":{""boxes"":[]},""rear"":{""boxes"":[{""id"":""R_324"",""cls"":""truck"",""conf"":0.521484375,""box"":[0.5998979830289028,0.5129369031651406,0.04431021010220641,0.0342561308040161]},{""id"":""R_372"",""cls"":""truck"",""conf"":0.732421875,""box"":[0.3081028798786137,0.5208352318295159,0.05346416040781525,0.046733923381297754]},{""id"":""R_451"",""cls"":""bench"",""conf"":0.92724609375,""box"":[0.0480810546875,0.6138541666666666,0.08233311359267004,0.10020833333333339]}]},""right"":{""boxes"":[{""id"":""RT_359"",""cls"":""bench"",""conf"":0.82763671875,""box"":[0.9889462939400258,0.6142671347275586,0.09470980816271286,0.08461407909928258]},{""id"":""RT_438"",""cls"":""bench"",""conf"":0.9375,""box"":[0.17390622922185467,0.6170747564004962,0.06679458363997166,0.09420441489098876]},{""id"":""RT_445"",""cls"":""bench"",""conf"":0.66015625,""box"":[0.3949295306984332,0.5692321140794243,0.052003731847138246,0.0335210154525709]}]}}","[{""id"":""R_372"",""cls"":""truck"",""x"":-39.175445556640625,""y"":12.426074028015137,""distance"":41.14456367492676}]","[{""id"":""R_372"",""cls"":""truck"",""label"":""Truck"",""dist_m"":41.145,""speed_mps"":3.746,""motion"":""approaching""}]",frame_000130
"{""cam"":true,""radar"":true,""gnss"":true,""imu"":true,""lidar"":true}",498711890,3.1,215.6,20,7.5,"{""vehicle"":2,""person"":0,""cyclist"":0}",FALSE,"{""heading_deg"":224.94458952136446,""speed_mps"":2.6304236287004317,""accelerating"":false,""braking"":true,""turning_left"":false,""turning_right"":false,""world_x"":-65.8316879272461,""world_y"":-31.581079483032227}","{""front"":{""boxes"":[]},""left"":{""boxes"":[]},""rear"":{""boxes"":[{""id"":""R_324"",""cls"":""truck"",""conf"":0.5546875,""box"":[0.5996164684853011,0.5128747068420728,0.044112028828944716,0.03409799522286943]},{""id"":""R_372"",""cls"":""bus"",""conf"":0.57763671875,""box"":[0.3168333215677689,0.5206929176667006,0.052170489942064836,0.0452263406519533]},{""id"":""R_451"",""cls"":""bench"",""conf"":0.90673828125,""box"":[0.06939951800764108,0.6067375328902341,0.08025026807950764,0.09670590623917287]}]},""right"":{""boxes"":[{""id"":""RT_438"",""cls"":""bench"",""conf"":0.93017578125,""box"":[0.22833464934626005,0.6170227724847855,0.07133111597801131,0.09446196369626834]},{""id"":""RT_445"",""cls"":""bench"",""conf"":0.59619140625,""box"":[0.4282781294070051,0.5694522312068526,0.051055636356489485,0.033016322337435136]}]}}","[{""id"":""R_372"",""cls"":""truck"",""x"":-39.74136734008789,""y"":11.979819297790527,""distance"":41.60691146850586},{""id"":""R_372"",""cls"":""truck"",""x"":-39.74136734008789,""y"":11.979819297790527,""distance"":41.60691146850586}]","[{""id"":""R_372"",""cls"":""truck"",""label"":""Truck"",""dist_m"":41.607,""speed_mps"":1.697,""motion"":""approaching""},{""id"":""R_372"",""cls"":""truck"",""label"":""Truck"",""dist_m"":41.607,""speed_mps"":null,""motion"":""unknown""}]",frame_000131
"{""cam"":true,""radar"":true,""gnss"":true,""imu"":true,""lidar"":true}",832089463,3.2,210.3,20,8.1,"{""vehicle"":2,""person"":0,""cyclist"":0}",FALSE,"{""heading_deg"":224.38424080185666,""speed_mps"":2.4741973571949107,""accelerating"":false,""braking"":true,""turning_left"":false,""turning_right"":false,""world_x"":-66.40872192382812,""world_y"":-32.17048263549805}","{""front"":{""boxes"":[]},""left"":{""boxes"":[]},""rear"":{""boxes"":[{""id"":""R_324"",""cls"":""truck"",""conf"":0.515625,""box"":[0.6010897092577545,0.5132163001660149,0.0435578383994347,0.03336578860843543]},{""id"":""R_372"",""cls"":""bus"",""conf"":0.55078125,""box"":[0.32725866852577895,0.5206610617969093,0.05115846785047844,0.0439913291887569]},{""id"":""R_451"",""cls"":""bench"",""conf"":0.87890625,""box"":[0.10795987209359606,0.5979275330016303,0.0740759954130543,0.08813852891405875]}]},""right"":{""boxes"":[{""id"":""RT_438"",""cls"":""bench"",""conf"":0.94140625,""box"":[0.28219908483879835,0.6165863987178359,0.0751747434643597,0.09390501458362159]}]}}","[{""id"":""R_372"",""cls"":""truck"",""x"":-40.14759063720703,""y"":11.631823539733887,""distance"":41.84951553344727},{""id"":""R_372"",""cls"":""truck"",""x"":-40.14759063720703,""y"":11.631823539733887,""distance"":41.84951553344727}]","[{""id"":""R_372"",""cls"":""truck"",""label"":""Truck"",""dist_m"":41.85,""speed_mps"":1.219,""motion"":""approaching""},{""id"":""R_372"",""cls"":""truck"",""label"":""Truck"",""dist_m"":41.85,""speed_mps"":null,""motion"":""unknown""}]",frame_000132
"{""cam"":true,""radar"":true,""gnss"":true,""imu"":true,""lidar"":true}",166913823,3.1,204.7,11,8.5,"{""vehicle"":1,""person"":0,""cyclist"":0}",FALSE,"{""heading_deg"":223.83337238491683,""speed_mps"":2.3072517276614533,""accelerating"":false,""braking"":true,""turning_left"":false,""turning_right"":false,""world_x"":-66.94331359863281,""world_y"":-32.7281608581543}","{""front"":{""boxes"":[]},""left"":{""boxes"":[]},""rear"":{""boxes"":[{""id"":""R_324"",""cls"":""truck"",""conf"":0.49609375,""box"":[0.6044171044003218,0.5130044380261685,0.04352485888092037,0.033126140028942014]},{""id"":""R_372"",""cls"":""truck"",""conf"":0.3310546875,""box"":[0.33839907842967437,0.5204890262234334,0.05141679389713012,0.04392719523190897]},{""id"":""R_451"",""cls"":""bench"",""conf"":0.82666015625,""box"":[0.1454770326524422,0.587944692979995,0.06462733702344337,0.07548352205707888]}]},""right"":{""boxes"":[{""id"":""RT_438"",""cls"":""bench"",""conf"":0.93896484375,""box"":[0.3336084344776252,0.6163777838526686,0.07903006132851656,0.09376721554247354]}]}}","[{""id"":""R_372"",""cls"":""truck"",""x"":-40.61457061767578,""y"":11.215658187866211,""distance"":42.170650482177734}]","[{""id"":""R_372"",""cls"":""truck"",""label"":""Truck"",""dist_m"":42.171,""speed_mps"":1.395,""motion"":""approaching""}]",frame_000133
"{""cam"":true,""radar"":true,""gnss"":true,""imu"":true,""lidar"":true}",498853145,3.1,213.3,11,9.5,"{""vehicle"":2,""person"":0,""cyclist"":0}",FALSE,"{""heading_deg"":223.51479870164906,""speed_mps"":2.173337858366463,""accelerating"":false,""braking"":true,""turning_left"":false,""turning_right"":false,""world_x"":-67.44002532958984,""world_y"":-33.2513427734375}","{""front"":{""boxes"":[]},""left"":{""boxes"":[]},""rear"":{""boxes"":[{""id"":""R_324"",""cls"":""truck"",""conf"":0.48828125,""box"":[0.6079498328054977,0.5131118777124194,0.04333750627575572,0.03271261074251299]},{""id"":""R_372"",""cls"":""bus"",""conf"":0.299072265625,""box"":[0.34908119856388814,0.5197379011605748,0.050151709974007155,0.04252857573087751]},{""id"":""R_451"",""cls"":""bench"",""conf"":0.8427734375,""box"":[0.17668122518264778,0.5802861125191365,0.057704410893448174,0.06593273117975731]}]},""right"":{""boxes"":[{""id"":""RT_438"",""cls"":""bench"",""conf"":0.93994140625,""box"":[0.3817833389794813,0.6162670120068073,0.08271984418709684,0.09376799720962706]}]}}","[{""id"":""R_372"",""cls"":""truck"",""x"":-41.22796630859375,""y"":10.670746803283691,""distance"":42.654572296142575},{""id"":""R_372"",""cls"":""truck"",""x"":-41.22796630859375,""y"":10.670746803283691,""distance"":42.654572296142575}]","[{""id"":""R_372"",""cls"":""truck"",""label"":""Truck"",""dist_m"":42.655,""speed_mps"":1.848,""motion"":""approaching""},{""id"":""R_372"",""cls"":""truck"",""label"":""Truck"",""dist_m"":42.655,""speed_mps"":null,""motion"":""unknown""}]",frame_000134
"{""cam"":true,""radar"":true,""gnss"":true,""imu"":true,""lidar"":true}",832413460,3.2,224.1,11,10.8,"{""vehicle"":2,""person"":0,""cyclist"":0}",FALSE,"{""heading_deg"":223.33707717944537,""speed_mps"":2.0145271480065445,""accelerating"":false,""braking"":true,""turning_left"":false,""turning_right"":false,""world_x"":-67.90184783935547,""world_y"":-33.73945999145508}","{""front"":{""boxes"":[]},""left"":{""boxes"":[]},""rear"":{""boxes"":[{""id"":""R_324"",""cls"":""truck"",""conf"":0.43212890625,""box"":[0.6103731090432191,0.5129856754700504,0.04301913051923787,0.03223516778098367]},{""id"":""R_372"",""cls"":""truck"",""conf"":0.5830078125,""box"":[0.3575812533359282,0.51982939929499,0.04987890918122058,0.04204477372294235]},{""id"":""R_451"",""cls"":""bench"",""conf"":0.80419921875,""box"":[0.1986460186225198,0.5746841977994684,0.05430661931088867,0.06084360534786981]}]},""right"":{""boxes"":[{""id"":""RT_438"",""cls"":""bench"",""conf"":0.92578125,""box"":[0.4249371614033969,0.6161983677709452,0.08618224903042364,0.09381128346944484]}]}}","[{""id"":""R_372"",""cls"":""truck"",""x"":-42.23082733154297,""y"":9.719247817993164,""distance"":43.70564270019531},{""id"":""R_372"",""cls"":""vehicle"",""x"":-42.23082733154297,""y"":9.719247817993164,""distance"":43.70564270019531}]","[{""id"":""R_372"",""cls"":""truck"",""label"":""Truck"",""dist_m"":43.706,""speed_mps"":3.007,""motion"":""approaching""},{""id"":""R_372"",""cls"":""vehicle"",""label"":""Car"",""dist_m"":43.706,""speed_mps"":null,""motion"":""unknown""}]",frame_000135
"{""cam"":true,""radar"":true,""gnss"":true,""imu"":true,""lidar"":true}",165334409,3.1,205.6,20,7.5,"{""vehicle"":2,""person"":0,""cyclist"":0}",FALSE,"{""heading_deg"":223.4262794500057,""speed_mps"":1.879069832394233,""accelerating"":false,""braking"":true,""turning_left"":false,""turning_right"":false,""world_x"":-68.33373260498047,""world_y"":-34.192039489746094}","{""front"":{""boxes"":[{""id"":""F_458"",""cls"":""bench"",""conf"":0.751953125,""box"":[0.779921875,0.5602083333333333,0.04086133512320726,0.052291666666666715]}]},""left"":{""boxes"":[]},""rear"":{""boxes"":[{""id"":""R_324"",""cls"":""truck"",""conf"":0.45703125,""box"":[0.6119663864073234,0.5129475007814039,0.04299036122730841,0.0320843416311065]},{""id"":""R_372"",""cls"":""truck"",""conf"":0.45703125,""box"":[0.36425661594742925,0.5193481763106934,0.048846159687227254,0.04084316732847952]},{""id"":""R_451"",""cls"":""bench"",""conf"":0.7919921875,""box"":[0.216423493656563,0.5710187994705841,0.05219642318479005,0.05734011751450545]}]},""right"":{""boxes"":[{""id"":""RT_438"",""cls"":""bench"",""conf"":0.92724609375,""box"":[0.46450083540972126,0.6159749589538137,0.08903912433002041,0.09351363680830645]}]}}","[{""id"":""R_372"",""cls"":""truck"",""x"":-42.00450134277344,""y"":10.150224685668945,""distance"":43.226043701171875},{""id"":""R_372"",""cls"":""vehicle"",""x"":-42.00450134277344,""y"":10.150224685668945,""distance"":43.226043701171875}]","[{""id"":""R_372"",""cls"":""truck"",""label"":""Truck"",""dist_m"":43.226,""speed_mps"":0.68,""motion"":""receding""},{""id"":""R_372"",""cls"":""vehicle"",""label"":""Car"",""dist_m"":43.226,""speed_mps"":null,""motion"":""unknown""}]",frame_000136
"{""cam"":true,""radar"":true,""gnss"":true,""imu"":true,""lidar"":true}",498732165,3.1,220.7,20,9.6,"{""vehicle"":2,""person"":0,""cyclist"":0}",FALSE,"{""heading_deg"":223.6582463345977,""speed_mps"":1.7518067451341597,""accelerating"":false,""braking"":true,""turning_left"":false,""turning_right"":false,""world_x"":-68.73992919921875,""world_y"":-34.61170196533203}","{""front"":{""boxes"":[{""id"":""F_458"",""cls"":""bench"",""conf"":0.59619140625,""box"":[0.7893020828203978,0.5619608987010508,0.04082695275791011,0.05213234254232866]}]},""left"":{""boxes"":[]},""rear"":{""boxes"":[{""id"":""R_324"",""cls"":""car"",""conf"":0.486328125,""box"":[0.6107377846037639,0.5127655944432907,0.042773221816746074,0.0317005846709747]},{""id"":""R_372"",""cls"":""car"",""conf"":0.60400390625,""box"":[0.3685961170508384,0.5188325781319816,0.048676512166199525,0.04043688276331021]},{""id"":""R_451"",""cls"":""bench"",""conf"":0.73388671875,""box"":[0.22868130911191634,0.5684649213402619,0.05068588715266213,0.05465093487507318]}]},""right"":{""boxes"":[{""id"":""RT_438"",""cls"":""bench"",""conf"":0.90966796875,""box"":[0.49925601911331946,0.6162213133470432,0.09193521783584302,0.09343527685505275]}]}}","[{""id"":""R_372"",""cls"":""vehicle"",""x"":-42.53612518310547,""y"":9.754446029663086,""distance"":43.71596260070801},{""id"":""R_372"",""cls"":""truck"",""x"":-42.53612518310547,""y"":9.754446029663086,""distance"":43.71596260070801}]","[{""id"":""R_372"",""cls"":""vehicle"",""label"":""Car"",""dist_m"":43.716,""speed_mps"":1.595,""motion"":""approaching""},{""id"":""R_372"",""cls"":""truck"",""label"":""Truck"",""dist_m"":43.716,""speed_mps"":null,""motion"":""unknown""}]",frame_000137
"{""cam"":true,""radar"":true,""gnss"":true,""imu"":true,""lidar"":true}",832096987,3.1,234.7,23,8.8,"{""vehicle"":2,""person"":0,""cyclist"":0}",FALSE,"{""heading_deg"":224.16112584242904,""speed_mps"":1.4518840372927564,""accelerating"":false,""braking"":true,""turning_left"":false,""turning_right"":false,""world_x"":-69.0787582397461,""world_y"":-34.95732879638672}","{""front"":{""boxes"":[{""id"":""F_458"",""cls"":""bench"",""conf"":0.64404296875,""box"":[0.7969004918197531,0.5629632906404183,0.04090285419983344,0.052077978701320284]}]},""left"":{""boxes"":[]},""rear"":{""boxes"":[{""id"":""R_324"",""cls"":""truck"",""conf"":0.445556640625,""box"":[0.6082018460066575,0.5127055454322638,0.04280558718686818,0.03158071774571862]},{""id"":""R_372"",""cls"":""truck"",""conf"":0.48046875,""box"":[0.3706096602479816,0.5188349250827249,0.04840239989188051,0.03996735751355397]},{""id"":""R_451"",""cls"":""bench"",""conf"":0.806640625,""box"":[0.23615951431886045,0.5660164631218161,0.048879794563473265,0.051784377089075066]}]},""right"":{""boxes"":[{""id"":""RT_438"",""cls"":""bench"",""conf"":0.908203125,""box"":[0.5302915940655316,0.6159490023913837,0.09476412921598616,0.09343398013797449]}]}}","[{""id"":""R_372"",""cls"":""truck"",""x"":-42.19871139526367,""y"":10.438053131103516,""distance"":43.65065383911133},{""id"":""R_372"",""cls"":""vehicle"",""x"":-42.19871139526367,""y"":10.438053131103516,""distance"":43.65065383911133}]","[{""id"":""R_372"",""cls"":""truck"",""label"":""Truck"",""dist_m"":43.651,""speed_mps"":1.012,""motion"":""receding""},{""id"":""R_372"",""cls"":""vehicle"",""label"":""Car"",""dist_m"":43.651,""speed_mps"":null,""motion"":""unknown""}]",frame_000138
"{""cam"":true,""radar"":true,""gnss"":true,""imu"":true,""lidar"":true}",165417309,3.1,225.1,23,9.6,"{""vehicle"":2,""person"":0,""cyclist"":0}",FALSE,"{""heading_deg"":224.43546722063178,""speed_mps"":1.438393389774013,""accelerating"":false,""braking"":false,""turning_left"":false,""turning_right"":false,""world_x"":-69.41868591308594,""world_y"":-35.29543685913086}","{""front"":{""boxes"":[{""id"":""F_458"",""cls"":""bench"",""conf"":0.53125,""box"":[0.7968164161985837,0.5657633980632935,0.04613085777246564,0.05791846748234804]}]},""left"":{""boxes"":[]},""rear"":{""boxes"":[{""id"":""R_324"",""cls"":""truck"",""conf"":0.4130859375,""box"":[0.6033665539696784,0.5125153582710491,0.04246761353592392,0.031206421506023693]},{""id"":""R_372"",""cls"":""car"",""conf"":0.501953125,""box"":[0.37052520469947553,0.518674616668282,0.04885979340179749,0.04017749008043759]},{""id"":""R_451"",""cls"":""bench"",""conf"":0.8232421875,""box"":[0.23900635455930158,0.5643436613180054,0.04762185434030779,0.04960558787582912]}]},""right"":{""boxes"":[{""id"":""RT_438"",""cls"":""bench"",""conf"":0.9248046875,""box"":[0.5546409166655989,0.6158332051231312,0.09736782573482321,0.09345796985816375]}]}}","[{""id"":""R_372"",""cls"":""vehicle"",""x"":-42.37841033935547,""y"":10.159987449645996,""distance"":43.62599487304688},{""id"":""R_372"",""cls"":""truck"",""x"":-42.37841033935547,""y"":10.159987449645996,""distance"":43.62599487304688}]","[{""id"":""R_372"",""cls"":""vehicle"",""label"":""Car"",""dist_m"":43.626,""speed_mps"":0.539,""motion"":""approaching""},{""id"":""R_372"",""cls"":""truck"",""label"":""Truck"",""dist_m"":43.626,""speed_mps"":null,""motion"":""unknown""}]",frame_000139
"{""cam"":true,""radar"":true,""gnss"":true,""imu"":true,""lidar"":true}",498795831,3,270.1,23,11.1,"{""vehicle"":3,""person"":0,""cyclist"":0}",FALSE,"{""heading_deg"":224.69301999385462,""speed_mps"":1.5449437921004998,""accelerating"":true,""braking"":false,""turning_left"":false,""turning_right"":false,""world_x"":-69.7851333618164,""world_y"":-35.65736770629883}","{""front"":{""boxes"":[{""id"":""F_458"",""cls"":""bench"",""conf"":0.78125,""box"":[0.804359604227089,0.5684478374088487,0.047974306139731214,0.05981608759565387]},{""id"":""F_459"",""cls"":""car"",""conf"":0.7265625,""box"":[0.5409765625,0.5211979166666667,0.0394668525303369,0.020937500000000022]}]},""left"":{""boxes"":[]},""rear"":{""boxes"":[{""id"":""R_324"",""cls"":""truck"",""conf"":0.46484375,""box"":[0.6000364057005063,0.5122767501670752,0.0427190387751641,0.031436566286933205]},{""id"":""R_372"",""cls"":""truck"",""conf"":0.546875,""box"":[0.37086061799836834,0.518626851441467,0.04918478322234807,0.04027803824252594]},{""id"":""R_451"",""cls"":""bench"",""conf"":0.75048828125,""box"":[0.241966534724188,0.5626832940784622,0.046715550357843624,0.04798169484839671]}]},""right"":{""boxes"":[{""id"":""RT_438"",""cls"":""bench"",""conf"":0.91748046875,""box"":[0.5777199840685696,0.6159518666567306,0.09938570165147072,0.09314169794329637]}]}}","[{""id"":""F_459"",""cls"":""vehicle"",""x"":47.01129913330078,""y"":4.148500919342041,""distance"":47.39003448486328},{""id"":""R_372"",""cls"":""truck"",""x"":-42.75016784667969,""y"":9.763105392456055,""distance"":43.91143569946289},{""id"":""R_372"",""cls"":""vehicle"",""x"":-42.75016784667969,""y"":9.763105392456055,""distance"":43.91143569946289}]","[{""id"":""R_372"",""cls"":""truck"",""label"":""Truck"",""dist_m"":43.911,""speed_mps"":1.115,""motion"":""approaching""},{""id"":""R_372"",""cls"":""vehicle"",""label"":""Car"",""dist_m"":43.911,""speed_mps"":null,""motion"":""unknown""},{""id"":""F_459"",""cls"":""vehicle"",""label"":""Car"",""dist_m"":47.39,""speed_mps"":0.361,""motion"":""stationary""}]",frame_000140
"{""cam"":true,""radar"":true,""gnss"":true,""imu"":true,""lidar"":true}",832067053,3,277,30,11.9,"{""vehicle"":2,""person"":0,""cyclist"":0}",FALSE,"{""heading_deg"":224.8600864209531,""speed_mps"":1.5960622488537681,""accelerating"":false,""braking"":false,""turning_left"":false,""turning_right"":false,""world_x"":-70.16365814208984,""world_y"":-36.03107833862305}","{""front"":{""boxes"":[{""id"":""F_458"",""cls"":""bench"",""conf"":0.81298828125,""box"":[0.8074131848350673,0.5708015620170067,0.05115746018437841,0.06255780848925478]},{""id"":""F_459"",""cls"":""car"",""conf"":0.46484375,""box"":[0.537976950424875,0.5217231012724125,0.0393562712358996,0.020856702368346802]}]},""left"":{""boxes"":[]},""rear"":{""boxes"":[{""id"":""R_324"",""cls"":""car"",""conf"":0.548828125,""box"":[0.596516313314413,0.5118477476557728,0.04198895041741117,0.03084162303388709]},{""id"":""R_372"",""cls"":""truck"",""conf"":0.401611328125,""box"":[0.37193773681118764,0.5184465931766511,0.0491522588797638,0.03999043860177718]},{""id"":""R_451"",""cls"":""bench"",""conf"":0.689453125,""box"":[0.24615411678833907,0.5604409681444538,0.04547637713532282,0.04613557858204918]}]},""right"":{""boxes"":[{""id"":""RT_438"",""cls"":""bench"",""conf"":0.921875,""box"":[0.601672847360201,0.6159863459072674,0.10148400071754997,0.09304277353572997]}]}}","[{""id"":""F_459"",""cls"":""vehicle"",""x"":46.40324020385742,""y"":4.262797832489014,""distance"":46.64097900390625},{""id"":""R_372"",""cls"":""truck"",""x"":-43.148353576660156,""y"":9.284921646118164,""distance"":44.213690185546874}]","[{""id"":""R_372"",""cls"":""truck"",""label"":""Truck"",""dist_m"":44.214,""speed_mps"":1.195,""motion"":""approaching""},{""id"":""F_459"",""cls"":""vehicle"",""label"":""Car"",""dist_m"":46.641,""speed_mps"":0.172,""motion"":""stationary""}]",frame_000141
"{""cam"":true,""radar"":true,""gnss"":true,""imu"":true,""lidar"":true}",165367060,3.2,178.6,30,7.6,"{""vehicle"":3,""person"":0,""cyclist"":0}",FALSE,"{""heading_deg"":224.98801586410747,""speed_mps"":1.6771396504339888,""accelerating"":false,""braking"":false,""turning_left"":false,""turning_right"":false,""world_x"":-70.56147003173828,""world_y"":-36.42378234863281}","{""front"":{""boxes"":[{""id"":""F_458"",""cls"":""bench"",""conf"":0.76904296875,""box"":[0.8130432130034132,0.5717900811795864,0.051641616270813276,0.06179001802411944]},{""id"":""F_459"",""cls"":""car"",""conf"":0.5888671875,""box"":[0.5351583890649599,0.5223029763258469,0.04089113138425411,0.021644677151730816]}]},""left"":{""boxes"":[]},""rear"":{""boxes"":[{""id"":""R_324"",""cls"":""car"",""conf"":0.56396484375,""box"":[0.5936926109197872,0.5111704057279911,0.04129652732418245,0.030286033755517396]},{""id"":""R_372"",""cls"":""truck"",""conf"":0.48828125,""box"":[0.3740218461799535,0.5180420823550445,0.04931642253733868,0.039904629335838195]},{""id"":""R_451"",""cls"":""bench"",""conf"":0.615234375,""box"":[0.24960828392460624,0.5585554866636689,0.04479988972448399,0.045320473753017274]}]},""right"":{""boxes"":[{""id"":""RT_438"",""cls"":""bench"",""conf"":0.92236328125,""box"":[0.6269434267757623,0.6158173129345665,0.10402656748464682,0.09336963309426013]}]}}","[{""id"":""F_459"",""cls"":""vehicle"",""x"":46.27092742919922,""y"":3.5809812545776367,""distance"":46.52536392211914},{""id"":""R_372"",""cls"":""truck"",""x"":-42.97917938232422,""y"":10.140573501586914,""distance"":44.390601348876956},{""id"":""R_372"",""cls"":""vehicle"",""x"":-42.97917938232422,""y"":10.140573501586914,""distance"":44.390601348876956}]","[{""id"":""R_372"",""cls"":""truck"",""label"":""Truck"",""dist_m"":44.391,""speed_mps"":0.508,""motion"":""receding""},{""id"":""R_372"",""cls"":""vehicle"",""label"":""Car"",""dist_m"":44.391,""speed_mps"":null,""motion"":""unknown""},{""id"":""F_459"",""cls"":""vehicle"",""label"":""Car"",""dist_m"":46.525,""speed_mps"":0.039,""motion"":""stationary""}]",frame_000142
"{""cam"":true,""radar"":true,""gnss"":true,""imu"":true,""lidar"":true}",498710284,3.2,179.9,30,7.6,"{""vehicle"":3,""person"":0,""cyclist"":0}",FALSE,"{""heading_deg"":225.0100500543699,""speed_mps"":1.804469034998566,""accelerating"":true,""braking"":false,""turning_left"":false,""turning_right"":false,""world_x"":-70.9887924194336,""world_y"":-36.847110748291016}","{""front"":{""boxes"":[{""id"":""F_458"",""cls"":""bench"",""conf"":0.8154296875,""box"":[0.8229574559818313,0.5752051672449702,0.056655808466109556,0.06625924729758902]},{""id"":""F_459"",""cls"":""car"",""conf"":0.607421875,""box"":[0.5327668509264164,0.5226631603330882,0.04212082134469837,0.022275019623010907]}]},""left"":{""boxes"":[]},""rear"":{""boxes"":[{""id"":""R_324"",""cls"":""car"",""conf"":0.615234375,""box"":[0.5916733973147079,0.5109293098787516,0.04102308132832881,0.030097587887831286]},{""id"":""R_372"",""cls"":""truck"",""conf"":0.42626953125,""box"":[0.37677136245659065,0.51790204744228,0.04952518017545513,0.03989092971843699]},{""id"":""R_451"",""cls"":""bench"",""conf"":0.451416015625,""box"":[0.25550370650667953,0.5565810184785136,0.04494882505854876,0.045171259202816456]}]},""right"":{""boxes"":[{""id"":""RT_438"",""cls"":""bench"",""conf"":0.9248046875,""box"":[0.6535399821054104,0.6147109593951297,0.10509459992985884,0.09212631804421273]}]}}","[{""id"":""F_459"",""cls"":""vehicle"",""x"":45.60607147216797,""y"":3.8593406677246094,""distance"":45.83015060424805},{""id"":""R_372"",""cls"":""truck"",""x"":-43.37647247314453,""y"":9.824586868286133,""distance"":44.610225677490234},{""id"":""R_372"",""cls"":""vehicle"",""x"":-43.37647247314453,""y"":9.824586868286133,""distance"":44.610225677490234}]","[{""id"":""R_372"",""cls"":""truck"",""label"":""Truck"",""dist_m"":44.61,""speed_mps"":1.192,""motion"":""approaching""},{""id"":""R_372"",""cls"":""vehicle"",""label"":""Car"",""dist_m"":44.61,""speed_mps"":null,""motion"":""unknown""},{""id"":""F_459"",""cls"":""vehicle"",""label"":""Car"",""dist_m"":45.83,""speed_mps"":0.316,""motion"":""stationary""}]",frame_000143
"{""cam"":true,""radar"":true,""gnss"":true,""imu"":true,""lidar"":true}",832034074,3.2,181.7,16,8.4,"{""vehicle"":2,""person"":0,""cyclist"":0}",FALSE,"{""heading_deg"":224.97170537236946,""speed_mps"":1.96035652235489,""accelerating"":true,""braking"":false,""turning_left"":false,""turning_right"":false,""world_x"":-71.45199584960938,""world_y"":-37.30799865722656}","{""front"":{""boxes"":[{""id"":""F_458"",""cls"":""bench"",""conf"":0.87255859375,""box"":[0.8338613136860303,0.5776153579203189,0.058876193187296796,0.06687194955062464]}]},""left"":{""boxes"":[]},""rear"":{""boxes"":[{""id"":""R_324"",""cls"":""car"",""conf"":0.541015625,""box"":[0.5900856560881245,0.5106758708298476,0.04048919243705562,0.029694594961177264]},{""id"":""R_372"",""cls"":""truck"",""conf"":0.541015625,""box"":[0.38055744367182637,0.5173399164001723,0.04935664354270921,0.03955531224151413]},{""id"":""R_451"",""cls"":""bench"",""conf"":0.57763671875,""box"":[0.26184301044642444,0.5545684096140383,0.04363762306903376,0.04377885143405393]}]},""right"":{""boxes"":[{""id"":""RT_438"",""cls"":""bench"",""conf"":0.92822265625,""box"":[0.682447953175646,0.61480718262353,0.10946219869119841,0.09410214016566461]}]}}","[{""id"":""R_372"",""cls"":""truck"",""x"":-43.38236999511719,""y"":9.00964069366455,""distance"":44.38316116333008},{""id"":""R_372"",""cls"":""vehicle"",""x"":-43.38236999511719,""y"":9.00964069366455,""distance"":44.38316116333008}]","[{""id"":""R_372"",""cls"":""truck"",""label"":""Truck"",""dist_m"":44.383,""speed_mps"":0.018,""motion"":""stationary""},{""id"":""R_372"",""cls"":""vehicle"",""label"":""Car"",""dist_m"":44.383,""speed_mps"":null,""motion"":""unknown""}]",frame_000144
"{""cam"":true,""radar"":true,""gnss"":true,""imu"":true,""lidar"":true}",165337866,3.1,190.7,16,7.8,"{""vehicle"":3,""person"":0,""cyclist"":0}",FALSE,"{""heading_deg"":224.8637883834833,""speed_mps"":2.1278781768226516,""accelerating"":true,""braking"":false,""turning_left"":false,""turning_right"":false,""world_x"":-71.95345306396484,""world_y"":-37.80954360961914}","{""front"":{""boxes"":[{""id"":""F_458"",""cls"":""bench"",""conf"":0.875,""box"":[0.8477636308027259,0.5806868168799454,0.06346184054432129,0.07007539123316148]},{""id"":""F_459"",""cls"":""car"",""conf"":0.59814453125,""box"":[0.5283620603823663,0.5229992357449981,0.04321491792658918,0.022875219955551883]}]},""left"":{""boxes"":[]},""rear"":{""boxes"":[{""id"":""R_324"",""cls"":""car"",""conf"":0.60009765625,""box"":[0.5894448234258242,0.5105926226349803,0.03946716674037809,0.028862379006284064]},{""id"":""R_372"",""cls"":""truck"",""conf"":0.3310546875,""box"":[0.384734551968703,0.5169668357715201,0.049723743319868466,0.039793564476482086]},{""id"":""R_451"",""cls"":""bench"",""conf"":0.3056640625,""box"":[0.26940306920497054,0.5525490652485315,0.041222786349201,0.04123499288978086]}]},""right"":{""boxes"":[{""id"":""RT_438"",""cls"":""bench"",""conf"":0.92431640625,""box"":[0.7153838517799604,0.6141563809881011,0.11113125925351248,0.09347076312301325]}]}}","[{""id"":""F_459"",""cls"":""vehicle"",""x"":44.95339584350586,""y"":3.154252767562866,""distance"":45.130513763427736},{""id"":""R_372"",""cls"":""truck"",""x"":-43.75588607788086,""y"":8.596357345581055,""distance"":44.75765953063965},{""id"":""R_372"",""cls"":""truck"",""x"":-43.75588607788086,""y"":8.596357345581055,""distance"":44.75765953063965}]","[{""id"":""R_372"",""cls"":""truck"",""label"":""Truck"",""dist_m"":44.758,""speed_mps"":1.121,""motion"":""approaching""},{""id"":""R_372"",""cls"":""truck"",""label"":""Truck"",""dist_m"":44.758,""speed_mps"":null,""motion"":""unknown""},{""id"":""F_459"",""cls"":""vehicle"",""label"":""Car"",""dist_m"":45.131,""speed_mps"":0.874,""motion"":""receding""}]",frame_000145
"{""cam"":true,""radar"":true,""gnss"":true,""imu"":true,""lidar"":true}",498693670,3.1,175.9,16,6.4,"{""vehicle"":3,""person"":0,""cyclist"":0}",FALSE,"{""heading_deg"":224.7171715427598,""speed_mps"":2.2842187361428583,""accelerating"":true,""braking"":false,""turning_left"":false,""turning_right"":false,""world_x"":-72.49018096923828,""world_y"":-38.349674224853516}","{""front"":{""boxes"":[{""id"":""F_458"",""cls"":""bench"",""conf"":0.8671875,""box"":[0.865994175895645,0.5841552990412652,0.06832992124091941,0.07326550831448261]},{""id"":""F_459"",""cls"":""car"",""conf"":0.7294921875,""box"":[0.5261872136950763,0.523394731338943,0.04336693832246761,0.022916196546004977]}]},""left"":{""boxes"":[]},""rear"":{""boxes"":[{""id"":""R_324"",""cls"":""car"",""conf"":0.609375,""box"":[0.5891602043738151,0.5100455844119668,0.038721657977514215,0.028220453135523252]},{""id"":""R_372"",""cls"":""truck"",""conf"":0.478515625,""box"":[0.3902246942459071,0.5166658787690825,0.04941344627753077,0.03954872831880998]}]},""right"":{""boxes"":[{""id"":""RT_438"",""cls"":""bench"",""conf"":0.93359375,""box"":[0.7513991761194306,0.6144243378766329,0.11360700834595967,0.09358234066626613]}]}}","[{""id"":""F_459"",""cls"":""vehicle"",""x"":44.74156951904297,""y"":3.948188304901123,""distance"":45.17100067138672},{""id"":""R_372"",""cls"":""truck"",""x"":-44.06492614746094,""y"":8.082995414733887,""distance"":44.8261100769043},{""id"":""R_372"",""cls"":""truck"",""x"":-44.06492614746094,""y"":8.082995414733887,""distance"":44.8261100769043}]","[{""id"":""R_372"",""cls"":""truck"",""label"":""Truck"",""dist_m"":44.826,""speed_mps"":0.927,""motion"":""approaching""},{""id"":""R_372"",""cls"":""truck"",""label"":""Truck"",""dist_m"":44.826,""speed_mps"":null,""motion"":""unknown""},{""id"":""F_459"",""cls"":""vehicle"",""label"":""Car"",""dist_m"":45.171,""speed_mps"":1.085,""motion"":""receding""}]",frame_000146
"{""cam"":true,""radar"":true,""gnss"":true,""imu"":true,""lidar"":true}",832015019,3.1,264.7,17,11.2,"{""vehicle"":3,""person"":0,""cyclist"":0}",FALSE,"{""heading_deg"":224.5833817972976,""speed_mps"":2.409635807277417,""accelerating"":true,""braking"":false,""turning_left"":false,""turning_right"":false,""world_x"":-73.05512237548828,""world_y"":-38.920589447021484}","{""front"":{""boxes"":[{""id"":""F_458"",""cls"":""bench"",""conf"":0.92041015625,""box"":[0.8886807218915995,0.5892808032089849,0.07511558381895575,0.07812127040852843]},{""id"":""F_459"",""cls"":""car"",""conf"":0.69287109375,""box"":[0.52402953009563,0.5235230204615642,0.04480931375182688,0.02363918086486064]}]},""left"":{""boxes"":[]},""rear"":{""boxes"":[{""id"":""R_324"",""cls"":""car"",""conf"":0.611328125,""box"":[0.5892567069493183,0.5098559068458354,0.038507177324751576,0.02800453344877069]},{""id"":""R_372"",""cls"":""truck"",""conf"":0.486328125,""box"":[0.3959515695324621,0.5163919676918935,0.04903244552781736,0.039122991882895634]}]},""right"":{""boxes"":[{""id"":""RT_438"",""cls"":""bench"",""conf"":0.9140625,""box"":[0.7912591118713396,0.6129756243417444,0.1144336828534196,0.091909028142328]}]}}","[{""id"":""F_459"",""cls"":""vehicle"",""x"":44.03447341918945,""y"":2.7719578742980957,""distance"":44.24009628295899},{""id"":""R_372"",""cls"":""truck"",""x"":-44.40251922607422,""y"":7.733422756195068,""distance"":45.15084686279297},{""id"":""R_372"",""cls"":""truck"",""x"":-44.40251922607422,""y"":7.733422756195068,""distance"":45.15084686279297}]","[{""id"":""F_459"",""cls"":""vehicle"",""label"":""Car"",""dist_m"":44.24,""speed_mps"":1.239,""motion"":""receding""},{""id"":""R_372"",""cls"":""truck"",""label"":""Truck"",""dist_m"":45.151,""speed_mps"":1.013,""motion"":""approaching""},{""id"":""R_372"",""cls"":""truck"",""label"":""Truck"",""dist_m"":45.151,""speed_mps"":null,""motion"":""unknown""}]",frame_000147
"{""cam"":true,""radar"":true,""gnss"":true,""imu"":true,""lidar"":true}",165361341,3.1,226.1,17,9.7,"{""vehicle"":1,""person"":0,""cyclist"":0}",FALSE,"{""heading_deg"":224.45729650521912,""speed_mps"":2.412241194830906,""accelerating"":false,""braking"":false,""turning_left"":false,""turning_right"":false,""world_x"":-73.61968231201172,""world_y"":-39.493186950683594}","{""front"":{""boxes"":[{""id"":""F_458"",""cls"":""bench"",""conf"":0.91162109375,""box"":[0.9161662301039357,0.5951902106661532,0.08323330057403364,0.08392976424045766]}]},""left"":{""boxes"":[]},""rear"":{""boxes"":[{""id"":""R_324"",""cls"":""car"",""conf"":0.6494140625,""box"":[0.5893461388688971,0.5099719166480903,0.03800863170083284,0.02759243303967634]},{""id"":""R_372"",""cls"":""truck"",""conf"":0.63525390625,""box"":[0.402150728613836,0.5163019219876668,0.04881814608129957,0.03897642940361212]}]},""right"":{""boxes"":[{""id"":""RT_438"",""cls"":""bench"",""conf"":0.927734375,""box"":[0.8339152085347873,0.6136434059631277,0.11840125234788497,0.09302015715206989]}]}}","[{""id"":""R_372"",""cls"":""truck"",""x"":-44.876766204833984,""y"":7.235883712768555,""distance"":45.48263931274414}]","[{""id"":""R_372"",""cls"":""truck"",""label"":""Truck"",""dist_m"":45.483,""speed_mps"":1.423,""motion"":""approaching""}]",frame_000148
"{""cam"":true,""radar"":true,""gnss"":true,""imu"":true,""lidar"":true}",498690388,3.2,175.6,17,9.6,"{""vehicle"":3,""person"":0,""cyclist"":0}",FALSE,"{""heading_deg"":224.40649355817257,""speed_mps"":2.3301533242303925,""accelerating"":false,""braking"":false,""turning_left"":false,""turning_right"":false,""world_x"":-74.16480255126953,""world_y"":-40.04646682739258}","{""front"":{""boxes"":[{""id"":""F_458"",""cls"":""bench"",""conf"":0.93798828125,""box"":[0.9401170589975909,0.6015650763873929,0.09116583131519214,0.09108634680578795]},{""id"":""F_459"",""cls"":""car"",""conf"":0.5830078125,""box"":[0.5183423367171753,0.5239861519101225,0.043997936687133254,0.023099790989656022]}]},""left"":{""boxes"":[]},""rear"":{""boxes"":[{""id"":""R_324"",""cls"":""car"",""conf"":0.66357421875,""box"":[0.589434728831695,0.5098501479256287,0.037471482667790476,0.02710809012448756]},{""id"":""R_372"",""cls"":""truck"",""conf"":0.51953125,""box"":[0.4077322143226965,0.5161060253389053,0.04856909623923102,0.038586941993266954]}]},""right"":{""boxes"":[{""id"":""RT_438"",""cls"":""bench"",""conf"":0.93115234375,""box"":[0.8775676701479403,0.6130350549602963,0.1198860296478923,0.09172092140441729]}]}}","[{""id"":""F_459"",""cls"":""vehicle"",""x"":43.330039978027344,""y"":1.9470555782318115,""distance"":43.684103393554686},{""id"":""R_372"",""cls"":""truck"",""x"":-45.269004821777344,""y"":6.882592678070068,""distance"":45.818658447265626},{""id"":""R_372"",""cls"":""vehicle"",""x"":-45.269004821777344,""y"":6.882592678070068,""distance"":45.818658447265626}]","[{""id"":""F_459"",""cls"":""vehicle"",""label"":""Car"",""dist_m"":43.684,""speed_mps"":1.438,""motion"":""receding""},{""id"":""R_372"",""cls"":""truck"",""label"":""Truck"",""dist_m"":45.819,""speed_mps"":1.177,""motion"":""approaching""},{""id"":""R_372"",""cls"":""vehicle"",""label"":""Car"",""dist_m"":45.819,""speed_mps"":null,""motion"":""unknown""}]",frame_000149
"{""cam"":true,""radar"":true,""gnss"":true,""imu"":true,""lidar"":true}",832001785,3.2,169.6,23,6.5,"{""vehicle"":1,""person"":0,""cyclist"":0}",FALSE,"{""heading_deg"":224.40219053899548,""speed_mps"":2.2124287111170244,""accelerating"":false,""braking"":true,""turning_left"":false,""turning_right"":false,""world_x"":-74.68257141113281,""world_y"":-40.57155227661133}","{""front"":{""boxes"":[{""id"":""F_458"",""cls"":""bench"",""conf"":0.89404296875,""box"":[0.9579842993372555,0.6004987672033851,0.08183470076784474,0.08159564168938722]}]},""left"":{""boxes"":[]},""rear"":{""boxes"":[{""id"":""R_324"",""cls"":""car"",""conf"":0.7490234375,""box"":[0.5893834756111878,0.5096387517806724,0.037748168592003764,0.027299740283676616]},{""id"":""R_372"",""cls"":""truck"",""conf"":0.29248046875,""box"":[0.41262467875717246,0.5162177524319577,0.04813113615195217,0.038106199097218386]}]},""right"":{""boxes"":[{""id"":""RT_438"",""cls"":""bench"",""conf"":0.93359375,""box"":[0.9198919716266534,0.614366526945435,0.12485006389510733,0.09366098957228956]},{""id"":""RT_461"",""cls"":""bench"",""conf"":0.92431640625,""box"":[0.02723388671875,0.6107291666666667,0.024936178947867694,0.08812500000000002]}]}}","[{""id"":""R_372"",""cls"":""truck"",""x"":-45.55785369873047,""y"":6.425014495849609,""distance"":46.02190017700195}]","[{""id"":""R_372"",""cls"":""truck"",""label"":""Truck"",""dist_m"":46.022,""speed_mps"":0.867,""motion"":""approaching""}]",frame_000150
"{""cam"":true,""radar"":true,""gnss"":true,""imu"":true,""lidar"":true}",165420585,3.1,175.2,23,6.8,"{""vehicle"":2,""person"":0,""cyclist"":0}",FALSE,"{""heading_deg"":224.46651726059864,""speed_mps"":2.0786318521802554,""accelerating"":false,""braking"":true,""turning_left"":false,""turning_right"":false,""world_x"":-75.1700210571289,""world_y"":-41.06421661376953}","{""front"":{""boxes"":[{""id"":""F_458"",""cls"":""bench"",""conf"":0.8408203125,""box"":[0.974369520017261,0.6042351285015525,0.0779212688744492,0.0806712750894397]}]},""left"":{""boxes"":[]},""rear"":{""boxes"":[{""id"":""R_324"",""cls"":""car"",""conf"":0.484375,""box"":[0.5890047733532281,0.5099163031091296,0.03776341243493109,0.027383032500873542]},{""id"":""R_372"",""cls"":""truck"",""conf"":0.57568359375,""box"":[0.41719000726288485,0.5164439440696674,0.0482087141810497,0.03828801904970991]}]},""right"":{""boxes"":[{""id"":""RT_438"",""cls"":""bench"",""conf"":0.9150390625,""box"":[0.9469076036049271,0.6143483479063452,0.12348300008891613,0.09335864473456444]},{""id"":""RT_461"",""cls"":""bench"",""conf"":0.91796875,""box"":[0.04413508897795785,0.6112787394202231,0.02687821387532365,0.09000924944076528]}]}}","[{""id"":""R_372"",""cls"":""truck"",""x"":-45.89590835571289,""y"":5.968964576721191,""distance"":46.30512924194336},{""id"":""R_372"",""cls"":""vehicle"",""x"":-45.89590835571289,""y"":5.968964576721191,""distance"":46.30512924194336}]","[{""id"":""R_372"",""cls"":""truck"",""label"":""Truck"",""dist_m"":46.305,""speed_mps"":1.014,""motion"":""approaching""},{""id"":""R_372"",""cls"":""vehicle"",""label"":""Car"",""dist_m"":46.305,""speed_mps"":null,""motion"":""unknown""}]",frame_000151
"{""cam"":true,""radar"":true,""gnss"":true,""imu"":true,""lidar"":true}",498687294,3.1,167,23,7.2,"{""vehicle"":1,""person"":0,""cyclist"":0}",FALSE,"{""heading_deg"":224.5642299468648,""speed_mps"":1.942239605615021,""accelerating"":false,""braking"":true,""turning_left"":false,""turning_right"":false,""world_x"":-75.62641143798828,""world_y"":-41.52322006225586}","{""front"":{""boxes"":[]},""left"":{""boxes"":[]},""rear"":{""boxes"":[{""id"":""R_324"",""cls"":""car"",""conf"":0.32080078125,""box"":[0.5877260967828011,0.5096800184210325,0.03769759797628876,0.02742776424757286]},{""id"":""R_372"",""cls"":""truck"",""conf"":0.55810546875,""box"":[0.4209217423550685,0.5163616430737007,0.04775778617880362,0.038019888364177724]}]},""right"":{""boxes"":[{""id"":""RT_438"",""cls"":""bench"",""conf"":0.91845703125,""box"":[0.9672934108896403,0.6148566026880556,0.11873991380901465,0.09290114181460811]},{""id"":""RT_461"",""cls"":""bench"",""conf"":0.9404296875,""box"":[0.06229121306143537,0.6108791320750624,0.03014836519188613,0.09107478044727675]}]}}","[{""id"":""R_372"",""cls"":""truck"",""x"":-46.098594665527344,""y"":6.079275131225586,""distance"":46.530513763427734}]","[{""id"":""R_372"",""cls"":""truck"",""label"":""Truck"",""dist_m"":46.531,""speed_mps"":0.608,""motion"":""approaching""}]",frame_000152
"{""cam"":true,""radar"":true,""gnss"":true,""imu"":true,""lidar"":true}",831964893,3.2,168.2,12,12.2,"{""vehicle"":3,""person"":0,""cyclist"":0}",FALSE,"{""heading_deg"":224.74961494131733,""speed_mps"":1.7933381406541962,""accelerating"":false,""braking"":true,""turning_left"":false,""turning_right"":false,""world_x"":-76.0483169555664,""world_y"":-41.94655990600586}","{""front"":{""boxes"":[{""id"":""F_459"",""cls"":""car"",""conf"":0.71044921875,""box"":[0.5002357414834686,0.5238395179914028,0.04446340832944049,0.023393796979907518]}]},""left"":{""boxes"":[]},""rear"":{""boxes"":[{""id"":""R_324"",""cls"":""car"",""conf"":0.544921875,""box"":[0.5858512830762986,0.5101176876550785,0.036509602384443604,0.02641600603517542]},{""id"":""R_372"",""cls"":""truck"",""conf"":0.46484375,""box"":[0.42414268384700965,0.5165112385416122,0.04793594869314237,0.03827732176269496]},{""id"":""R_462"",""cls"":""bench"",""conf"":0.71533203125,""box"":[0.04259521484374999,0.6005208333333333,0.061564960333201,0.07291666666666667]}]},""right"":{""boxes"":[{""id"":""RT_438"",""cls"":""bench"",""conf"":0.888671875,""box"":[0.9836983101713042,0.6155643725631071,0.11150546109837087,0.09238711455953658]},{""id"":""RT_461"",""cls"":""bench"",""conf"":0.94775390625,""box"":[0.08479077657210032,0.6111157174433621,0.03481140965646444,0.09213766002794407]}]}}","[{""id"":""F_459"",""cls"":""vehicle"",""x"":42.69378662109375,""y"":0.8436523079872131,""distance"":42.77007369995117},{""id"":""R_372"",""cls"":""truck"",""x"":-45.8193244934082,""y"":6.126418113708496,""distance"":46.25670394897461},{""id"":""R_372"",""cls"":""vehicle"",""x"":-45.8193244934082,""y"":6.126418113708496,""distance"":46.25670394897461}]","[{""id"":""F_459"",""cls"":""vehicle"",""label"":""Car"",""dist_m"":42.77,""speed_mps"":3.602,""motion"":""receding""},{""id"":""R_372"",""cls"":""truck"",""label"":""Truck"",""dist_m"":46.257,""speed_mps"":0.838,""motion"":""receding""},{""id"":""R_372"",""cls"":""vehicle"",""label"":""Car"",""dist_m"":46.257,""speed_mps"":null,""motion"":""unknown""}]",frame_000153
"{""cam"":true,""radar"":true,""gnss"":true,""imu"":true,""lidar"":true}",165415237,3.1,252.3,12,8.5,"{""vehicle"":2,""person"":0,""cyclist"":0}",FALSE,"{""heading_deg"":225.0201040928282,""speed_mps"":1.2117933607513842,""accelerating"":false,""braking"":true,""turning_left"":false,""turning_right"":false,""world_x"":-76.33302307128906,""world_y"":-42.23329544067383}","{""front"":{""boxes"":[{""id"":""F_459"",""cls"":""car"",""conf"":0.501953125,""box"":[0.49343214420541476,0.523787629815598,0.04462341574307853,0.023436005841112006]}]},""left"":{""boxes"":[]},""rear"":{""boxes"":[{""id"":""R_324"",""cls"":""car"",""conf"":0.50390625,""box"":[0.5832118329207225,0.5104667906308687,0.036488847452658034,0.026400464706016123]},{""id"":""R_372"",""cls"":""truck"",""conf"":0.537109375,""box"":[0.4259587904075636,0.5165721088243513,0.04697016362486739,0.03769167184498]},{""id"":""R_462"",""cls"":""bench"",""conf"":0.89697265625,""box"":[0.05114304436094873,0.6072625675705144,0.07890334413716042,0.0929375744013259]}]},""right"":{""boxes"":[{""id"":""RT_461"",""cls"":""bench"",""conf"":0.9453125,""box"":[0.111570505515776,0.6115664162175811,0.040133066474624654,0.0931923674796753]}]}}","[{""id"":""F_459"",""cls"":""vehicle"",""x"":42.98076248168945,""y"":-1.3128124475479126,""distance"":43.09855346679687},{""id"":""R_372"",""cls"":""truck"",""x"":-45.950164794921875,""y"":5.975996017456055,""distance"":46.41145324707031}]","[{""id"":""F_459"",""cls"":""vehicle"",""label"":""Car"",""dist_m"":43.099,""speed_mps"":3.992,""motion"":""receding""},{""id"":""R_372"",""cls"":""truck"",""label"":""Truck"",""dist_m"":46.411,""speed_mps"":0.392,""motion"":""approaching""}]",frame_000154
"{""cam"":true,""radar"":true,""gnss"":true,""imu"":true,""lidar"":true}",498685044,3,255.2,29,9.9,"{""vehicle"":3,""person"":0,""cyclist"":0}",FALSE,"{""heading_deg"":225.07544228548363,""speed_mps"":0.4107280186860395,""accelerating"":false,""braking"":true,""turning_left"":false,""turning_right"":false,""world_x"":-76.42957305908203,""world_y"":-42.330326080322266}","{""front"":{""boxes"":[{""id"":""F_459"",""cls"":""car"",""conf"":0.83447265625,""box"":[0.4860755007759284,0.5229051916512747,0.04523787627587881,0.02379592087036695]}]},""left"":{""boxes"":[]},""rear"":{""boxes"":[{""id"":""R_324"",""cls"":""car"",""conf"":0.51953125,""box"":[0.5804606838281655,0.5109435641999134,0.036496058310815725,0.026405207322630277]},{""id"":""R_372"",""cls"":""truck"",""conf"":0.541015625,""box"":[0.4264446008047232,0.5171219475563313,0.04679588215937356,0.03782747158280113]},{""id"":""R_462"",""cls"":""bench"",""conf"":0.85888671875,""box"":[0.05719896130981922,0.6074170439648229,0.08331355532240814,0.0968903369190052]}]},""right"":{""boxes"":[{""id"":""RT_461"",""cls"":""bench"",""conf"":0.947265625,""box"":[0.132238456150646,0.611721143402934,0.045985541877297934,0.09424220670468818]}]}}","[{""id"":""F_459"",""cls"":""vehicle"",""x"":42.846405029296875,""y"":-0.8466747999191284,""distance"":42.88420028686524},{""id"":""R_372"",""cls"":""truck"",""x"":-45.886932373046875,""y"":6.134346008300781,""distance"":46.42794990539551},{""id"":""R_372"",""cls"":""truck"",""x"":-45.886932373046875,""y"":6.134346008300781,""distance"":46.42794990539551}]","[{""id"":""F_459"",""cls"":""vehicle"",""label"":""Car"",""dist_m"":42.884,""speed_mps"":4.511,""motion"":""receding""},{""id"":""R_372"",""cls"":""truck"",""label"":""Truck"",""dist_m"":46.428,""speed_mps"":0.19,""motion"":""stationary""},{""id"":""R_372"",""cls"":""truck"",""label"":""Truck"",""dist_m"":46.428,""speed_mps"":null,""motion"":""unknown""}]",frame_000155
"{""cam"":true,""radar"":true,""gnss"":true,""imu"":true,""lidar"":true}",832040942,3.3,164.5,29,7.8,"{""vehicle"":2,""person"":0,""cyclist"":0}",FALSE,"{""heading_deg"":225.07525104018686,""speed_mps"":0.004729503203368841,""accelerating"":false,""braking"":true,""turning_left"":false,""turning_right"":false,""world_x"":-76.42848205566406,""world_y"":-42.32920837402344}","{""front"":{""boxes"":[{""id"":""F_459"",""cls"":""car"",""conf"":0.845703125,""box"":[0.4792113193413604,0.5222318162577687,0.04530827210530806,0.02392837094338122]}]},""left"":{""boxes"":[]},""rear"":{""boxes"":[{""id"":""R_324"",""cls"":""car"",""conf"":0.71240234375,""box"":[0.5790959246252916,0.5116423326211738,0.036964138763971824,0.02676584130377121]},{""id"":""R_372"",""cls"":""truck"",""conf"":0.29248046875,""box"":[0.4270059203786204,0.5181922556961349,0.046851131174952966,0.03823141260185725]},{""id"":""R_462"",""cls"":""bench"",""conf"":0.8974609375,""box"":[0.0602886259019912,0.6068785617115439,0.08427417008582355,0.09623577367201079]}]},""right"":{""boxes"":[{""id"":""RT_461"",""cls"":""bench"",""conf"":0.94970703125,""box"":[0.14311554939432464,0.6115920432929068,0.05175398623886496,0.09422199872773605]}]}}","[{""id"":""F_459"",""cls"":""vehicle"",""x"":43.48487091064453,""y"":-1.9540135860443115,""distance"":43.67540740966797},{""id"":""R_372"",""cls"":""truck"",""x"":-45.33268356323242,""y"":6.144233226776123,""distance"":45.874951934814455}]","[{""id"":""F_459"",""cls"":""vehicle"",""label"":""Car"",""dist_m"":43.675,""speed_mps"":4.758,""motion"":""receding""},{""id"":""R_372"",""cls"":""truck"",""label"":""Truck"",""dist_m"":45.875,""speed_mps"":1.663,""motion"":""receding""}]",frame_000156
"{""cam"":true,""radar"":true,""gnss"":true,""imu"":true,""lidar"":true}",165335722,3.2,180.6,29,7.9,"{""vehicle"":3,""person"":0,""cyclist"":0}",FALSE,"{""heading_deg"":225.0748822099717,""speed_mps"":0.005794396529909388,""accelerating"":false,""braking"":false,""turning_left"":false,""turning_right"":false,""world_x"":-76.42718505859375,""world_y"":-42.32783508300781}","{""front"":{""boxes"":[{""id"":""F_459"",""cls"":""car"",""conf"":0.7841796875,""box"":[0.47341253353276047,0.522146405339019,0.04586649917340972,0.024318658630225087]}]},""left"":{""boxes"":[]},""rear"":{""boxes"":[{""id"":""R_324"",""cls"":""car"",""conf"":0.548828125,""box"":[0.5786353083834678,0.5115554897336753,0.03705955918591819,0.02690842629057517]},{""id"":""R_372"",""cls"":""car"",""conf"":0.513671875,""box"":[0.42786214996602984,0.5180771439707355,0.04700397732328119,0.038733357487192775]},{""id"":""R_462"",""cls"":""bench"",""conf"":0.89404296875,""box"":[0.06092605861053345,0.6065181666302562,0.08472019400695777,0.09470314467904745]}]},""right"":{""boxes"":[{""id"":""RT_461"",""cls"":""bench"",""conf"":0.94873046875,""box"":[0.14609514471807086,0.6115369132532803,0.05771513198639906,0.09416757930861396]}]}}","[{""id"":""F_459"",""cls"":""vehicle"",""x"":43.73644256591797,""y"":-1.6504980325698853,""distance"":44.16196250915527},{""id"":""R_372"",""cls"":""vehicle"",""x"":-45.21046447753906,""y"":5.714719295501709,""distance"":45.59254455566406},{""id"":""R_372"",""cls"":""truck"",""x"":-45.21046447753906,""y"":5.714719295501709,""distance"":45.59254455566406}]","[{""id"":""F_459"",""cls"":""vehicle"",""label"":""Car"",""dist_m"":44.162,""speed_mps"":4.017,""motion"":""receding""},{""id"":""R_372"",""cls"":""vehicle"",""label"":""Car"",""dist_m"":45.593,""speed_mps"":0.367,""motion"":""receding""},{""id"":""R_372"",""cls"":""truck"",""label"":""Truck"",""dist_m"":45.593,""speed_mps"":null,""motion"":""unknown""}]",frame_000157
"{""cam"":true,""radar"":true,""gnss"":true,""imu"":true,""lidar"":true}",498688803,3.3,179.7,29,8.7,"{""vehicle"":3,""person"":0,""cyclist"":0}",FALSE,"{""heading_deg"":225.07118024744156,""speed_mps"":0.057419676836167485,""accelerating"":false,""braking"":false,""turning_left"":false,""turning_right"":false,""world_x"":-76.44068908691406,""world_y"":-42.34139633178711}","{""front"":{""boxes"":[{""id"":""F_459"",""cls"":""car"",""conf"":0.7431640625,""box"":[0.46918921157305393,0.5222868422893686,0.04523587946669618,0.024122301726614205]}]},""left"":{""boxes"":[]},""rear"":{""boxes"":[{""id"":""R_324"",""cls"":""car"",""conf"":0.4921875,""box"":[0.5785150090731607,0.5108290127467005,0.037052084040644126,0.02696983441984801]},{""id"":""R_372"",""cls"":""truck"",""conf"":0.525390625,""box"":[0.42870926916221713,0.5176875720472961,0.04685587307614671,0.03892723286900471]},{""id"":""R_462"",""cls"":""bench"",""conf"":0.8916015625,""box"":[0.06095722150481107,0.6050494201591137,0.08621422830890771,0.09420895680036641]}]},""right"":{""boxes"":[{""id"":""RT_461"",""cls"":""bench"",""conf"":0.94873046875,""box"":[0.14640183862062606,0.6116871703419967,0.06354193708845104,0.0937609887141349]}]}}","[{""id"":""F_459"",""cls"":""vehicle"",""x"":44.768798828125,""y"":-2.8182079792022705,""distance"":45.11653366088867},{""id"":""R_372"",""cls"":""truck"",""x"":-45.10345458984375,""y"":5.290043830871582,""distance"":45.476156616210936},{""id"":""R_372"",""cls"":""vehicle"",""x"":-45.10345458984375,""y"":5.290043830871582,""distance"":45.476156616210936}]","[{""id"":""F_459"",""cls"":""vehicle"",""label"":""Car"",""dist_m"":45.117,""speed_mps"":2.119,""motion"":""receding""},{""id"":""R_372"",""cls"":""truck"",""label"":""Truck"",""dist_m"":45.476,""speed_mps"":0.321,""motion"":""receding""},{""id"":""R_372"",""cls"":""vehicle"",""label"":""Car"",""dist_m"":45.476,""speed_mps"":null,""motion"":""unknown""}]",frame_000158
"{""cam"":true,""radar"":true,""gnss"":true,""imu"":true,""lidar"":true}",832086292,3.2,178.8,17,9.6,"{""vehicle"":2,""person"":0,""cyclist"":0}",FALSE,"{""heading_deg"":225.0720545116553,""speed_mps"":0.1932869120569577,""accelerating"":true,""braking"":false,""turning_left"":false,""turning_right"":false,""world_x"":-76.48621368408203,""world_y"":-42.38700485229492}","{""front"":{""boxes"":[{""id"":""F_459"",""cls"":""car"",""conf"":0.69775390625,""box"":[0.4655742770924675,0.5228594243638863,0.044187051384078926,0.023698009102948822]}]},""left"":{""boxes"":[]},""rear"":{""boxes"":[{""id"":""R_324"",""cls"":""car"",""conf"":0.546875,""box"":[0.5786472386427748,0.5103805204689651,0.03656546457295207,0.026654141419139896]},{""id"":""R_372"",""cls"":""truck"",""conf"":0.56982421875,""box"":[0.42955505070075295,0.517193743410982,0.04577813722789044,0.03831681111777705]},{""id"":""R_462"",""cls"":""bench"",""conf"":0.91162109375,""box"":[0.06110914627664139,0.6037578050559491,0.08735862195823478,0.09314156335930299]}]},""right"":{""boxes"":[{""id"":""RT_461"",""cls"":""bench"",""conf"":0.9482421875,""box"":[0.14674599413302591,0.6119141988056852,0.06959087031137239,0.09392945111806365]}]}}","[{""id"":""F_459"",""cls"":""vehicle"",""x"":44.02353286743164,""y"":-2.295283079147339,""distance"":44.124604034423825},{""id"":""R_372"",""cls"":""truck"",""x"":-44.61057662963867,""y"":5.964773178100586,""distance"":45.073632049560544}]","[{""id"":""F_459"",""cls"":""vehicle"",""label"":""Car"",""dist_m"":44.125,""speed_mps"":0.688,""motion"":""receding""},{""id"":""R_372"",""cls"":""truck"",""label"":""Truck"",""dist_m"":45.074,""speed_mps"":1.478,""motion"":""receding""}]",frame_000159
"{""cam"":true,""radar"":true,""gnss"":true,""imu"":true,""lidar"":true}",165381635,3.3,162.6,17,12.4,"{""vehicle"":2,""person"":0,""cyclist"":0}",FALSE,"{""heading_deg"":225.04288960389934,""speed_mps"":0.35478660327109424,""accelerating"":true,""braking"":false,""turning_left"":false,""turning_right"":false,""world_x"":-76.56990814208984,""world_y"":-42.47053909301758}","{""front"":{""boxes"":[{""id"":""F_459"",""cls"":""car"",""conf"":0.63720703125,""box"":[0.464137028930112,0.5239426257562402,0.045165619704826555,0.024571787148407923]}]},""left"":{""boxes"":[]},""rear"":{""boxes"":[{""id"":""R_324"",""cls"":""car"",""conf"":0.486328125,""box"":[0.5787451835422868,0.509865347130996,0.03554864729986997,0.025847769458403985]},{""id"":""R_372"",""cls"":""truck"",""conf"":0.341552734375,""box"":[0.4305284210741597,0.5164861257482934,0.04562441703700611,0.0384325669544437]},{""id"":""R_462"",""cls"":""bench"",""conf"":0.91650390625,""box"":[0.062214851234159554,0.6023673010617318,0.08803207115566361,0.09153396889029276]}]},""right"":{""boxes"":[{""id"":""RT_461"",""cls"":""bench"",""conf"":0.9482421875,""box"":[0.14880398736438794,0.612168725459883,0.07559306942132005,0.09431876320505736]}]}}","[{""id"":""F_459"",""cls"":""vehicle"",""x"":44.29832077026367,""y"":-2.9483935832977295,""distance"":44.46756362915039},{""id"":""R_372"",""cls"":""truck"",""x"":-44.345916748046875,""y"":5.605439186096191,""distance"":44.74816741943359}]","[{""id"":""F_459"",""cls"":""vehicle"",""label"":""Car"",""dist_m"":44.468,""speed_mps"":1.017,""motion"":""receding""},{""id"":""R_372"",""cls"":""truck"",""label"":""Truck"",""dist_m"":44.748,""speed_mps"":0.794,""motion"":""receding""}]",frame_000160
"{""cam"":true,""radar"":true,""gnss"":true,""imu"":true,""lidar"":true}",498738753,3.1,239,17,6.1,"{""vehicle"":1,""person"":0,""cyclist"":0}",FALSE,"{""heading_deg"":225.00252318590458,""speed_mps"":0.528366719091175,""accelerating"":true,""braking"":false,""turning_left"":false,""turning_right"":false,""world_x"":-76.69454193115234,""world_y"":-42.59499740600586}","{""front"":{""boxes"":[{""id"":""F_459"",""cls"":""car"",""conf"":0.75048828125,""box"":[0.46305845106065213,0.5240014290636072,0.044133860085490806,0.024213947416313233]}]},""left"":{""boxes"":[]},""rear"":{""boxes"":[{""id"":""R_324"",""cls"":""car"",""conf"":0.49609375,""box"":[0.5788280171863229,0.5091503239636268,0.03563607540044282,0.02590286857467478]},{""id"":""R_462"",""cls"":""bench"",""conf"":0.89892578125,""box"":[0.06559338251348386,0.601659068224658,0.0898775329299616,0.09116742604949965]}]},""right"":{""boxes"":[{""id"":""RT_461"",""cls"":""bench"",""conf"":0.9443359375,""box"":[0.15328243464055474,0.6132983624873084,0.08156514094632183,0.09513801166725375]}]}}","[{""id"":""F_459"",""cls"":""vehicle"",""x"":44.004852294921875,""y"":-2.4527978897094727,""distance"":44.10971298217773}]","[{""id"":""F_459"",""cls"":""vehicle"",""label"":""Car"",""dist_m"":44.11,""speed_mps"":1.181,""motion"":""receding""}]",frame_000161
"{""cam"":true,""radar"":true,""gnss"":true,""imu"":true,""lidar"":true}",832026773,3.2,248,17,8.2,"{""vehicle"":1,""person"":0,""cyclist"":0}",FALSE,"{""heading_deg"":224.95486212587625,""speed_mps"":0.7095555886605084,""accelerating"":true,""braking"":false,""turning_left"":false,""turning_right"":false,""world_x"":-76.86180114746094,""world_y"":-42.76218032836914}","{""front"":{""boxes"":[{""id"":""F_459"",""cls"":""car"",""conf"":0.74169921875,""box"":[0.46206921064575807,0.5240172591105581,0.042538768841408905,0.023379692554606517]}]},""left"":{""boxes"":[]},""rear"":{""boxes"":[{""id"":""R_324"",""cls"":""car"",""conf"":0.517578125,""box"":[0.5791439775386925,0.5090666382802074,0.03527503304200215,0.025583029797411665]},{""id"":""R_462"",""cls"":""bench"",""conf"":0.921875,""box"":[0.07158220313901822,0.5996491647091681,0.09026836774094878,0.08955963768878969]}]},""right"":{""boxes"":[{""id"":""RT_461"",""cls"":""bench"",""conf"":0.94677734375,""box"":[0.16060585491136048,0.6128560328642334,0.08621232081273703,0.09439396451694565]}]}}","[{""id"":""F_459"",""cls"":""vehicle"",""x"":44.05047607421875,""y"":-2.2966601848602295,""distance"":44.1904239654541}]","[{""id"":""F_459"",""cls"":""vehicle"",""label"":""Car"",""dist_m"":44.19,""speed_mps"":1.392,""motion"":""receding""}]",frame_000162
"{""cam"":true,""radar"":true,""gnss"":true,""imu"":true,""lidar"":true}",165365209,3.2,167.1,17,7.2,"{""vehicle"":1,""person"":0,""cyclist"":0}",FALSE,"{""heading_deg"":224.9138126889645,""speed_mps"":0.8920457105705292,""accelerating"":true,""braking"":false,""turning_left"":false,""turning_right"":false,""world_x"":-77.0719223022461,""world_y"":-42.97257995605469}","{""front"":{""boxes"":[{""id"":""F_459"",""cls"":""car"",""conf"":0.6826171875,""box"":[0.4604357022440927,0.5236684662289102,0.04192971771773646,0.023060454902192263]}]},""left"":{""boxes"":[]},""rear"":{""boxes"":[{""id"":""R_324"",""cls"":""car"",""conf"":0.494140625,""box"":[0.579294617799405,0.5090429065037939,0.03519261610231661,0.025471652111227053]},{""id"":""R_462"",""cls"":""bench"",""conf"":0.908203125,""box"":[0.08080715019164617,0.5973218516657004,0.08963134717673396,0.08713160136796733]}]},""right"":{""boxes"":[{""id"":""RT_461"",""cls"":""bench"",""conf"":0.94287109375,""box"":[0.17188613197249042,0.6128499122016658,0.09067344083609759,0.09374261627842628]}]}}","[{""id"":""F_459"",""cls"":""vehicle"",""x"":44.824100494384766,""y"":-3.469008684158325,""distance"":44.99612884521484}]","[{""id"":""F_459"",""cls"":""vehicle"",""label"":""Car"",""dist_m"":44.996,""speed_mps"":1.694,""motion"":""receding""}]",frame_000163
"{""cam"":true,""radar"":true,""gnss"":true,""imu"":true,""lidar"":true}",498685994,3.2,175.1,28,9.3,"{""vehicle"":1,""person"":0,""cyclist"":0}",FALSE,"{""heading_deg"":224.86910227065755,""speed_mps"":1.0714396455345985,""accelerating"":true,""braking"":false,""turning_left"":false,""turning_right"":false,""world_x"":-77.32410430908203,""world_y"":-43.225460052490234}","{""front"":{""boxes"":[{""id"":""F_459"",""cls"":""car"",""conf"":0.708984375,""box"":[0.4589118061270366,0.5238837308535162,0.041617656357008224,0.02294416651454038]}]},""left"":{""boxes"":[]},""rear"":{""boxes"":[{""id"":""R_324"",""cls"":""car"",""conf"":0.556640625,""box"":[0.5795040328561024,0.5086930439811999,0.03517359065647039,0.025438159634775203]},{""id"":""R_462"",""cls"":""bench"",""conf"":0.88720703125,""box"":[0.09108791838618799,0.5948880850301939,0.08896286485954374,0.08511891271710396]}]},""right"":{""boxes"":[{""id"":""RT_461"",""cls"":""bench"",""conf"":0.94677734375,""box"":[0.18646981618157543,0.6133600567131315,0.09519968729382447,0.09382994464789315]}]}}","[{""id"":""F_459"",""cls"":""vehicle"",""x"":43.96125793457031,""y"":-2.6089110374450684,""distance"":44.26102867126465}]","[{""id"":""F_459"",""cls"":""vehicle"",""label"":""Car"",""dist_m"":44.261,""speed_mps"":2.017,""motion"":""receding""}]",frame_000164
"{""cam"":true,""radar"":true,""gnss"":true,""imu"":true,""lidar"":true}",832061961,3.1,184,28,7.6,"{""vehicle"":1,""person"":0,""cyclist"":0}",FALSE,"{""heading_deg"":224.83335306054167,""speed_mps"":1.2441545148325086,""accelerating"":true,""braking"":false,""turning_left"":false,""turning_right"":false,""world_x"":-77.61701965332031,""world_y"":-43.51911926269531}","{""front"":{""boxes"":[{""id"":""F_459"",""cls"":""car"",""conf"":0.79931640625,""box"":[0.456514193506525,0.5243077359331789,0.041640497893019025,0.022903273296369223]}]},""left"":{""boxes"":[]},""rear"":{""boxes"":[{""id"":""R_324"",""cls"":""car"",""conf"":0.546875,""box"":[0.5794721914547037,0.5082220459445619,0.03515417682530675,0.025433083378139366]},{""id"":""R_462"",""cls"":""bench"",""conf"":0.8662109375,""box"":[0.10340582848004712,0.5917325701945413,0.08489615756218989,0.07977959526116803]}]},""right"":{""boxes"":[{""id"":""RT_461"",""cls"":""bench"",""conf"":0.9423828125,""box"":[0.20365257891892238,0.6137178506082042,0.10013074662062094,0.09488895099274555]}]}}","[{""id"":""F_459"",""cls"":""vehicle"",""x"":43.77052688598633,""y"":-3.545732259750366,""distance"":43.99048690795898}]","[{""id"":""F_459"",""cls"":""vehicle"",""label"":""Car"",""dist_m"":43.99,""speed_mps"":2.314,""motion"":""receding""}]",frame_000165
"{""cam"":true,""radar"":true,""gnss"":true,""imu"":true,""lidar"":true}",165365937,3.3,168.9,28,7.9,"{""vehicle"":1,""person"":0,""cyclist"":0}",FALSE,"{""heading_deg"":224.83335306054167,""speed_mps"":0.0,""accelerating"":true,""braking"":false,""turning_left"":false,""turning_right"":false,""world_x"":-77.61701965332031,""world_y"":-43.51911926269531}","{""front"":{""boxes"":[{""id"":""F_459"",""cls"":""car"",""conf"":0.7646484375,""box"":[0.4543060969636441,0.5239437014340689,0.04097920572395619,0.022544492017230647]}]},""left"":{""boxes"":[]},""rear"":{""boxes"":[{""id"":""R_324"",""cls"":""car"",""conf"":0.546875,""box"":[0.5794775307153655,0.5080529596254858,0.035149629720529686,0.02543790965721045]},{""id"":""R_462"",""cls"":""bench"",""conf"":0.8662109375,""box"":[0.1077147013563445,0.5906087702935905,0.08415299290324736,0.07777541791574905]}]},""right"":{""boxes"":[{""id"":""RT_461"",""cls"":""bench"",""conf"":0.9423828125,""box"":[0.20975961504426302,0.6138454711580548,0.10412376953313647,0.09527840184327079]}]}}","[{""id"":""F_459"",""cls"":""vehicle"",""x"":43.77052688598633,""y"":-3.545732259750366,""distance"":43.99048690795898}]","[{""id"":""F_459"",""cls"":""vehicle"",""label"":""Car"",""dist_m"":43.99,""speed_mps"":2.322,""motion"":""receding""}]",frame_000166
"{""cam"":true,""radar"":true,""gnss"":true,""imu"":true,""lidar"":true}",498767333,3.2,169.1,10,6.6,"{""vehicle"":1,""person"":0,""cyclist"":0}",FALSE,"{""heading_deg"":224.7743265657344,""speed_mps"":2.972371203393624,""accelerating"":true,""braking"":false,""turning_left"":false,""turning_right"":false,""world_x"":-78.3167495727539,""world_y"":-44.220863342285156}","{""front"":{""boxes"":[{""id"":""F_459"",""cls"":""car"",""conf"":0.80078125,""box"":[0.45125767855526433,0.5241494179338616,0.04189085128086205,0.023108185333635116]}]},""left"":{""boxes"":[]},""rear"":{""boxes"":[{""id"":""R_324"",""cls"":""car"",""conf"":0.52734375,""box"":[0.5794949123897263,0.5081704864293531,0.03556022720770162,0.025791450301146965]},{""id"":""R_462"",""cls"":""bench"",""conf"":0.88232421875,""box"":[0.12763208822446254,0.5849256821600728,0.07988110713743639,0.07282256630545353]}]},""right"":{""boxes"":[{""id"":""RT_461"",""cls"":""bench"",""conf"":0.94287109375,""box"":[0.24205825898918057,0.6133703818585751,0.10619829833972119,0.09438307039996552]}]}}","[{""id"":""F_459"",""cls"":""vehicle"",""x"":43.4240608215332,""y"":-3.9891161918640137,""distance"":43.65345573425293}]","[{""id"":""F_459"",""cls"":""vehicle"",""label"":""Car"",""dist_m"":43.653,""speed_mps"":2.664,""motion"":""receding""}]",frame_000167
"{""cam"":true,""radar"":true,""gnss"":true,""imu"":true,""lidar"":true}",832018431,3.2,247.8,10,8.6,"{""vehicle"":2,""person"":0,""cyclist"":0}",FALSE,"{""heading_deg"":224.7552020360584,""speed_mps"":1.6268780101820346,""accelerating"":false,""braking"":false,""turning_left"":false,""turning_right"":false,""world_x"":-78.6995620727539,""world_y"":-44.60477828979492}","{""front"":{""boxes"":[{""id"":""F_459"",""cls"":""car"",""conf"":0.533203125,""box"":[0.4473833518772533,0.524394644127118,0.041636000558563334,0.02297488396160663]}]},""left"":{""boxes"":[]},""rear"":{""boxes"":[{""id"":""R_324"",""cls"":""car"",""conf"":0.521484375,""box"":[0.5793842964477102,0.5082208933846709,0.03490440956080363,0.025240612915131008]},{""id"":""R_462"",""cls"":""bench"",""conf"":0.873046875,""box"":[0.14458634394497633,0.5807469782692265,0.07696834213399732,0.06960585314120919]}]},""right"":{""boxes"":[{""id"":""RT_461"",""cls"":""bench"",""conf"":0.93603515625,""box"":[0.2713986542125692,0.6124909664386792,0.10781800756462281,0.09333856055830327]}]}}","[{""id"":""F_459"",""cls"":""vehicle"",""x"":43.83454895019531,""y"":-3.5509471893310547,""distance"":44.07253074645996},{""id"":""R_324"",""cls"":""vehicle"",""x"":-24.604413986206055,""y"":-4.742128849029541,""distance"":25.05963897705078}]","[{""id"":""R_324"",""cls"":""vehicle"",""label"":""Car"",""dist_m"":25.06,""speed_mps"":1.655,""motion"":""receding""},{""id"":""F_459"",""cls"":""vehicle"",""label"":""Car"",""dist_m"":44.073,""speed_mps"":2.694,""motion"":""receding""}]",frame_000168
"{""cam"":true,""radar"":true,""gnss"":true,""imu"":true,""lidar"":true}",165409390,3.2,179.2,10,9,"{""vehicle"":1,""person"":0,""cyclist"":0}",FALSE,"{""heading_deg"":224.7378260348099,""speed_mps"":1.6944900142525832,""accelerating"":false,""braking"":false,""turning_left"":false,""turning_right"":false,""world_x"":-79.09837341308594,""world_y"":-45.0048942565918}","{""front"":{""boxes"":[{""id"":""F_459"",""cls"":""car"",""conf"":0.482421875,""box"":[0.44422021877450196,0.5243121075878057,0.0417730340585055,0.023270061078544537]}]},""left"":{""boxes"":[]},""rear"":{""boxes"":[{""id"":""R_324"",""cls"":""car"",""conf"":0.56005859375,""box"":[0.579357677387766,0.5082482685998857,0.03471265655925197,0.02503467551788544]},{""id"":""R_462"",""cls"":""bench"",""conf"":0.8681640625,""box"":[0.159740684313463,0.5771954988512472,0.07446959605904198,0.06709123117200602]}]},""right"":{""boxes"":[{""id"":""RT_461"",""cls"":""bench"",""conf"":0.9306640625,""box"":[0.3002721781992071,0.6121556119480852,0.1096351318886434,0.0929384982314526]}]}}","[{""id"":""F_459"",""cls"":""vehicle"",""x"":43.105018615722656,""y"":-4.585351467132568,""distance"":43.40518569946289}]","[{""id"":""F_459"",""cls"":""vehicle"",""label"":""Car"",""dist_m"":43.405,""speed_mps"":2.674,""motion"":""receding""}]",frame_000169
"{""cam"":true,""radar"":true,""gnss"":true,""imu"":true,""lidar"":true}",498776249,3.2,178.5,24,9.1,"{""vehicle"":1,""person"":0,""cyclist"":0}",FALSE,"{""heading_deg"":224.7283593926203,""speed_mps"":1.6914164357815027,""accelerating"":false,""braking"":false,""turning_left"":false,""turning_right"":false,""world_x"":-79.49642944335938,""world_y"":-45.404258728027344}","{""front"":{""boxes"":[{""id"":""F_459"",""cls"":""car"",""conf"":0.81298828125,""box"":[0.44120582468649755,0.5241065551183934,0.04089525306036688,0.023038356794950705]}]},""left"":{""boxes"":[]},""rear"":{""boxes"":[{""id"":""R_324"",""cls"":""car"",""conf"":0.67724609375,""box"":[0.5788380830856161,0.5086104223832196,0.034623547234254204,0.02496341601082707]},{""id"":""R_462"",""cls"":""bench"",""conf"":0.83984375,""box"":[0.17363929068446654,0.573516623230982,0.07061128670519974,0.06339262240693261]}]},""right"":{""boxes"":[{""id"":""RT_461"",""cls"":""bench"",""conf"":0.93798828125,""box"":[0.3293053835623002,0.612375390914758,0.11128321203083007,0.09278709300034957]}]}}","[{""id"":""F_459"",""cls"":""vehicle"",""x"":43.19034194946289,""y"":-5.695971488952637,""distance"":43.645491409301755}]","[{""id"":""F_459"",""cls"":""vehicle"",""label"":""Car"",""dist_m"":43.645,""speed_mps"":3.362,""motion"":""receding""}]",frame_000170
"{""cam"":true,""radar"":true,""gnss"":true,""imu"":true,""lidar"":true}",831996414,3.1,177.3,24,7.9,"{""vehicle"":2,""person"":0,""cyclist"":0}",FALSE,"{""heading_deg"":224.7229225620409,""speed_mps"":1.6291331664313868,""accelerating"":false,""braking"":false,""turning_left"":false,""turning_right"":false,""world_x"":-79.87968444824219,""world_y"":-45.78872299194336}","{""front"":{""boxes"":[{""id"":""F_459"",""cls"":""car"",""conf"":0.71240234375,""box"":[0.4383775315964561,0.5240247223472914,0.04002382663217334,0.022949962680360987]}]},""left"":{""boxes"":[]},""rear"":{""boxes"":[{""id"":""R_324"",""cls"":""car"",""conf"":0.6806640625,""box"":[0.5782651770996151,0.5087494733150012,0.034565767568830987,0.024942178131502856]},{""id"":""R_462"",""cls"":""bench"",""conf"":0.86083984375,""box"":[0.18634102779771394,0.5712426071227471,0.06757301823599053,0.0607140113320592]}]},""right"":{""boxes"":[{""id"":""RT_461"",""cls"":""bench"",""conf"":0.93408203125,""box"":[0.3586704257892064,0.6119409619101674,0.11162256903527412,0.0916947721264755]}]}}","[{""id"":""F_459"",""cls"":""vehicle"",""x"":42.9296760559082,""y"":-5.348149299621582,""distance"":43.42722282409668},{""id"":""R_324"",""cls"":""vehicle"",""x"":-26.19038963317871,""y"":-4.852875709533691,""distance"":26.64317455291748}]","[{""id"":""R_324"",""cls"":""vehicle"",""label"":""Car"",""dist_m"":26.643,""speed_mps"":1.586,""motion"":""approaching""},{""id"":""F_459"",""cls"":""vehicle"",""label"":""Car"",""dist_m"":43.427,""speed_mps"":4.075,""motion"":""receding""}]",frame_000171
"{""cam"":true,""radar"":true,""gnss"":true,""imu"":true,""lidar"":true}",165406066,3.2,167.4,24,9.7,"{""vehicle"":1,""person"":0,""cyclist"":0}",FALSE,"{""heading_deg"":224.71964407123932,""speed_mps"":1.2339980234850592,""accelerating"":false,""braking"":true,""turning_left"":false,""turning_right"":false,""world_x"":-80.17012023925781,""world_y"":-46.08013153076172}","{""front"":{""boxes"":[{""id"":""F_459"",""cls"":""car"",""conf"":0.462890625,""box"":[0.4352303752222282,0.5239923121315895,0.03898719963495365,0.022917732659444686]}]},""left"":{""boxes"":[]},""rear"":{""boxes"":[{""id"":""R_324"",""cls"":""car"",""conf"":0.67919921875,""box"":[0.5774139407995312,0.508803907325339,0.03352821505992578,0.024247674774985663]},{""id"":""R_462"",""cls"":""bench"",""conf"":0.77734375,""box"":[0.1980856420625073,0.5672982829031835,0.06481515539743181,0.05842020050179204]}]},""right"":{""boxes"":[{""id"":""RT_461"",""cls"":""bench"",""conf"":0.92919921875,""box"":[0.38757290883472895,0.6119505164848611,0.11344440085616614,0.09232351102229318]}]}}","[{""id"":""F_459"",""cls"":""vehicle"",""x"":42.94316482543945,""y"":-6.134970664978027,""distance"":43.40896224975586}]","[{""id"":""F_459"",""cls"":""vehicle"",""label"":""Car"",""dist_m"":43.409,""speed_mps"":4.557,""motion"":""receding""}]",frame_000172
"{""cam"":true,""radar"":true,""gnss"":true,""imu"":true,""lidar"":true}",498675192,3.1,186.2,15,6.6,"{""vehicle"":2,""person"":0,""cyclist"":0}",FALSE,"{""heading_deg"":224.71927524102415,""speed_mps"":0.43454909102095246,""accelerating"":false,""braking"":true,""turning_left"":false,""turning_right"":false,""world_x"":-80.2723617553711,""world_y"":-46.18269729614258}","{""front"":{""boxes"":[{""id"":""F_459"",""cls"":""car"",""conf"":0.462890625,""box"":[0.43183387227436076,0.5231167438863253,0.038148604584954796,0.023251628592227885]}]},""left"":{""boxes"":[]},""rear"":{""boxes"":[{""id"":""R_324"",""cls"":""car"",""conf"":0.5908203125,""box"":[0.5767155013342916,0.5093508497246337,0.03355963411597766,0.024341228308636314]},{""id"":""R_462"",""cls"":""bench"",""conf"":0.82763671875,""box"":[0.206901994287395,0.5663967175056892,0.060170700982231894,0.05408935212756857]}]},""right"":{""boxes"":[{""id"":""RT_461"",""cls"":""bench"",""conf"":0.92919921875,""box"":[0.41118442607359845,0.6117834117466278,0.11424758512722115,0.09221705352360618]}]}}","[{""id"":""F_459"",""cls"":""vehicle"",""x"":43.70109176635742,""y"":-5.923183441162109,""distance"":44.17640838623047},{""id"":""R_324"",""cls"":""vehicle"",""x"":-26.812578201293945,""y"":-4.76919412612915,""distance"":27.24189567565918}]","[{""id"":""R_324"",""cls"":""vehicle"",""label"":""Car"",""dist_m"":27.242,""speed_mps"":0.933,""motion"":""approaching""},{""id"":""F_459"",""cls"":""vehicle"",""label"":""Car"",""dist_m"":44.176,""speed_mps"":5.164,""motion"":""receding""}]",frame_000173
"{""cam"":true,""radar"":true,""gnss"":true,""imu"":true,""lidar"":true}",832049167,3.1,244.7,15,8.1,"{""vehicle"":1,""person"":0,""cyclist"":0}",FALSE,"{""heading_deg"":224.71907033534907,""speed_mps"":0.001583145809278345,""accelerating"":false,""braking"":true,""turning_left"":false,""turning_right"":false,""world_x"":-80.27273559570312,""world_y"":-46.18305206298828}","{""front"":{""boxes"":[]},""left"":{""boxes"":[]},""rear"":{""boxes"":[{""id"":""R_324"",""cls"":""car"",""conf"":0.640625,""box"":[0.5763422807276114,0.5105903736625005,0.033488634621225796,0.024380975666080693]},{""id"":""R_462"",""cls"":""bench"",""conf"":0.806640625,""box"":[0.21132342549202657,0.5662433553210074,0.0587111237513108,0.05268955367035619]}]},""right"":{""boxes"":[{""id"":""RT_461"",""cls"":""bench"",""conf"":0.93017578125,""box"":[0.4241509927609677,0.6122392476228761,0.11535903778766414,0.09252366288920477]}]}}","[{""id"":""R_324"",""cls"":""vehicle"",""x"":-26.74755859375,""y"":-4.856772422790527,""distance"":27.187878608703613}]","[{""id"":""R_324"",""cls"":""vehicle"",""label"":""Car"",""dist_m"":27.188,""speed_mps"":0.195,""motion"":""stationary""}]",frame_000174
"{""cam"":true,""radar"":true,""gnss"":true,""imu"":true,""lidar"":true}",165343912,3.2,179.8,15,9.6,"{""vehicle"":2,""person"":0,""cyclist"":0}",FALSE,"{""heading_deg"":224.71908399572737,""speed_mps"":0.004493082371426886,""accelerating"":false,""braking"":false,""turning_left"":false,""turning_right"":false,""world_x"":-80.27172088623047,""world_y"":-46.182010650634766}","{""front"":{""boxes"":[]},""left"":{""boxes"":[]},""rear"":{""boxes"":[{""id"":""R_324"",""cls"":""car"",""conf"":0.60205078125,""box"":[0.5763484059464686,0.5107063357461925,0.033366036596674496,0.02440164780258443]},{""id"":""R_462"",""cls"":""bench"",""conf"":0.7919921875,""box"":[0.2126030410553227,0.566088091242441,0.05875150838344099,0.05266241843644532]},{""id"":""R_463"",""cls"":""bus"",""conf"":0.611328125,""box"":[0.45503906250000004,0.5189583333333333,0.03354607528320397,0.03895833333333331]}]},""right"":{""boxes"":[{""id"":""RT_461"",""cls"":""bench"",""conf"":0.93115234375,""box"":[0.4284033963769901,0.61241238293605,0.11620709324759862,0.0926407800200155]}]}}","[{""id"":""R_463"",""cls"":""truck"",""x"":-42.752342224121094,""y"":3.849980354309082,""distance"":42.93429298400879},{""id"":""R_463"",""cls"":""truck"",""x"":-42.752342224121094,""y"":3.849980354309082,""distance"":42.93429298400879}]","[{""id"":""R_463"",""cls"":""truck"",""label"":""Truck"",""dist_m"":42.934,""speed_mps"":null,""motion"":""unknown""},{""id"":""R_463"",""cls"":""truck"",""label"":""Truck"",""dist_m"":42.934,""speed_mps"":null,""motion"":""unknown""}]",frame_000175
"{""cam"":true,""radar"":true,""gnss"":true,""imu"":true,""lidar"":true}",498757549,3.2,167.4,23,8.2,"{""vehicle"":2,""person"":0,""cyclist"":0}",FALSE,"{""heading_deg"":224.70710384392316,""speed_mps"":0.06728555136159058,""accelerating"":false,""braking"":false,""turning_left"":false,""turning_right"":false,""world_x"":-80.28760528564453,""world_y"":-46.19784927368164}","{""front"":{""boxes"":[]},""left"":{""boxes"":[]},""rear"":{""boxes"":[{""id"":""R_324"",""cls"":""car"",""conf"":0.5888671875,""box"":[0.5763664836183655,0.5100520652191947,0.03243696077676468,0.0237232962426629]},{""id"":""R_462"",""cls"":""bench"",""conf"":0.6318359375,""box"":[0.21276430774351898,0.5655663194199921,0.05853500907946572,0.05237051767819949]},{""id"":""R_463"",""cls"":""bus"",""conf"":0.63720703125,""box"":[0.4553691062068923,0.5185982856530871,0.033583681330522544,0.03903834392894356]}]},""right"":{""boxes"":[{""id"":""RT_461"",""cls"":""bench"",""conf"":0.93408203125,""box"":[0.4291336140496268,0.6124775563164618,0.11686380791656696,0.09268547781760965]}]}}","[{""id"":""R_463"",""cls"":""truck"",""x"":-42.27030944824219,""y"":3.4241673946380615,""distance"":42.42606163024902},{""id"":""R_463"",""cls"":""truck"",""x"":-42.27030944824219,""y"":3.4241673946380615,""distance"":42.42606163024902}]","[{""id"":""R_463"",""cls"":""truck"",""label"":""Truck"",""dist_m"":42.426,""speed_mps"":1.446,""motion"":""receding""},{""id"":""R_463"",""cls"":""truck"",""label"":""Truck"",""dist_m"":42.426,""speed_mps"":null,""motion"":""unknown""}]",frame_000176
"{""cam"":true,""radar"":true,""gnss"":true,""imu"":true,""lidar"":true}",832039959,3.2,168.2,23,8.9,"{""vehicle"":3,""person"":0,""cyclist"":0}",FALSE,"{""heading_deg"":224.71890641080898,""speed_mps"":0.20351084993933705,""accelerating"":true,""braking"":false,""turning_left"":false,""turning_right"":false,""world_x"":-80.33547973632812,""world_y"":-46.24589538574219}","{""front"":{""boxes"":[]},""left"":{""boxes"":[]},""rear"":{""boxes"":[{""id"":""R_324"",""cls"":""car"",""conf"":0.57373046875,""box"":[0.57639119697851,0.5096221301455145,0.03250326211522099,0.023822064338694857]},{""id"":""R_462"",""cls"":""bench"",""conf"":0.8154296875,""box"":[0.21287914693062712,0.564919544053071,0.05895061264138508,0.05270194778968763]},{""id"":""R_463"",""cls"":""truck"",""conf"":0.501953125,""box"":[0.4557836698924251,0.5180725546172322,0.03420961865591785,0.03987364164180977]}]},""right"":{""boxes"":[{""id"":""RT_461"",""cls"":""bench"",""conf"":0.927734375,""box"":[0.42976625712732675,0.6125013030288604,0.11742998973573435,0.09270231193663901]}]}}","[{""id"":""R_324"",""cls"":""vehicle"",""x"":-26.835214614868164,""y"":-4.872704982757568,""distance"":27.274120330810547},{""id"":""R_463"",""cls"":""truck"",""x"":-41.67399597167969,""y"":4.206167221069336,""distance"":41.90659637451172},{""id"":""R_463"",""cls"":""truck"",""x"":-41.67399597167969,""y"":4.206167221069336,""distance"":41.90659637451172}]","[{""id"":""R_324"",""cls"":""vehicle"",""label"":""Car"",""dist_m"":27.274,""speed_mps"":0.088,""motion"":""stationary""},{""id"":""R_463"",""cls"":""truck"",""label"":""Truck"",""dist_m"":41.907,""speed_mps"":1.789,""motion"":""receding""},{""id"":""R_463"",""cls"":""truck"",""label"":""Truck"",""dist_m"":41.907,""speed_mps"":null,""motion"":""unknown""}]",frame_000177
"{""cam"":true,""radar"":true,""gnss"":true,""imu"":true,""lidar"":true}",165364783,3.2,157.2,23,7.4,"{""vehicle"":2,""person"":0,""cyclist"":0}",FALSE,"{""heading_deg"":224.7180731277302,""speed_mps"":0.3545853107688126,""accelerating"":true,""braking"":false,""turning_left"":false,""turning_right"":false,""world_x"":-80.41899871826172,""world_y"":-46.329524993896484}","{""front"":{""boxes"":[]},""left"":{""boxes"":[]},""rear"":{""boxes"":[{""id"":""R_324"",""cls"":""car"",""conf"":0.60595703125,""box"":[0.5762800430009799,0.5091168077130134,0.03246036763450988,0.023863439058099088]},{""id"":""R_462"",""cls"":""bench"",""conf"":0.79931640625,""box"":[0.21303179087943497,0.5643918190721353,0.05905601973115204,0.052880914017365534]},{""id"":""R_463"",""cls"":""bus"",""conf"":0.57177734375,""box"":[0.45532709555324724,0.5179162438162757,0.03431589013529272,0.04013461498769484]}]},""right"":{""boxes"":[{""id"":""RT_461"",""cls"":""bench"",""conf"":0.92138671875,""box"":[0.4314046635855206,0.6126813702503305,0.11757787285351395,0.09236424048452332]}]}}","[{""id"":""R_463"",""cls"":""truck"",""x"":-41.273319244384766,""y"":3.5673632621765137,""distance"":41.43227005004883},{""id"":""R_463"",""cls"":""truck"",""x"":-41.273319244384766,""y"":3.5673632621765137,""distance"":41.43227005004883}]","[{""id"":""R_463"",""cls"":""truck"",""label"":""Truck"",""dist_m"":41.432,""speed_mps"":1.202,""motion"":""receding""},{""id"":""R_463"",""cls"":""truck"",""label"":""Truck"",""dist_m"":41.432,""speed_mps"":null,""motion"":""unknown""}]",frame_000178
"{""cam"":true,""radar"":true,""gnss"":true,""imu"":true,""lidar"":true}",498771398,3.2,166.8,15,7.5,"{""vehicle"":3,""person"":0,""cyclist"":0}",FALSE,"{""heading_deg"":224.7243159206316,""speed_mps"":0.526775964685582,""accelerating"":true,""braking"":false,""turning_left"":false,""turning_right"":false,""world_x"":-80.54296112060547,""world_y"":-46.453941345214844}","{""front"":{""boxes"":[]},""left"":{""boxes"":[]},""rear"":{""boxes"":[{""id"":""R_324"",""cls"":""car"",""conf"":0.5869140625,""box"":[0.5759898667513441,0.5085816533179119,0.032398915402676386,0.0238844091044785]},{""id"":""R_462"",""cls"":""bench"",""conf"":0.75634765625,""box"":[0.21354089327367642,0.5633789636168836,0.058501444031906866,0.052650133723929335]},{""id"":""R_463"",""cls"":""truck"",""conf"":0.482421875,""box"":[0.4555807347336122,0.517880247371784,0.034255035224500754,0.040203520264169866]}]},""right"":{""boxes"":[{""id"":""RT_461"",""cls"":""bench"",""conf"":0.9287109375,""box"":[0.4355385904482366,0.6125758742302201,0.11825654643870838,0.09258128111720214]}]}}","[{""id"":""R_324"",""cls"":""vehicle"",""x"":-27.14499855041504,""y"":-4.828325271606445,""distance"":27.571306800842287},{""id"":""R_463"",""cls"":""truck"",""x"":-40.90581130981445,""y"":3.0179150104522705,""distance"":41.02226257324219},{""id"":""R_463"",""cls"":""truck"",""x"":-40.90581130981445,""y"":3.0179150104522705,""distance"":41.02226257324219}]","[{""id"":""R_324"",""cls"":""vehicle"",""label"":""Car"",""dist_m"":27.571,""speed_mps"":0.465,""motion"":""approaching""},{""id"":""R_463"",""cls"":""truck"",""label"":""Truck"",""dist_m"":41.022,""speed_mps"":1.102,""motion"":""receding""},{""id"":""R_463"",""cls"":""truck"",""label"":""Truck"",""dist_m"":41.022,""speed_mps"":null,""motion"":""unknown""}]",frame_000179
"{""cam"":true,""radar"":true,""gnss"":true,""imu"":true,""lidar"":true}",832001906,3.1,247.3,15,8.4,"{""vehicle"":3,""person"":0,""cyclist"":0}",FALSE,"{""heading_deg"":224.727184600083,""speed_mps"":0.7039397711906243,""accelerating"":true,""braking"":false,""turning_left"":false,""turning_right"":false,""world_x"":-80.70854949951172,""world_y"":-46.62009048461914}","{""front"":{""boxes"":[]},""left"":{""boxes"":[]},""rear"":{""boxes"":[{""id"":""R_324"",""cls"":""car"",""conf"":0.56982421875,""box"":[0.5756320690242844,0.5082101829592583,0.03273713133722227,0.024242460577223093]},{""id"":""R_462"",""cls"":""bench"",""conf"":0.501953125,""box"":[0.21554743510055685,0.5620098487488666,0.056684173942532425,0.05121245611976981]},{""id"":""R_463"",""cls"":""bus"",""conf"":0.494140625,""box"":[0.45566675566246106,0.5180631560801123,0.03499614947834022,0.041307935023829324]}]},""right"":{""boxes"":[{""id"":""RT_461"",""cls"":""bench"",""conf"":0.9267578125,""box"":[0.4429504452880192,0.61236272816549,0.118314171473931,0.09231974408470418]}]}}","[{""id"":""R_324"",""cls"":""vehicle"",""x"":-27.37628936767578,""y"":-4.970956802368164,""distance"":27.826608657836914},{""id"":""R_463"",""cls"":""truck"",""x"":-40.69053649902344,""y"":2.7817187309265137,""distance"":40.83658409118652},{""id"":""R_463"",""cls"":""truck"",""x"":-40.69053649902344,""y"":2.7817187309265137,""distance"":40.83658409118652}]","[{""id"":""R_324"",""cls"":""vehicle"",""label"":""Car"",""dist_m"":27.827,""speed_mps"":0.694,""motion"":""approaching""},{""id"":""R_463"",""cls"":""truck"",""label"":""Truck"",""dist_m"":40.837,""speed_mps"":0.646,""motion"":""receding""},{""id"":""R_463"",""cls"":""truck"",""label"":""Truck"",""dist_m"":40.837,""speed_mps"":null,""motion"":""unknown""}]",frame_000180
"{""cam"":true,""radar"":true,""gnss"":true,""imu"":true,""lidar"":true}",165392106,3.1,244.5,28,9.8,"{""vehicle"":2,""person"":0,""cyclist"":0}",FALSE,"{""heading_deg"":224.72600980754578,""speed_mps"":0.8845858303416909,""accelerating"":true,""braking"":false,""turning_left"":false,""turning_right"":false,""world_x"":-80.91677856445312,""world_y"":-46.82892990112305}","{""front"":{""boxes"":[]},""left"":{""boxes"":[]},""rear"":{""boxes"":[{""id"":""R_324"",""cls"":""car"",""conf"":0.525390625,""box"":[0.5752497100471844,0.5079031870488563,0.032316149437802276,0.024036337801526978]},{""id"":""R_462"",""cls"":""bench"",""conf"":0.2958984375,""box"":[0.2188774223658762,0.5608597964008921,0.05460017405651154,0.04932031051613942]},{""id"":""R_463"",""cls"":""bus"",""conf"":0.6943359375,""box"":[0.45556083306777106,0.5181352940817029,0.035128010954205015,0.04168971373264541]}]},""right"":{""boxes"":[{""id"":""RT_461"",""cls"":""bench"",""conf"":0.91845703125,""box"":[0.45277717431542863,0.6127981883404028,0.11884615024494956,0.09256583611015673]}]}}","[{""id"":""R_463"",""cls"":""truck"",""x"":-40.560935974121094,""y"":3.5057764053344727,""distance"":40.729240798950194},{""id"":""R_463"",""cls"":""truck"",""x"":-40.560935974121094,""y"":3.5057764053344727,""distance"":40.729240798950194}]","[{""id"":""R_463"",""cls"":""truck"",""label"":""Truck"",""dist_m"":40.729,""speed_mps"":0.389,""motion"":""receding""},{""id"":""R_463"",""cls"":""truck"",""label"":""Truck"",""dist_m"":40.729,""speed_mps"":null,""motion"":""unknown""}]",frame_000181
"{""cam"":true,""radar"":true,""gnss"":true,""imu"":true,""lidar"":true}",498704595,3.2,172.8,28,10.4,"{""vehicle"":3,""person"":0,""cyclist"":0}",FALSE,"{""heading_deg"":224.72600980754578,""speed_mps"":1.0713613204159615,""accelerating"":true,""braking"":false,""turning_left"":false,""turning_right"":false,""world_x"":-81.16893768310547,""world_y"":-47.081783294677734}","{""front"":{""boxes"":[]},""left"":{""boxes"":[]},""rear"":{""boxes"":[{""id"":""R_324"",""cls"":""car"",""conf"":0.437744140625,""box"":[0.5748572445977789,0.5079648939106015,0.0316120317067452,0.02361481334615991]},{""id"":""R_462"",""cls"":""bench"",""conf"":0.7431640625,""box"":[0.22245087893958337,0.5599689327097382,0.05322537918147028,0.04832925854970173]},{""id"":""R_463"",""cls"":""bus"",""conf"":0.57958984375,""box"":[0.45591306192918674,0.5179922246582308,0.034839038954774096,0.04145931829868352]}]},""right"":{""boxes"":[{""id"":""RT_461"",""cls"":""bench"",""conf"":0.92138671875,""box"":[0.4665048284119768,0.6127896337692431,0.11874774331018197,0.09231537097823524]}]}}","[{""id"":""R_463"",""cls"":""truck"",""x"":-40.52923583984375,""y"":3.063417911529541,""distance"":40.66784858703613},{""id"":""R_324"",""cls"":""vehicle"",""x"":-28.017850875854492,""y"":-4.879775047302246,""distance"":28.440372467041016},{""id"":""R_463"",""cls"":""truck"",""x"":-40.52923583984375,""y"":3.063417911529541,""distance"":40.66784858703613}]","[{""id"":""R_324"",""cls"":""vehicle"",""label"":""Car"",""dist_m"":28.44,""speed_mps"":0.962,""motion"":""approaching""},{""id"":""R_463"",""cls"":""truck"",""label"":""Truck"",""dist_m"":40.668,""speed_mps"":0.095,""motion"":""stationary""},{""id"":""R_463"",""cls"":""truck"",""label"":""Truck"",""dist_m"":40.668,""speed_mps"":null,""motion"":""unknown""}]",frame_000182
"{""cam"":true,""radar"":true,""gnss"":true,""imu"":true,""lidar"":true}",802448379,3.4,164.3,28,11.2,"{""vehicle"":2,""person"":0,""cyclist"":0}",FALSE,"{""heading_deg"":224.72596882641076,""speed_mps"":0.18033499727454336,""accelerating"":true,""braking"":false,""turning_left"":false,""turning_right"":false,""world_x"":-81.46228790283203,""world_y"":-47.37596130371094}","{""front"":{""boxes"":[]},""left"":{""boxes"":[]},""rear"":{""boxes"":[{""id"":""R_324"",""cls"":""car"",""conf"":0.494140625,""box"":[0.57407087694684,0.5078207822749464,0.030844314855887678,0.02311228910473684]},{""id"":""R_462"",""cls"":""bench"",""conf"":0.79296875,""box"":[0.22758544040590428,0.5588132414029618,0.051542801198788804,0.046958239313351295]},{""id"":""R_463"",""cls"":""truck"",""conf"":0.501953125,""box"":[0.4559101986539421,0.5179432839771922,0.03521211311066237,0.04205542721219905]}]},""right"":{""boxes"":[{""id"":""RT_461"",""cls"":""bench"",""conf"":0.90478515625,""box"":[0.4839096253761124,0.61261224472092,0.1184490374150566,0.0918763473900461]}]}}","[{""id"":""R_463"",""cls"":""truck"",""x"":-40.55946350097656,""y"":3.3593015670776367,""distance"":40.74936981201172},{""id"":""R_463"",""cls"":""truck"",""x"":-40.55946350097656,""y"":3.3593015670776367,""distance"":40.74936981201172}]","[{""id"":""R_463"",""cls"":""truck"",""label"":""Truck"",""dist_m"":40.749,""speed_mps"":0.013,""motion"":""stationary""},{""id"":""R_463"",""cls"":""truck"",""label"":""Truck"",""dist_m"":40.749,""speed_mps"":null,""motion"":""unknown""}]",frame_000183
"{""cam"":true,""radar"":true,""gnss"":true,""imu"":true,""lidar"":true}",922230082,3.6,172.7,28,12.1,"{""vehicle"":3,""person"":0,""cyclist"":0}",FALSE,"{""heading_deg"":224.72592784527575,""speed_mps"":3.9301135945191192,""accelerating"":true,""braking"":false,""turning_left"":false,""turning_right"":false,""world_x"":-81.79469299316406,""world_y"":-47.70930480957031}","{""front"":{""boxes"":[]},""left"":{""boxes"":[]},""rear"":{""boxes"":[{""id"":""R_324"",""cls"":""car"",""conf"":0.50390625,""box"":[0.5733986134603564,0.5075981133721706,0.030879163167625467,0.023278758905738193]},{""id"":""R_462"",""cls"":""bench"",""conf"":0.70751953125,""box"":[0.23358860538905762,0.5573839013746223,0.05069868408699589,0.04651456563150506]},{""id"":""R_463"",""cls"":""bus"",""conf"":0.50390625,""box"":[0.45616569043928157,0.5177553586614991,0.035001163531668225,0.0419172910393117]}]},""right"":{""boxes"":[{""id"":""RT_461"",""cls"":""bench"",""conf"":0.91650390625,""box"":[0.5041142687442699,0.6125438835033722,0.11844086409094796,0.09171230261688308]}]}}","[{""id"":""R_324"",""cls"":""vehicle"",""x"":-28.926151275634766,""y"":-4.8240966796875,""distance"":29.325916862487794},{""id"":""R_463"",""cls"":""truck"",""x"":-40.58607482910156,""y"":3.8019628524780273,""distance"":40.77199478149414},{""id"":""R_463"",""cls"":""truck"",""x"":-40.58607482910156,""y"":3.8019628524780273,""distance"":40.77199478149414}]","[{""id"":""R_324"",""cls"":""vehicle"",""label"":""Car"",""dist_m"":29.326,""speed_mps"":0.375,""motion"":""approaching""},{""id"":""R_463"",""cls"":""truck"",""label"":""Truck"",""dist_m"":40.772,""speed_mps"":0.222,""motion"":""approaching""},{""id"":""R_463"",""cls"":""truck"",""label"":""Truck"",""dist_m"":40.772,""speed_mps"":null,""motion"":""unknown""}]",frame_000184
"{""cam"":true,""radar"":true,""gnss"":true,""imu"":true,""lidar"":true}",165355479,3.7,165.9,28,12.8,"{""vehicle"":3,""person"":0,""cyclist"":0}",FALSE,"{""heading_deg"":224.72590052451903,""speed_mps"":2.106404855345764,""accelerating"":true,""braking"":false,""turning_left"":false,""turning_right"":false,""world_x"":-82.15630340576172,""world_y"":-48.07194137573242}","{""front"":{""boxes"":[]},""left"":{""boxes"":[]},""rear"":{""boxes"":[{""id"":""R_324"",""cls"":""car"",""conf"":0.453369140625,""box"":[0.5727741797428296,0.5075203848674833,0.030685119495074444,0.023344371490832037]},{""id"":""R_462"",""cls"":""bench"",""conf"":0.716796875,""box"":[0.2400827107559409,0.5563867216699556,0.04980688003395524,0.046045682951591144]},{""id"":""R_463"",""cls"":""bus"",""conf"":0.66357421875,""box"":[0.45638866578601417,0.517688492051671,0.03482118473654685,0.041848639990419836]}]},""right"":{""boxes"":[{""id"":""RT_461"",""cls"":""bench"",""conf"":0.9248046875,""box"":[0.5271437769893904,0.612345191816928,0.11904122246218796,0.09199835411951689]}]}}","[{""id"":""R_463"",""cls"":""truck"",""x"":-40.68742370605469,""y"":3.0018310546875,""distance"":40.81997299194336},{""id"":""R_324"",""cls"":""vehicle"",""x"":-29.4857120513916,""y"":-5.026386737823486,""distance"":29.913975143432616},{""id"":""R_463"",""cls"":""truck"",""x"":-40.68742370605469,""y"":3.0018310546875,""distance"":40.81997299194336}]","[{""id"":""R_324"",""cls"":""vehicle"",""label"":""Car"",""dist_m"":29.914,""speed_mps"":2.302,""motion"":""approaching""},{""id"":""R_463"",""cls"":""truck"",""label"":""Truck"",""dist_m"":40.82,""speed_mps"":0.417,""motion"":""approaching""},{""id"":""R_463"",""cls"":""truck"",""label"":""Truck"",""dist_m"":40.82,""speed_mps"":null,""motion"":""unknown""}]",frame_000185
"{""cam"":true,""radar"":true,""gnss"":true,""imu"":true,""lidar"":true}",498790149,3.6,180.8,19,6.2,"{""vehicle"":2,""person"":0,""cyclist"":0}",FALSE,"{""heading_deg"":224.72576392073566,""speed_mps"":1.2335156024874743,""accelerating"":false,""braking"":true,""turning_left"":false,""turning_right"":false,""world_x"":-82.44672393798828,""world_y"":-48.363182067871094}","{""front"":{""boxes"":[]},""left"":{""boxes"":[]},""rear"":{""boxes"":[{""id"":""R_324"",""cls"":""car"",""conf"":0.57177734375,""box"":[0.5719075066795243,0.5078417940078956,0.029576140589697174,0.022682977591650357]},{""id"":""R_462"",""cls"":""bench"",""conf"":0.6875,""box"":[0.24734757961910425,0.5546653932207078,0.048576334537513824,0.04521510474655634]},{""id"":""R_463"",""cls"":""bus"",""conf"":0.67041015625,""box"":[0.4567277402347938,0.5178409692370273,0.034418326371392284,0.04146449908268301]}]},""right"":{""boxes"":[{""id"":""RT_461"",""cls"":""bench"",""conf"":0.91943359375,""box"":[0.5533804820364184,0.6126144998611844,0.12000776774367967,0.09279693391282844]}]}}","[{""id"":""R_463"",""cls"":""truck"",""x"":-40.65620422363281,""y"":2.779355525970459,""distance"":40.780765533447266},{""id"":""R_463"",""cls"":""truck"",""x"":-40.65620422363281,""y"":2.779355525970459,""distance"":40.780765533447266}]","[{""id"":""R_463"",""cls"":""truck"",""label"":""Truck"",""dist_m"":40.781,""speed_mps"":0.094,""motion"":""stationary""},{""id"":""R_463"",""cls"":""truck"",""label"":""Truck"",""dist_m"":40.781,""speed_mps"":null,""motion"":""unknown""}]",frame_000186
"{""cam"":true,""radar"":true,""gnss"":true,""imu"":true,""lidar"":true}",832041071,3.6,179.7,19,11.4,"{""vehicle"":3,""person"":0,""cyclist"":0}",FALSE,"{""heading_deg"":224.76634890478385,""speed_mps"":0.7949900018243541,""accelerating"":false,""braking"":true,""turning_left"":false,""turning_right"":false,""world_x"":-82.63441467285156,""world_y"":-48.5501594543457}","{""front"":{""boxes"":[]},""left"":{""boxes"":[]},""rear"":{""boxes"":[{""id"":""R_324"",""cls"":""car"",""conf"":0.447509765625,""box"":[0.5710759999578107,0.5083194338737314,0.028892389369465567,0.022437348177761506]},{""id"":""R_462"",""cls"":""bench"",""conf"":0.58154296875,""box"":[0.2531707214577784,0.554265331792303,0.0468879500859134,0.043897376038018916]},{""id"":""R_463"",""cls"":""bus"",""conf"":0.71044921875,""box"":[0.4569801802804436,0.5182497406461697,0.03424314432995308,0.04130934663066164]}]},""right"":{""boxes"":[{""id"":""RT_461"",""cls"":""bench"",""conf"":0.9140625,""box"":[0.5766498486906275,0.6128878690077009,0.12010632361650124,0.09275568847308678]}]}}","[{""id"":""R_463"",""cls"":""truck"",""x"":-40.445194244384766,""y"":3.495800733566284,""distance"":40.613485717773436},{""id"":""R_324"",""cls"":""vehicle"",""x"":-30.123485565185547,""y"":-4.801596641540527,""distance"":30.50395259857178},{""id"":""R_463"",""cls"":""truck"",""x"":-40.445194244384766,""y"":3.495800733566284,""distance"":40.613485717773436}]","[{""id"":""R_324"",""cls"":""vehicle"",""label"":""Car"",""dist_m"":30.504,""speed_mps"":0.957,""motion"":""approaching""},{""id"":""R_463"",""cls"":""truck"",""label"":""Truck"",""dist_m"":40.613,""speed_mps"":0.633,""motion"":""receding""},{""id"":""R_463"",""cls"":""truck"",""label"":""Truck"",""dist_m"":40.613,""speed_mps"":null,""motion"":""unknown""}]",frame_000187
"{""cam"":true,""radar"":true,""gnss"":true,""imu"":true,""lidar"":true}",165439793,3.5,270.3,21,9,"{""vehicle"":2,""person"":0,""cyclist"":0}",FALSE,"{""heading_deg"":224.86426649672518,""speed_mps"":0.7800099901600142,""accelerating"":false,""braking"":false,""turning_left"":false,""turning_right"":false,""world_x"":-82.82003021240234,""world_y"":-48.7322998046875}","{""front"":{""boxes"":[]},""left"":{""boxes"":[]},""rear"":{""boxes"":[{""id"":""R_324"",""cls"":""car"",""conf"":0.416748046875,""box"":[0.5703959099828858,0.5086715858965287,0.02873328140851523,0.02270126829803806]},{""id"":""R_462"",""cls"":""bench"",""conf"":0.708984375,""box"":[0.25705678554344874,0.5543548748351476,0.04574130626655264,0.04310818316420152]},{""id"":""R_463"",""cls"":""bus"",""conf"":0.6259765625,""box"":[0.45693879362628953,0.5190978204949804,0.035183565813267134,0.042630203082082235]}]},""right"":{""boxes"":[{""id"":""RT_461"",""cls"":""bench"",""conf"":0.916015625,""box"":[0.5938886209965965,0.6128189382857397,0.11915410028110678,0.09170635881331736]}]}}","[{""id"":""R_463"",""cls"":""truck"",""x"":-40.2309684753418,""y"":2.9439258575439453,""distance"":40.35066184997559},{""id"":""R_463"",""cls"":""truck"",""x"":-40.2309684753418,""y"":2.9439258575439453,""distance"":40.35066184997559}]","[{""id"":""R_463"",""cls"":""truck"",""label"":""Truck"",""dist_m"":40.351,""speed_mps"":0.643,""motion"":""receding""},{""id"":""R_463"",""cls"":""truck"",""label"":""Truck"",""dist_m"":40.351,""speed_mps"":null,""motion"":""unknown""}]",frame_000188
"{""cam"":true,""radar"":true,""gnss"":true,""imu"":true,""lidar"":true}",498747315,3.5,212.9,21,10.7,"{""vehicle"":2,""person"":0,""cyclist"":0}",FALSE,"{""heading_deg"":224.97695095765204,""speed_mps"":0.9364716954948987,""accelerating"":true,""braking"":false,""turning_left"":false,""turning_right"":false,""world_x"":-83.04302978515625,""world_y"":-48.95069885253906}","{""front"":{""boxes"":[]},""left"":{""boxes"":[]},""rear"":{""boxes"":[{""id"":""R_324"",""cls"":""car"",""conf"":0.494140625,""box"":[0.5691259966639446,0.5082839807348528,0.028106412557229454,0.02245846750592294]},{""id"":""R_462"",""cls"":""bench"",""conf"":0.72314453125,""box"":[0.2593824152176905,0.553371029946468,0.04439499864262064,0.04215740667590353]},{""id"":""R_463"",""cls"":""bus"",""conf"":0.83349609375,""box"":[0.45589580534254487,0.5192423760977817,0.03512668248320665,0.0427759158050657]}]},""right"":{""boxes"":[{""id"":""RT_461"",""cls"":""bench"",""conf"":0.9189453125,""box"":[0.608019612664424,0.6127910054542153,0.11984493487130976,0.09199896577507224]}]}}","[{""id"":""R_463"",""cls"":""truck"",""x"":-40.01942443847656,""y"":3.9665284156799316,""distance"":40.235066986083986},{""id"":""R_324"",""cls"":""vehicle"",""x"":-30.729637145996094,""y"":-4.672089576721191,""distance"":31.082895278930664}]","[{""id"":""R_324"",""cls"":""vehicle"",""label"":""Car"",""dist_m"":31.083,""speed_mps"":0.909,""motion"":""approaching""},{""id"":""R_463"",""cls"":""truck"",""label"":""Truck"",""dist_m"":40.235,""speed_mps"":0.635,""motion"":""receding""}]",frame_000189
"{""cam"":true,""radar"":true,""gnss"":true,""imu"":true,""lidar"":true}",832129537,3.5,171.6,21,10.9,"{""vehicle"":3,""person"":0,""cyclist"":0}",FALSE,"{""heading_deg"":225.10589126880353,""speed_mps"":1.1095084874126264,""accelerating"":true,""braking"":false,""turning_left"":false,""turning_right"":false,""world_x"":-83.30764770507812,""world_y"":-49.20914840698242}","{""front"":{""boxes"":[]},""left"":{""boxes"":[]},""rear"":{""boxes"":[{""id"":""R_324"",""cls"":""car"",""conf"":0.67919921875,""box"":[0.5674980962318588,0.5079627426709454,0.027223625435055875,0.02202488914977086]},{""id"":""R_462"",""cls"":""bench"",""conf"":0.75634765625,""box"":[0.2618059192937746,0.5518181952964718,0.0427156508614424,0.04079355279031513]},{""id"":""R_463"",""cls"":""bus"",""conf"":0.6669921875,""box"":[0.454844235957529,0.5189511871972474,0.0344747567140665,0.04213409669634629]}]},""right"":{""boxes"":[{""id"":""RT_461"",""cls"":""bench"",""conf"":0.414794921875,""box"":[0.6222851569230133,0.6122632557167388,0.11919779228259068,0.09107818897453063]},{""id"":""RT_464"",""cls"":""car"",""conf"":0.822265625,""box"":[0.145263671875,0.5542708333333334,0.09508040871051389,0.05416666666666667]}]}}","[{""id"":""R_463"",""cls"":""truck"",""x"":-39.89112091064453,""y"":3.4478759765625,""distance"":40.04782333374023},{""id"":""R_463"",""cls"":""truck"",""x"":-39.89112091064453,""y"":3.4478759765625,""distance"":40.04782333374023},{""id"":""RT_464"",""cls"":""vehicle"",""x"":12.675185203552246,""y"":19.38348388671875,""distance"":23.428978157043456}]","[{""id"":""RT_464"",""cls"":""vehicle"",""label"":""Car"",""dist_m"":23.429,""speed_mps"":null,""motion"":""unknown""},{""id"":""R_463"",""cls"":""truck"",""label"":""Truck"",""dist_m"":40.048,""speed_mps"":0.385,""motion"":""receding""},{""id"":""R_463"",""cls"":""truck"",""label"":""Truck"",""dist_m"":40.048,""speed_mps"":null,""motion"":""unknown""}]",frame_000190
"{""cam"":true,""radar"":true,""gnss"":true,""imu"":true,""lidar"":true}",165400525,3.5,168.7,14,7.5,"{""vehicle"":3,""person"":0,""cyclist"":0}",FALSE,"{""heading_deg"":225.22036523929296,""speed_mps"":1.278295620385738,""accelerating"":true,""braking"":false,""turning_left"":false,""turning_right"":false,""world_x"":-83.6125717163086,""world_y"":-49.50666046142578}","{""front"":{""boxes"":[]},""left"":{""boxes"":[]},""rear"":{""boxes"":[{""id"":""R_324"",""cls"":""car"",""conf"":0.69091796875,""box"":[0.5656089673467575,0.5076693489860651,0.026353240888516094,0.0215200106374492]},{""id"":""R_462"",""cls"":""bench"",""conf"":0.57958984375,""box"":[0.264339086243688,0.5502340801690051,0.04127379601922403,0.03963349072497883]},{""id"":""R_463"",""cls"":""bus"",""conf"":0.642578125,""box"":[0.45379484612234294,0.5186629243705985,0.034499802623084094,0.0422230233904297]}]},""right"":{""boxes"":[{""id"":""RT_461"",""cls"":""bench"",""conf"":0.91796875,""box"":[0.6385388868065132,0.6122355762411987,0.12058820292213195,0.09176890033508632]},{""id"":""RT_464"",""cls"":""car"",""conf"":0.89404296875,""box"":[0.1480877299972242,0.554786100078441,0.0977341207938783,0.05535574377076102]}]}}","[{""id"":""R_463"",""cls"":""truck"",""x"":-39.81690216064453,""y"":3.1534008979797363,""distance"":39.98351974487305},{""id"":""R_463"",""cls"":""truck"",""x"":-39.81690216064453,""y"":3.1534008979797363,""distance"":39.98351974487305},{""id"":""RT_464"",""cls"":""vehicle"",""x"":13.070331573486328,""y"":18.6588077545166,""distance"":22.948641777038574}]","[{""id"":""RT_464"",""cls"":""vehicle"",""label"":""Car"",""dist_m"":22.949,""speed_mps"":1.186,""motion"":""receding""},{""id"":""R_463"",""cls"":""truck"",""label"":""Truck"",""dist_m"":39.984,""speed_mps"":0.223,""motion"":""receding""},{""id"":""R_463"",""cls"":""truck"",""label"":""Truck"",""dist_m"":39.984,""speed_mps"":null,""motion"":""unknown""}]",frame_000191
"{""cam"":true,""radar"":true,""gnss"":true,""imu"":true,""lidar"":true}",498673773,3.4,152.3,14,7.7,"{""vehicle"":3,""person"":0,""cyclist"":0}",FALSE,"{""heading_deg"":225.33967498371473,""speed_mps"":1.4421205366244851,""accelerating"":true,""braking"":false,""turning_left"":false,""turning_right"":false,""world_x"":-83.95696258544922,""world_y"":-49.8419075012207}","{""front"":{""boxes"":[]},""left"":{""boxes"":[]},""rear"":{""boxes"":[{""id"":""R_324"",""cls"":""car"",""conf"":0.385009765625,""box"":[0.5633657233977577,0.5080883603318246,0.026282503613598074,0.02169050935400545]},{""id"":""R_462"",""cls"":""bench"",""conf"":0.60009765625,""box"":[0.2673997142423144,0.5489997046784628,0.03991308521218562,0.038549846710494745]},{""id"":""R_463"",""cls"":""bus"",""conf"":0.67236328125,""box"":[0.4522459943790117,0.5182095255622646,0.03395795998510849,0.04156278264793549]}]},""right"":{""boxes"":[{""id"":""RT_461"",""cls"":""bench"",""conf"":0.91943359375,""box"":[0.6579959898798042,0.6111950323516173,0.1207510332052352,0.09134290182391057]},{""id"":""RT_464"",""cls"":""car"",""conf"":0.92578125,""box"":[0.15326715801723378,0.5555621482206571,0.09919236191850542,0.055370068110868274]}]}}","[{""id"":""R_463"",""cls"":""truck"",""x"":-39.75082015991211,""y"":3.8677196502685547,""distance"":39.94649467468262},{""id"":""R_324"",""cls"":""vehicle"",""x"":-32.00863265991211,""y"":-4.631518363952637,""distance"":32.342263793945314},{""id"":""RT_464"",""cls"":""vehicle"",""x"":12.44969654083252,""y"":18.72271156311035,""distance"":22.786942291259766}]","[{""id"":""RT_464"",""cls"":""vehicle"",""label"":""Car"",""dist_m"":22.787,""speed_mps"":1.862,""motion"":""approaching""},{""id"":""R_324"",""cls"":""vehicle"",""label"":""Car"",""dist_m"":32.342,""speed_mps"":1.279,""motion"":""approaching""},{""id"":""R_463"",""cls"":""truck"",""label"":""Truck"",""dist_m"":39.946,""speed_mps"":0.198,""motion"":""stationary""}]",frame_000192
"{""cam"":true,""radar"":true,""gnss"":true,""imu"":true,""lidar"":true}",832040886,3.4,166.6,14,7,"{""vehicle"":4,""person"":0,""cyclist"":0}",FALSE,"{""heading_deg"":225.4145475173964,""speed_mps"":1.5834904948567594,""accelerating"":true,""braking"":false,""turning_left"":false,""turning_right"":false,""world_x"":-84.33512115478516,""world_y"":-50.21022415161133}","{""front"":{""boxes"":[]},""left"":{""boxes"":[]},""rear"":{""boxes"":[{""id"":""R_324"",""cls"":""car"",""conf"":0.63330078125,""box"":[0.5616647663673628,0.5080702234309857,0.026290332532353754,0.02210515229694021]},{""id"":""R_462"",""cls"":""bench"",""conf"":0.42431640625,""box"":[0.26912326265267306,0.5475372450629251,0.03857582269143438,0.038206347208025446]},{""id"":""R_463"",""cls"":""bus"",""conf"":0.49609375,""box"":[0.45062955218842315,0.5180369379834268,0.03437619747153695,0.04199829391506628]}]},""right"":{""boxes"":[{""id"":""RT_461"",""cls"":""bench"",""conf"":0.92431640625,""box"":[0.6800999269371493,0.6108025790778436,0.12052711107665734,0.09049356724275756]},{""id"":""RT_464"",""cls"":""car"",""conf"":0.93408203125,""box"":[0.15882541878550882,0.5575425114838995,0.10361121727839939,0.05649954747391419]}]}}","[{""id"":""R_463"",""cls"":""truck"",""x"":-39.75355529785156,""y"":3.435976505279541,""distance"":39.9094841003418},{""id"":""R_463"",""cls"":""truck"",""x"":-39.75355529785156,""y"":3.435976505279541,""distance"":39.9094841003418},{""id"":""R_463"",""cls"":""vehicle"",""x"":-39.75355529785156,""y"":3.435976505279541,""distance"":39.9094841003418},{""id"":""RT_464"",""cls"":""vehicle"",""x"":12.34658145904541,""y"":18.474361419677734,""distance"":22.365808486938477}]","[{""id"":""RT_464"",""cls"":""vehicle"",""label"":""Car"",""dist_m"":22.366,""speed_mps"":0.309,""motion"":""approaching""},{""id"":""R_463"",""cls"":""truck"",""label"":""Truck"",""dist_m"":39.909,""speed_mps"":0.008,""motion"":""stationary""},{""id"":""R_463"",""cls"":""truck"",""label"":""Truck"",""dist_m"":39.909,""speed_mps"":null,""motion"":""unknown""},{""id"":""R_463"",""cls"":""vehicle"",""label"":""Car"",""dist_m"":39.909,""speed_mps"":null,""motion"":""unknown""}]",frame_000193
"{""cam"":true,""radar"":true,""gnss"":true,""imu"":true,""lidar"":true}",165363725,3.4,197.2,17,8.3,"{""vehicle"":2,""person"":0,""cyclist"":0}",FALSE,"{""heading_deg"":225.47278171025994,""speed_mps"":1.640919761554957,""accelerating"":false,""braking"":false,""turning_left"":false,""turning_right"":false,""world_x"":-84.72696685791016,""world_y"":-50.59182357788086}","{""front"":{""boxes"":[]},""left"":{""boxes"":[]},""rear"":{""boxes"":[{""id"":""R_324"",""cls"":""car"",""conf"":0.5908203125,""box"":[0.5604203212601396,0.5078923606657189,0.026273405091993763,0.022608503205321522]},{""id"":""R_462"",""cls"":""bench"",""conf"":0.42822265625,""box"":[0.27224799371332314,0.5465263932806206,0.03725574047256699,0.03776794805041342]},{""id"":""R_463"",""cls"":""bus"",""conf"":0.36474609375,""box"":[0.44991211606299775,0.5178023101377128,0.03435881122644524,0.041814637092653054]}]},""right"":{""boxes"":[{""id"":""RT_461"",""cls"":""bench"",""conf"":0.92431640625,""box"":[0.7048743070666912,0.6108338084761171,0.12059855887621244,0.08983177876463747]},{""id"":""RT_464"",""cls"":""car"",""conf"":0.9384765625,""box"":[0.1579656333806753,0.5587342499567133,0.10898094941147,0.05797161180887347]}]}}","[{""id"":""R_463"",""cls"":""truck"",""x"":-39.77872848510742,""y"":3.150343656539917,""distance"":39.97465782165527},{""id"":""RT_464"",""cls"":""vehicle"",""x"":12.276351928710938,""y"":17.983299255371094,""distance"":22.0397891998291}]","[{""id"":""RT_464"",""cls"":""vehicle"",""label"":""Car"",""dist_m"":22.04,""speed_mps"":0.211,""motion"":""approaching""},{""id"":""R_463"",""cls"":""truck"",""label"":""Truck"",""dist_m"":39.975,""speed_mps"":0.076,""motion"":""stationary""}]",frame_000194
"{""cam"":true,""radar"":true,""gnss"":true,""imu"":true,""lidar"":true}",498653105,3.3,189.9,17,6.8,"{""vehicle"":2,""person"":0,""cyclist"":0}",FALSE,"{""heading_deg"":225.49589507041128,""speed_mps"":1.7408426251343965,""accelerating"":true,""braking"":false,""turning_left"":false,""turning_right"":false,""world_x"":-85.14232635498047,""world_y"":-50.99693298339844}","{""front"":{""boxes"":[]},""left"":{""boxes"":[]},""rear"":{""boxes"":[{""id"":""R_324"",""cls"":""car"",""conf"":0.6533203125,""box"":[0.5592190103887902,0.50782601897488,0.025788050981786624,0.022801627276465612]},{""id"":""R_462"",""cls"":""bench"",""conf"":0.2705078125,""box"":[0.27667286883319697,0.5449728048290948,0.035895218412667254,0.03729525944072994]},{""id"":""R_463"",""cls"":""bus"",""conf"":0.73583984375,""box"":[0.44966083482848224,0.5177153882614574,0.03434690536018579,0.041740599744208025]}]},""right"":{""boxes"":[{""id"":""RT_461"",""cls"":""bench"",""conf"":0.93212890625,""box"":[0.7313907751856613,0.6111981067162932,0.12294397336957905,0.09097498810462999]},{""id"":""RT_464"",""cls"":""car"",""conf"":0.93115234375,""box"":[0.1545921882238537,0.5592948043430678,0.11373902625044781,0.058824180871376974]}]}}","[{""id"":""R_463"",""cls"":""truck"",""x"":-39.77796936035156,""y"":3.870371103286743,""distance"":39.97505569458008},{""id"":""RT_464"",""cls"":""vehicle"",""x"":11.946720123291016,""y"":17.632335662841797,""distance"":21.44923553466797}]","[{""id"":""RT_464"",""cls"":""vehicle"",""label"":""Car"",""dist_m"":21.449,""speed_mps"":0.989,""motion"":""approaching""},{""id"":""R_463"",""cls"":""truck"",""label"":""Truck"",""dist_m"":39.975,""speed_mps"":0.002,""motion"":""stationary""}]",frame_000195
"{""cam"":true,""radar"":true,""gnss"":true,""imu"":true,""lidar"":true}",831996752,3.3,197.5,17,10.6,"{""vehicle"":4,""person"":0,""cyclist"":0}",FALSE,"{""heading_deg"":225.4749400500377,""speed_mps"":1.8977846702485581,""accelerating"":true,""braking"":false,""turning_left"":false,""turning_right"":false,""world_x"":-85.59493255615234,""world_y"":-51.43891525268555}","{""front"":{""boxes"":[]},""left"":{""boxes"":[]},""rear"":{""boxes"":[{""id"":""R_324"",""cls"":""car"",""conf"":0.556640625,""box"":[0.5618878369915037,0.5078022894276003,0.026267645422631426,0.022876422334911103]},{""id"":""R_463"",""cls"":""bus"",""conf"":0.70263671875,""box"":[0.44945719405718093,0.5180300730872552,0.034402750887299674,0.04171009780870705]}]},""right"":{""boxes"":[{""id"":""RT_461"",""cls"":""bench"",""conf"":0.9228515625,""box"":[0.7598791450867223,0.6111664678128059,0.12398032690270613,0.09106345518580548]},{""id"":""RT_464"",""cls"":""car"",""conf"":0.93310546875,""box"":[0.1518267203267824,0.5606958064252975,0.11969039374604643,0.060163125571961726]}]}}","[{""id"":""R_463"",""cls"":""truck"",""x"":-39.85769271850586,""y"":3.5892820358276367,""distance"":40.02752685546875},{""id"":""R_324"",""cls"":""vehicle"",""x"":-34.31454849243164,""y"":-4.46279764175415,""distance"":34.60685729980469},{""id"":""R_324"",""cls"":""vehicle"",""x"":-34.31454849243164,""y"":-4.46279764175415,""distance"":34.60685729980469},{""id"":""RT_464"",""cls"":""vehicle"",""x"":11.308900833129883,""y"":17.576641082763672,""distance"":21.038511276245117}]","[{""id"":""RT_464"",""cls"":""vehicle"",""label"":""Car"",""dist_m"":21.039,""speed_mps"":1.913,""motion"":""approaching""},{""id"":""R_324"",""cls"":""vehicle"",""label"":""Car"",""dist_m"":34.607,""speed_mps"":1.729,""motion"":""approaching""},{""id"":""R_324"",""cls"":""vehicle"",""label"":""Car"",""dist_m"":34.607,""speed_mps"":null,""motion"":""unknown""},{""id"":""R_463"",""cls"":""truck"",""label"":""Truck"",""dist_m"":40.028,""speed_mps"":0.239,""motion"":""approaching""}]",frame_000196
"{""cam"":true,""radar"":true,""gnss"":true,""imu"":true,""lidar"":true}",165331324,3.2,188.9,16,8.6,"{""vehicle"":2,""person"":0,""cyclist"":0}",FALSE,"{""heading_deg"":225.44220978353496,""speed_mps"":2.0518052266385904,""accelerating"":true,""braking"":false,""turning_left"":false,""turning_right"":false,""world_x"":-86.0837173461914,""world_y"":-51.91730880737305}","{""front"":{""boxes"":[]},""left"":{""boxes"":[]},""rear"":{""boxes"":[{""id"":""R_324"",""cls"":""car"",""conf"":0.32763671875,""box"":[0.5628151179459552,0.507451923683018,0.02662105732675881,0.022904901300769845]},{""id"":""R_463"",""cls"":""bus"",""conf"":0.58154296875,""box"":[0.44952859474965956,0.5178067558452348,0.034501797241715246,0.04169658187485658]}]},""right"":{""boxes"":[{""id"":""RT_461"",""cls"":""bench"",""conf"":0.91650390625,""box"":[0.791092356511367,0.6109860884810683,0.1247581883356637,0.0907556774858764]},{""id"":""RT_464"",""cls"":""car"",""conf"":0.935546875,""box"":[0.15030873084592933,0.5620508197475669,0.12622019501224302,0.06167309331240413]}]}}","[{""id"":""R_463"",""cls"":""truck"",""x"":-39.97871017456055,""y"":3.238525390625,""distance"":40.145250701904295},{""id"":""RT_464"",""cls"":""vehicle"",""x"":11.053975105285645,""y"":17.236190795898438,""distance"":20.592966079711914}]","[{""id"":""RT_464"",""cls"":""vehicle"",""label"":""Car"",""dist_m"":20.593,""speed_mps"":0.765,""motion"":""approaching""},{""id"":""R_463"",""cls"":""truck"",""label"":""Truck"",""dist_m"":40.145,""speed_mps"":0.363,""motion"":""approaching""}]",frame_000197
"{""cam"":true,""radar"":true,""gnss"":true,""imu"":true,""lidar"":true}",498662230,3.3,219.7,16,8.5,"{""vehicle"":2,""person"":0,""cyclist"":0}",FALSE,"{""heading_deg"":225.38670766633942,""speed_mps"":2.2048782947604986,""accelerating"":true,""braking"":false,""turning_left"":false,""turning_right"":false,""world_x"":-86.60840606689453,""world_y"":-52.43195343017578}","{""front"":{""boxes"":[]},""left"":{""boxes"":[]},""rear"":{""boxes"":[{""id"":""R_324"",""cls"":""car"",""conf"":0.392333984375,""box"":[0.5630640415857674,0.507492609582014,0.02662256148132336,0.022572177927832785]},{""id"":""R_463"",""cls"":""bus"",""conf"":0.71533203125,""box"":[0.4502188125233264,0.5177238723679649,0.03399807032581466,0.0410010137103449]}]},""right"":{""boxes"":[{""id"":""RT_461"",""cls"":""bench"",""conf"":0.921875,""box"":[0.8253568019549047,0.6110937810776582,0.12799974205289716,0.09236545236071099]},{""id"":""RT_464"",""cls"":""car"",""conf"":0.931640625,""box"":[0.14880505963635046,0.5633855940346238,0.1331112730895188,0.0632418800215452]}]}}","[{""id"":""R_463"",""cls"":""truck"",""x"":-40.12358474731445,""y"":3.9040234088897705,""distance"":40.3362979888916},{""id"":""RT_464"",""cls"":""vehicle"",""x"":10.644423484802246,""y"":16.820096969604492,""distance"":20.173295974731445}]","[{""id"":""RT_464"",""cls"":""vehicle"",""label"":""Car"",""dist_m"":20.173,""speed_mps"":1.229,""motion"":""approaching""},{""id"":""R_463"",""cls"":""truck"",""label"":""Truck"",""dist_m"":40.336,""speed_mps"":0.435,""motion"":""approaching""}]",frame_000198
"{""cam"":true,""radar"":true,""gnss"":true,""imu"":true,""lidar"":true}",832005693,3.2,260.2,29,9,"{""vehicle"":2,""person"":0,""cyclist"":0}",FALSE,"{""heading_deg"":225.92353321434575,""speed_mps"":2.366661087842168,""accelerating"":true,""braking"":false,""turning_left"":false,""turning_right"":true,""world_x"":-87.17874908447266,""world_y"":-52.977012634277344}","{""front"":{""boxes"":[]},""left"":{""boxes"":[]},""rear"":{""boxes"":[{""id"":""R_324"",""cls"":""car"",""conf"":0.42431640625,""box"":[0.5631818487791964,0.5071656512704084,0.026748114051865723,0.022445656501080553]},{""id"":""R_463"",""cls"":""bus"",""conf"":0.6943359375,""box"":[0.45127785137509885,0.5178681642136068,0.034016767104565915,0.04108286979403921]}]},""right"":{""boxes"":[{""id"":""RT_461"",""cls"":""bench"",""conf"":0.9140625,""box"":[0.8622670541669928,0.611136885539776,0.1284220464215938,0.09160093592059594]},{""id"":""RT_464"",""cls"":""car"",""conf"":0.92236328125,""box"":[0.14741633850269048,0.5652238591232029,0.14211898449971136,0.06585555919483733]}]}}","[{""id"":""R_463"",""cls"":""truck"",""x"":-40.31795883178711,""y"":3.484755754470825,""distance"":40.48969841003418},{""id"":""RT_464"",""cls"":""vehicle"",""x"":11.116202354431152,""y"":15.585025787353516,""distance"":19.372856521606444}]","[{""id"":""RT_464"",""cls"":""vehicle"",""label"":""Car"",""dist_m"":19.373,""speed_mps"":1.415,""motion"":""receding""},{""id"":""R_463"",""cls"":""truck"",""label"":""Truck"",""dist_m"":40.49,""speed_mps"":0.583,""motion"":""approaching""}]",frame_000199
"{""cam"":true,""radar"":true,""gnss"":true,""imu"":true,""lidar"":true}",165324865,3.2,248.1,29,10.6,"{""vehicle"":4,""person"":0,""cyclist"":0}",FALSE,"{""heading_deg"":226.82420293943866,""speed_mps"":2.5275474556558386,""accelerating"":true,""braking"":false,""turning_left"":false,""turning_right"":true,""world_x"":-87.79914093017578,""world_y"":-53.547000885009766}","{""front"":{""boxes"":[]},""left"":{""boxes"":[]},""rear"":{""boxes"":[{""id"":""R_324"",""cls"":""car"",""conf"":0.77880859375,""box"":[0.5594880611025577,0.506355459657775,0.02768049864172273,0.023089929463136667]},{""id"":""R_463"",""cls"":""bus"",""conf"":0.552734375,""box"":[0.44857588014233263,0.5180959956184403,0.03382716786051256,0.04076975755068908]}]},""right"":{""boxes"":[{""id"":""RT_461"",""cls"":""bench"",""conf"":0.8798828125,""box"":[0.8967106736225471,0.6102951885826122,0.12889372511388028,0.09095907630005289]},{""id"":""RT_464"",""cls"":""car"",""conf"":0.935546875,""box"":[0.14185767799676713,0.5677524441194367,0.1503001782891864,0.06783533099798819]}]}}","[{""id"":""R_324"",""cls"":""vehicle"",""x"":-37.464012145996094,""y"":-3.645331859588623,""distance"":37.662801361083986},{""id"":""R_463"",""cls"":""truck"",""x"":-40.565879821777344,""y"":4.462648868560791,""distance"":40.83016738891602},{""id"":""R_463"",""cls"":""truck"",""x"":-40.565879821777344,""y"":4.462648868560791,""distance"":40.83016738891602},{""id"":""RT_464"",""cls"":""vehicle"",""x"":10.563718795776367,""y"":15.359347343444824,""distance"":18.91994972229004}]","[{""id"":""RT_464"",""cls"":""vehicle"",""label"":""Car"",""dist_m"":18.92,""speed_mps"":1.658,""motion"":""approaching""},{""id"":""R_324"",""cls"":""vehicle"",""label"":""Car"",""dist_m"":37.663,""speed_mps"":2.362,""motion"":""approaching""},{""id"":""R_463"",""cls"":""truck"",""label"":""Truck"",""dist_m"":40.83,""speed_mps"":0.744,""motion"":""approaching""},{""id"":""R_463"",""cls"":""truck"",""label"":""Truck"",""dist_m"":40.83,""speed_mps"":null,""motion"":""unknown""}]",frame_000200
"{""cam"":true,""radar"":true,""gnss"":true,""imu"":true,""lidar"":true}",498706738,3.2,167,29,8.2,"{""vehicle"":4,""person"":0,""cyclist"":0}",FALSE,"{""heading_deg"":227.80093365112884,""speed_mps"":2.687519532576941,""accelerating"":true,""braking"":false,""turning_left"":false,""turning_right"":true,""world_x"":-88.4684829711914,""world_y"":-54.14260482788086}","{""front"":{""boxes"":[]},""left"":{""boxes"":[]},""rear"":{""boxes"":[{""id"":""R_324"",""cls"":""car"",""conf"":0.74462890625,""box"":[0.5525056920595306,0.5058867894035962,0.027696479379878357,0.022989228321318635]},{""id"":""R_463"",""cls"":""bus"",""conf"":0.615234375,""box"":[0.4428939786712155,0.5178372894919977,0.033719598901048545,0.040653002983969226]}]},""right"":{""boxes"":[{""id"":""RT_461"",""cls"":""bench"",""conf"":0.91650390625,""box"":[0.9268427307811862,0.609291110489877,0.1296403552913203,0.09071747013691554]},{""id"":""RT_464"",""cls"":""car"",""conf"":0.92529296875,""box"":[0.13271812869193472,0.5708875849127428,0.16084547679474814,0.07092186507202373]}]}}","[{""id"":""R_324"",""cls"":""vehicle"",""x"":-38.421756744384766,""y"":-3.0429883003234863,""distance"":38.549252319335935},{""id"":""R_463"",""cls"":""truck"",""x"":-40.87745666503906,""y"":5.465646743774414,""distance"":41.25656433105469},{""id"":""R_463"",""cls"":""truck"",""x"":-40.87745666503906,""y"":5.465646743774414,""distance"":41.25656433105469},{""id"":""RT_464"",""cls"":""vehicle"",""x"":10.029932022094727,""y"":15.177803039550781,""distance"":18.396147155761717}]","[{""id"":""RT_464"",""cls"":""vehicle"",""label"":""Car"",""dist_m"":18.396,""speed_mps"":1.601,""motion"":""approaching""},{""id"":""R_324"",""cls"":""vehicle"",""label"":""Car"",""dist_m"":38.549,""speed_mps"":2.873,""motion"":""approaching""},{""id"":""R_463"",""cls"":""truck"",""label"":""Truck"",""dist_m"":41.257,""speed_mps"":0.935,""motion"":""approaching""},{""id"":""R_463"",""cls"":""truck"",""label"":""Truck"",""dist_m"":41.257,""speed_mps"":null,""motion"":""unknown""}]",frame_000201
"{""cam"":true,""radar"":true,""gnss"":true,""imu"":true,""lidar"":true}",832014360,3.3,148.7,29,8.8,"{""vehicle"":3,""person"":0,""cyclist"":0}",FALSE,"{""heading_deg"":228.8174297241668,""speed_mps"":2.8495521794458196,""accelerating"":true,""braking"":false,""turning_left"":false,""turning_right"":true,""world_x"":-89.18805694580078,""world_y"":-54.762516021728516}","{""front"":{""boxes"":[]},""left"":{""boxes"":[]},""rear"":{""boxes"":[{""id"":""R_324"",""cls"":""car"",""conf"":0.67724609375,""box"":[0.5436639935083672,0.5064010887715974,0.02919110670660636,0.024323231436367544]},{""id"":""R_463"",""cls"":""bus"",""conf"":0.81640625,""box"":[0.43547354924487314,0.5177407364032192,0.03363871415784825,0.04061164763186677]}]},""right"":{""boxes"":[{""id"":""RT_461"",""cls"":""bench"",""conf"":0.91357421875,""box"":[0.9467706065124435,0.6075411645930036,0.12604842043452164,0.08924991401632122]},{""id"":""RT_464"",""cls"":""car"",""conf"":0.91650390625,""box"":[0.12415150724601305,0.5744037922042663,0.17173674586578552,0.07408447558211115]}]}}","[{""id"":""R_463"",""cls"":""truck"",""x"":-41.20821762084961,""y"":6.568456649780273,""distance"":41.74785537719727},{""id"":""R_324"",""cls"":""vehicle"",""x"":-39.436317443847656,""y"":-2.2692577838897705,""distance"":39.50534439086914},{""id"":""RT_464"",""cls"":""vehicle"",""x"":9.533669471740723,""y"":14.633793830871582,""distance"":17.621229934692384}]","[{""id"":""RT_464"",""cls"":""vehicle"",""label"":""Car"",""dist_m"":17.621,""speed_mps"":1.489,""motion"":""approaching""},{""id"":""R_324"",""cls"":""vehicle"",""label"":""Car"",""dist_m"":39.505,""speed_mps"":3.044,""motion"":""approaching""},{""id"":""R_463"",""cls"":""truck"",""label"":""Truck"",""dist_m"":41.748,""speed_mps"":0.992,""motion"":""approaching""}]",frame_000202
"{""cam"":true,""radar"":true,""gnss"":true,""imu"":true,""lidar"":true}",165359015,3.2,161.5,22,4.3,"{""vehicle"":3,""person"":0,""cyclist"":0}",FALSE,"{""heading_deg"":229.4164646351336,""speed_mps"":2.9884561659737265,""accelerating"":true,""braking"":false,""turning_left"":false,""turning_right"":false,""world_x"":-89.94806671142578,""world_y"":-55.40654373168945}","{""front"":{""boxes"":[]},""left"":{""boxes"":[]},""rear"":{""boxes"":[{""id"":""R_324"",""cls"":""car"",""conf"":0.69580078125,""box"":[0.5346122989208026,0.5060911448008288,0.02941054946635626,0.024481718148338417]},{""id"":""R_463"",""cls"":""bus"",""conf"":0.57177734375,""box"":[0.42703623853339356,0.5177057938386386,0.03317027859941986,0.039908248621569345]}]},""right"":{""boxes"":[{""id"":""RT_461"",""cls"":""bench"",""conf"":0.908203125,""box"":[0.9630596989040912,0.6061981976539624,0.12024224072955433,0.08800651350995696]},{""id"":""RT_464"",""cls"":""car"",""conf"":0.91064453125,""box"":[0.12311537642874577,0.5772347641831532,0.18182130588715023,0.07694273407450312]}]}}","[{""id"":""R_463"",""cls"":""truck"",""x"":-41.67376708984375,""y"":6.182900428771973,""distance"":42.134132385253906},{""id"":""R_463"",""cls"":""truck"",""x"":-41.67376708984375,""y"":6.182900428771973,""distance"":42.134132385253906},{""id"":""RT_464"",""cls"":""vehicle"",""x"":8.995061874389648,""y"":14.340947151184082,""distance"":17.068681716918945}]","[{""id"":""RT_464"",""cls"":""vehicle"",""label"":""Car"",""dist_m"":17.069,""speed_mps"":1.616,""motion"":""approaching""},{""id"":""R_463"",""cls"":""truck"",""label"":""Truck"",""dist_m"":42.134,""speed_mps"":1.397,""motion"":""approaching""},{""id"":""R_463"",""cls"":""truck"",""label"":""Truck"",""dist_m"":42.134,""speed_mps"":null,""motion"":""unknown""}]",frame_000203
"{""cam"":true,""radar"":true,""gnss"":true,""imu"":true,""lidar"":true}",498646745,3.3,164.8,22,10.9,"{""vehicle"":4,""person"":0,""cyclist"":0}",FALSE,"{""heading_deg"":229.73800262050113,""speed_mps"":2.9863523045117355,""accelerating"":false,""braking"":false,""turning_left"":false,""turning_right"":false,""world_x"":-90.70946502685547,""world_y"":-56.047576904296875}","{""front"":{""boxes"":[]},""left"":{""boxes"":[]},""rear"":{""boxes"":[{""id"":""R_324"",""cls"":""car"",""conf"":0.7373046875,""box"":[0.5270689042410016,0.5056349598152811,0.028808223401539303,0.02385696645182982]},{""id"":""R_463"",""cls"":""bus"",""conf"":0.59814453125,""box"":[0.4215871381530466,0.517694379895964,0.03305505272956814,0.039645909512007194]}]},""right"":{""boxes"":[{""id"":""RT_461"",""cls"":""bench"",""conf"":0.72314453125,""box"":[0.980641727669342,0.6048459284925155,0.10961130101176053,0.08512151160682156]},{""id"":""RT_464"",""cls"":""car"",""conf"":0.9150390625,""box"":[0.135784258401794,0.5791269638290454,0.1895740150217478,0.07901295742127097]}]}}","[{""id"":""R_324"",""cls"":""vehicle"",""x"":-41.4621467590332,""y"":-1.6393505334854126,""distance"":41.49486961364746},{""id"":""R_463"",""cls"":""truck"",""x"":-42.13544464111328,""y"":6.561777114868164,""distance"":42.707173919677736},{""id"":""R_463"",""cls"":""truck"",""x"":-42.13544464111328,""y"":6.561777114868164,""distance"":42.707173919677736},{""id"":""RT_464"",""cls"":""vehicle"",""x"":8.050816535949707,""y"":14.337983131408691,""distance"":16.61881160736084}]","[{""id"":""RT_464"",""cls"":""vehicle"",""label"":""Car"",""dist_m"":16.619,""speed_mps"":2.833,""motion"":""approaching""},{""id"":""R_324"",""cls"":""vehicle"",""label"":""Car"",""dist_m"":41.495,""speed_mps"":3.039,""motion"":""approaching""},{""id"":""R_463"",""cls"":""truck"",""label"":""Truck"",""dist_m"":42.707,""speed_mps"":1.385,""motion"":""approaching""},{""id"":""R_463"",""cls"":""truck"",""label"":""Truck"",""dist_m"":42.707,""speed_mps"":null,""motion"":""unknown""}]",frame_000204
"{""cam"":true,""radar"":true,""gnss"":true,""imu"":true,""lidar"":true}",832078484,3.2,162.9,13,4.9,"{""vehicle"":4,""person"":0,""cyclist"":0}",FALSE,"{""heading_deg"":230.0921889101013,""speed_mps"":2.866295403549768,""accelerating"":false,""braking"":true,""turning_left"":false,""turning_right"":false,""world_x"":-91.44454193115234,""world_y"":-56.658355712890625}","{""front"":{""boxes"":[]},""left"":{""boxes"":[]},""rear"":{""boxes"":[{""id"":""R_324"",""cls"":""car"",""conf"":0.71533203125,""box"":[0.5226139332318205,0.5063274715790516,0.028172002741964786,0.02326278806774417]},{""id"":""R_463"",""cls"":""bus"",""conf"":0.56787109375,""box"":[0.4184884342174896,0.5173448641301871,0.03303409531075907,0.039553658164279186]},{""id"":""R_465"",""cls"":""bench"",""conf"":0.81884765625,""box"":[0.0469580078125,0.59328125,0.09435338587194056,0.08093750000000005]}]},""right"":{""boxes"":[{""id"":""RT_464"",""cls"":""car"",""conf"":0.53515625,""box"":[0.1573164307376053,0.5796436306611713,0.1958619080196244,0.08076787296277542]}]}}","[{""id"":""R_463"",""cls"":""truck"",""x"":-42.53753662109375,""y"":6.780278205871582,""distance"":43.082890319824216},{""id"":""R_463"",""cls"":""truck"",""x"":-42.53753662109375,""y"":6.780278205871582,""distance"":43.082890319824216},{""id"":""RT_464"",""cls"":""vehicle"",""x"":6.923872947692871,""y"":14.439719200134277,""distance"":16.136379051208497},{""id"":""RT_464"",""cls"":""vehicle"",""x"":6.923872947692871,""y"":14.439719200134277,""distance"":16.136379051208497}]","[{""id"":""RT_464"",""cls"":""vehicle"",""label"":""Car"",""dist_m"":16.136,""speed_mps"":3.38,""motion"":""approaching""},{""id"":""RT_464"",""cls"":""vehicle"",""label"":""Car"",""dist_m"":16.136,""speed_mps"":null,""motion"":""unknown""},{""id"":""R_463"",""cls"":""truck"",""label"":""Truck"",""dist_m"":43.083,""speed_mps"":1.206,""motion"":""approaching""},{""id"":""R_463"",""cls"":""truck"",""label"":""Truck"",""dist_m"":43.083,""speed_mps"":null,""motion"":""unknown""}]",frame_000205
"{""cam"":true,""radar"":true,""gnss"":true,""imu"":true,""lidar"":true}",165333489,3.2,227.4,13,7.9,"{""vehicle"":4,""person"":0,""cyclist"":0}",FALSE,"{""heading_deg"":230.48131844749528,""speed_mps"":2.704075160988229,""accelerating"":false,""braking"":true,""turning_left"":false,""turning_right"":false,""world_x"":-92.14212799072266,""world_y"":-57.22882843017578}","{""front"":{""boxes"":[]},""left"":{""boxes"":[]},""rear"":{""boxes"":[{""id"":""R_324"",""cls"":""car"",""conf"":0.7373046875,""box"":[0.5188712546595537,0.5069406043707254,0.027293531643433865,0.022343621892416305]},{""id"":""R_463"",""cls"":""bus"",""conf"":0.55078125,""box"":[0.41653088380921377,0.5173890939054159,0.03270179687888293,0.039178783554546355]},{""id"":""R_465"",""cls"":""bench"",""conf"":0.87255859375,""box"":[0.0688939118505318,0.5897786200709583,0.09258605204966328,0.07933212794918916]}]},""right"":{""boxes"":[{""id"":""RT_464"",""cls"":""car"",""conf"":0.90966796875,""box"":[0.1814990307430528,0.579950685046798,0.19954638008862036,0.08172892065556117]}]}}","[{""id"":""R_324"",""cls"":""vehicle"",""x"":-43.34466552734375,""y"":-1.0902831554412842,""distance"":43.358672332763675},{""id"":""R_463"",""cls"":""truck"",""x"":-42.92903137207031,""y"":6.526791572570801,""distance"":43.45827445983887},{""id"":""R_463"",""cls"":""truck"",""x"":-42.92903137207031,""y"":6.526791572570801,""distance"":43.45827445983887},{""id"":""RT_464"",""cls"":""vehicle"",""x"":7.225718021392822,""y"":13.482760429382324,""distance"":15.547244644165039}]","[{""id"":""RT_464"",""cls"":""vehicle"",""label"":""Car"",""dist_m"":15.547,""speed_mps"":0.906,""motion"":""receding""},{""id"":""R_324"",""cls"":""vehicle"",""label"":""Car"",""dist_m"":43.359,""speed_mps"":2.824,""motion"":""approaching""},{""id"":""R_463"",""cls"":""truck"",""label"":""Truck"",""dist_m"":43.458,""speed_mps"":1.175,""motion"":""approaching""},{""id"":""R_463"",""cls"":""truck"",""label"":""Truck"",""dist_m"":43.458,""speed_mps"":null,""motion"":""unknown""}]",frame_000206
"{""cam"":true,""radar"":true,""gnss"":true,""imu"":true,""lidar"":true}",498671270,3.2,159.1,13,9.8,"{""vehicle"":3,""person"":0,""cyclist"":0}",FALSE,"{""heading_deg"":230.61499890993076,""speed_mps"":2.5242425542871856,""accelerating"":false,""braking"":true,""turning_left"":false,""turning_right"":false,""world_x"":-92.79451751708984,""world_y"":-57.76022720336914}","{""front"":{""boxes"":[]},""left"":{""boxes"":[]},""rear"":{""boxes"":[{""id"":""R_324"",""cls"":""car"",""conf"":0.59814453125,""box"":[0.515138806949684,0.5073487640943222,0.026604495514205427,0.02164932701127119]},{""id"":""R_463"",""cls"":""bus"",""conf"":0.67724609375,""box"":[0.4145485457080687,0.517408618719008,0.0330146278022315,0.03973812555930323]},{""id"":""R_465"",""cls"":""bench"",""conf"":0.8662109375,""box"":[0.09377956545967496,0.5842150711443739,0.08761562127974228,0.07514356367429838]}]},""right"":{""boxes"":[{""id"":""RT_464"",""cls"":""car"",""conf"":0.94189453125,""box"":[0.2045056877779199,0.5806793601094513,0.2042300859957348,0.08338143125336614]}]}}","[{""id"":""R_463"",""cls"":""truck"",""x"":-43.15039825439453,""y"":7.355722427368164,""distance"":43.788509368896484},{""id"":""R_463"",""cls"":""truck"",""x"":-43.15039825439453,""y"":7.355722427368164,""distance"":43.788509368896484},{""id"":""RT_464"",""cls"":""vehicle"",""x"":6.01425313949585,""y"":13.70122241973877,""distance"":15.229985237121582}]","[{""id"":""RT_464"",""cls"":""vehicle"",""label"":""Car"",""dist_m"":15.23,""speed_mps"":3.634,""motion"":""approaching""},{""id"":""R_463"",""cls"":""truck"",""label"":""Truck"",""dist_m"":43.789,""speed_mps"":0.664,""motion"":""approaching""},{""id"":""R_463"",""cls"":""truck"",""label"":""Truck"",""dist_m"":43.789,""speed_mps"":null,""motion"":""unknown""}]",frame_000207
"{""cam"":true,""radar"":true,""gnss"":true,""imu"":true,""lidar"":true}",832039942,3.2,159.8,22,7.9,"{""vehicle"":4,""person"":0,""cyclist"":0}",FALSE,"{""heading_deg"":230.58978185151508,""speed_mps"":2.342936951859075,""accelerating"":false,""braking"":true,""turning_left"":false,""turning_right"":false,""world_x"":-93.39929962158203,""world_y"":-58.25448989868164}","{""front"":{""boxes"":[]},""left"":{""boxes"":[]},""rear"":{""boxes"":[{""id"":""R_324"",""cls"":""car"",""conf"":0.5078125,""box"":[0.5131240615071345,0.5073230220883744,0.026734542746416956,0.021749766339041916]},{""id"":""R_463"",""cls"":""bus"",""conf"":0.69580078125,""box"":[0.4137053863799848,0.5170737548773746,0.03246743094012174,0.0392625729580652]},{""id"":""R_465"",""cls"":""bench"",""conf"":0.806640625,""box"":[0.11804803484421363,0.5775939473074074,0.07833761447728257,0.06715513789434127]}]},""right"":{""boxes"":[{""id"":""RT_464"",""cls"":""car"",""conf"":0.935546875,""box"":[0.2266211667147425,0.5812473583318758,0.20465632857405405,0.08329778183054123]}]}}","[{""id"":""R_463"",""cls"":""truck"",""x"":-43.436824798583984,""y"":6.923627853393555,""distance"":43.99734878540039},{""id"":""R_324"",""cls"":""vehicle"",""x"":-44.99498748779297,""y"":-0.9700244069099426,""distance"":45.00562438964844},{""id"":""R_463"",""cls"":""truck"",""x"":-43.436824798583984,""y"":6.923627853393555,""distance"":43.99734878540039},{""id"":""RT_464"",""cls"":""vehicle"",""x"":5.0594024658203125,""y"":13.791338920593262,""distance"":14.947695541381837}]","[{""id"":""RT_464"",""cls"":""vehicle"",""label"":""Car"",""dist_m"":14.948,""speed_mps"":2.864,""motion"":""approaching""},{""id"":""R_463"",""cls"":""truck"",""label"":""Truck"",""dist_m"":43.997,""speed_mps"":0.859,""motion"":""approaching""},{""id"":""R_463"",""cls"":""truck"",""label"":""Truck"",""dist_m"":43.997,""speed_mps"":null,""motion"":""unknown""},{""id"":""R_324"",""cls"":""vehicle"",""label"":""Car"",""dist_m"":45.006,""speed_mps"":2.475,""motion"":""approaching""}]",frame_000208
"{""cam"":true,""radar"":true,""gnss"":true,""imu"":true,""lidar"":true}",165342980,3.2,158.5,22,5.8,"{""vehicle"":4,""person"":0,""cyclist"":0}",FALSE,"{""heading_deg"":230.37457625114632,""speed_mps"":2.165989556322538,""accelerating"":false,""braking"":true,""turning_left"":false,""turning_right"":false,""world_x"":-93.95594024658203,""world_y"":-58.714202880859375}","{""front"":{""boxes"":[]},""left"":{""boxes"":[]},""rear"":{""boxes"":[{""id"":""R_324"",""cls"":""car"",""conf"":0.55078125,""box"":[0.5124961860638072,0.5074861041492141,0.026425540054851294,0.021443659239129845]},{""id"":""R_463"",""cls"":""bus"",""conf"":0.5,""box"":[0.4145454442216966,0.5171219300934033,0.03193809626425046,0.03873927885914193]},{""id"":""R_465"",""cls"":""bench"",""conf"":0.81396484375,""box"":[0.1404640741076469,0.5717426626944083,0.07009097588303252,0.06000493111359641]}]},""right"":{""boxes"":[{""id"":""RT_464"",""cls"":""car"",""conf"":0.93115234375,""box"":[0.248580835943025,0.5817463816282706,0.20623717301330097,0.08386971947303223]}]}}","[{""id"":""R_324"",""cls"":""vehicle"",""x"":-45.69396209716797,""y"":-1.3136035203933716,""distance"":45.71311378479004},{""id"":""R_463"",""cls"":""truck"",""x"":-43.66181564331055,""y"":6.317641258239746,""distance"":44.1364330291748},{""id"":""R_463"",""cls"":""truck"",""x"":-43.66181564331055,""y"":6.317641258239746,""distance"":44.1364330291748},{""id"":""RT_464"",""cls"":""vehicle"",""x"":4.658623218536377,""y"":13.376411437988281,""distance"":14.505534553527832}]","[{""id"":""RT_464"",""cls"":""vehicle"",""label"":""Car"",""dist_m"":14.506,""speed_mps"":1.202,""motion"":""approaching""},{""id"":""R_463"",""cls"":""truck"",""label"":""Truck"",""dist_m"":44.136,""speed_mps"":0.675,""motion"":""approaching""},{""id"":""R_463"",""cls"":""truck"",""label"":""Truck"",""dist_m"":44.136,""speed_mps"":null,""motion"":""unknown""},{""id"":""R_324"",""cls"":""vehicle"",""label"":""Car"",""dist_m"":45.713,""speed_mps"":2.097,""motion"":""approaching""}]",frame_000209
"{""cam"":true,""radar"":true,""gnss"":true,""imu"":true,""lidar"":true}",498664078,3.1,166.5,22,9.2,"{""vehicle"":3,""person"":0,""cyclist"":0}",FALSE,"{""heading_deg"":230.06612490822855,""speed_mps"":1.995000715282,""accelerating"":false,""braking"":true,""turning_left"":false,""turning_right"":false,""world_x"":-94.46561431884766,""world_y"":-59.14131546020508}","{""front"":{""boxes"":[]},""left"":{""boxes"":[]},""rear"":{""boxes"":[{""id"":""R_324"",""cls"":""car"",""conf"":0.615234375,""box"":[0.5133261497528403,0.507371463990538,0.026683542321154708,0.021683341026860366]},{""id"":""R_463"",""cls"":""bus"",""conf"":0.56591796875,""box"":[0.4166514144190866,0.5173168615976157,0.03190340925361692,0.03889639982865146]},{""id"":""R_465"",""cls"":""bench"",""conf"":0.830078125,""box"":[0.1608079180077514,0.568238031592095,0.06592958471706463,0.05649035602742517]}]},""right"":{""boxes"":[{""id"":""RT_464"",""cls"":""car"",""conf"":0.93359375,""box"":[0.2696706042544686,0.5827355617475081,0.20871074566619133,0.08505100195855325]}]}}","[{""id"":""R_463"",""cls"":""truck"",""x"":-43.80152893066406,""y"":5.936689376831055,""distance"":44.212959671020506},{""id"":""R_463"",""cls"":""truck"",""x"":-43.80152893066406,""y"":5.936689376831055,""distance"":44.212959671020506},{""id"":""RT_464"",""cls"":""vehicle"",""x"":4.587148189544678,""y"":13.2908935546875,""distance"":14.505023765563966}]","[{""id"":""RT_464"",""cls"":""vehicle"",""label"":""Car"",""dist_m"":14.505,""speed_mps"":0.214,""motion"":""approaching""},{""id"":""R_463"",""cls"":""truck"",""label"":""Truck"",""dist_m"":44.213,""speed_mps"":0.419,""motion"":""approaching""},{""id"":""R_463"",""cls"":""truck"",""label"":""Truck"",""dist_m"":44.213,""speed_mps"":null,""motion"":""unknown""}]",frame_000210
"{""cam"":true,""radar"":true,""gnss"":true,""imu"":true,""lidar"":true}",831976466,3.1,165,12,6.9,"{""vehicle"":3,""person"":0,""cyclist"":0}",FALSE,"{""heading_deg"":230.15133834831363,""speed_mps"":1.6943383216035903,""accelerating"":false,""braking"":true,""turning_left"":false,""turning_right"":false,""world_x"":-94.90129852294922,""world_y"":-59.500640869140625}","{""front"":{""boxes"":[]},""left"":{""boxes"":[]},""rear"":{""boxes"":[{""id"":""R_324"",""cls"":""car"",""conf"":0.68408203125,""box"":[0.5156696765947008,0.5075006084108638,0.025636183623501018,0.020739502180357465]},{""id"":""R_463"",""cls"":""bus"",""conf"":0.4765625,""box"":[0.42008896886458186,0.5172185451172435,0.03156369548091522,0.03861500276542748]},{""id"":""R_465"",""cls"":""bench"",""conf"":0.83740234375,""box"":[0.1789312043625074,0.5646588288906585,0.06115554688756701,0.052525477164979746]}]},""right"":{""boxes"":[{""id"":""RT_464"",""cls"":""car"",""conf"":0.943359375,""box"":[0.28922592621127613,0.5835788361672215,0.2098218219394127,0.08579483796508629]}]}}","[{""id"":""R_463"",""cls"":""truck"",""x"":-43.670555114746094,""y"":6.960912704467773,""distance"":44.23411979675293},{""id"":""R_463"",""cls"":""truck"",""x"":-43.670555114746094,""y"":6.960912704467773,""distance"":44.23411979675293},{""id"":""RT_464"",""cls"":""vehicle"",""x"":3.846404790878296,""y"":13.002233505249023,""distance"":13.815883445739747}]","[{""id"":""RT_464"",""cls"":""vehicle"",""label"":""Car"",""dist_m"":13.816,""speed_mps"":2.222,""motion"":""approaching""},{""id"":""R_463"",""cls"":""truck"",""label"":""Truck"",""dist_m"":44.234,""speed_mps"":0.393,""motion"":""receding""},{""id"":""R_463"",""cls"":""truck"",""label"":""Truck"",""dist_m"":44.234,""speed_mps"":null,""motion"":""unknown""}]",frame_000211
"{""cam"":true,""radar"":true,""gnss"":true,""imu"":true,""lidar"":true}",165291147,3.1,262,12,9.3,"{""vehicle"":4,""person"":0,""cyclist"":0}",FALSE,"{""heading_deg"":230.36449489193137,""speed_mps"":0.930911723197687,""accelerating"":false,""braking"":true,""turning_left"":false,""turning_right"":false,""world_x"":-95.14336395263672,""world_y"":-59.694759368896484}","{""front"":{""boxes"":[]},""left"":{""boxes"":[]},""rear"":{""boxes"":[{""id"":""R_324"",""cls"":""car"",""conf"":0.5869140625,""box"":[0.5163148055749421,0.5079005562930704,0.02518830584232461,0.0203856373840748]},{""id"":""R_463"",""cls"":""truck"",""conf"":0.482421875,""box"":[0.4213186672247389,0.5178756911200709,0.03134633868969718,0.03851477508297971]},{""id"":""R_465"",""cls"":""bench"",""conf"":0.8232421875,""box"":[0.19131225190849016,0.5626014747862913,0.05899377622321855,0.050736308566344944]}]},""right"":{""boxes"":[{""id"":""RT_464"",""cls"":""car"",""conf"":0.9345703125,""box"":[0.3020333622858705,0.5853801266560691,0.21344099792855653,0.08772145628735638]}]}}","[{""id"":""R_324"",""cls"":""vehicle"",""x"":-47.22980499267578,""y"":-1.1880029439926147,""distance"":47.2492919921875},{""id"":""R_463"",""cls"":""truck"",""x"":-43.44980239868164,""y"":6.286952972412109,""distance"":43.90924224853516},{""id"":""R_463"",""cls"":""truck"",""x"":-43.44980239868164,""y"":6.286952972412109,""distance"":43.90924224853516},{""id"":""RT_464"",""cls"":""vehicle"",""x"":4.299632549285889,""y"":12.345490455627441,""distance"":13.391571521759033}]","[{""id"":""RT_464"",""cls"":""vehicle"",""label"":""Car"",""dist_m"":13.392,""speed_mps"":1.36,""motion"":""receding""},{""id"":""R_463"",""cls"":""truck"",""label"":""Truck"",""dist_m"":43.909,""speed_mps"":0.662,""motion"":""receding""},{""id"":""R_463"",""cls"":""truck"",""label"":""Truck"",""dist_m"":43.909,""speed_mps"":null,""motion"":""unknown""},{""id"":""R_324"",""cls"":""vehicle"",""label"":""Car"",""dist_m"":47.249,""speed_mps"":1.536,""motion"":""approaching""}]",frame_000212
"{""cam"":true,""radar"":true,""gnss"":true,""imu"":true,""lidar"":true}",498747577,3.1,189.4,23,9.4,"{""vehicle"":3,""person"":0,""cyclist"":0}",FALSE,"{""heading_deg"":230.41812553729432,""speed_mps"":0.17957110161602383,""accelerating"":false,""braking"":true,""turning_left"":false,""turning_right"":false,""world_x"":-95.19071197509766,""world_y"":-59.731414794921875}","{""front"":{""boxes"":[]},""left"":{""boxes"":[]},""rear"":{""boxes"":[{""id"":""R_324"",""cls"":""car"",""conf"":0.437744140625,""box"":[0.515302470669301,0.5085697824507066,0.02480743936104961,0.01991402836121381]},{""id"":""R_463"",""cls"":""bus"",""conf"":0.501953125,""box"":[0.42064843408710295,0.5188142138138974,0.0312351476674138,0.038483087861967746]},{""id"":""R_465"",""cls"":""bench"",""conf"":0.80078125,""box"":[0.19640751532120335,0.5626721483875892,0.05787415502761277,0.04995351489058138]}]},""right"":{""boxes"":[{""id"":""RT_464"",""cls"":""car"",""conf"":0.94140625,""box"":[0.3059986430542685,0.5865386100286548,0.2152424701157975,0.08875590030422487]}]}}","[{""id"":""R_463"",""cls"":""truck"",""x"":-42.926395416259766,""y"":6.684767723083496,""distance"":43.486446380615234},{""id"":""R_463"",""cls"":""truck"",""x"":-42.926395416259766,""y"":6.684767723083496,""distance"":43.486446380615234},{""id"":""RT_464"",""cls"":""vehicle"",""x"":4.271158218383789,""y"":12.277888298034668,""distance"":13.324318408966064}]","[{""id"":""RT_464"",""cls"":""vehicle"",""label"":""Car"",""dist_m"":13.324,""speed_mps"":0.085,""motion"":""stationary""},{""id"":""R_463"",""cls"":""truck"",""label"":""Truck"",""dist_m"":43.486,""speed_mps"":1.57,""motion"":""receding""},{""id"":""R_463"",""cls"":""truck"",""label"":""Truck"",""dist_m"":43.486,""speed_mps"":null,""motion"":""unknown""}]",frame_000213
"{""cam"":true,""radar"":true,""gnss"":true,""imu"":true,""lidar"":true}",832078599,3.1,184.3,23,8.8,"{""vehicle"":3,""person"":0,""cyclist"":0}",FALSE,"{""heading_deg"":230.41820749956435,""speed_mps"":0.00854242963915286,""accelerating"":false,""braking"":true,""turning_left"":false,""turning_right"":false,""world_x"":-95.18856048583984,""world_y"":-59.72959518432617}","{""front"":{""boxes"":[{""id"":""F_466"",""cls"":""car"",""conf"":0.57568359375,""box"":[0.16416992187499999,0.528125,0.046025886843140774,0.030625000000000034]}]},""left"":{""boxes"":[]},""rear"":{""boxes"":[{""id"":""R_324"",""cls"":""car"",""conf"":0.458984375,""box"":[0.5148701348674448,0.509163803373759,0.02474726144595376,0.019750099182784513]},{""id"":""R_463"",""cls"":""bus"",""conf"":0.541015625,""box"":[0.4197790120506749,0.5196820266868708,0.03143046000695149,0.038822251205763554]},{""id"":""R_465"",""cls"":""bench"",""conf"":0.73583984375,""box"":[0.1980449040855728,0.5626469711264742,0.05641656295096824,0.04872584000885437]}]},""right"":{""boxes"":[{""id"":""RT_464"",""cls"":""car"",""conf"":0.94189453125,""box"":[0.2989046515797725,0.5882915298667454,0.22027164344458433,0.091131770318736]}]}}","[{""id"":""R_463"",""cls"":""truck"",""x"":-42.52815246582031,""y"":6.778798580169678,""distance"":43.076416015625},{""id"":""R_463"",""cls"":""truck"",""x"":-42.52815246582031,""y"":6.778798580169678,""distance"":43.076416015625},{""id"":""RT_464"",""cls"":""vehicle"",""x"":4.465482234954834,""y"":12.026130676269531,""distance"":13.083101654052735}]","[{""id"":""RT_464"",""cls"":""vehicle"",""label"":""Car"",""dist_m"":13.083,""speed_mps"":0.583,""motion"":""receding""},{""id"":""R_463"",""cls"":""truck"",""label"":""Truck"",""dist_m"":43.076,""speed_mps"":1.195,""motion"":""receding""},{""id"":""R_463"",""cls"":""truck"",""label"":""Truck"",""dist_m"":43.076,""speed_mps"":null,""motion"":""unknown""}]",frame_000214
"{""cam"":true,""radar"":true,""gnss"":true,""imu"":true,""lidar"":true}",165329471,3.1,180.4,23,7.1,"{""vehicle"":5,""person"":0,""cyclist"":0}",FALSE,"{""heading_deg"":230.41823482032103,""speed_mps"":0.0074255807191711,""accelerating"":false,""braking"":false,""turning_left"":false,""turning_right"":false,""world_x"":-95.1866683959961,""world_y"":-59.72804260253906}","{""front"":{""boxes"":[{""id"":""F_466"",""cls"":""car"",""conf"":0.28466796875,""box"":[0.16071526300416472,0.5285246713082673,0.044323098935817914,0.02950592033685157]}]},""left"":{""boxes"":[]},""rear"":{""boxes"":[{""id"":""R_324"",""cls"":""car"",""conf"":0.515625,""box"":[0.5147703398817084,0.5084993636749048,0.025189990951151486,0.020049494138483878]},{""id"":""R_463"",""cls"":""bus"",""conf"":0.548828125,""box"":[0.4190932998075555,0.5196575374705691,0.031905767107856864,0.03964153188595141]},{""id"":""R_465"",""cls"":""bench"",""conf"":0.501953125,""box"":[0.19781171798868016,0.5618522744773,0.056377973313586495,0.0488179188670203]}]},""right"":{""boxes"":[{""id"":""RT_464"",""cls"":""car"",""conf"":0.93798828125,""box"":[0.2869883352901678,0.5907758942574481,0.22736630308944186,0.09435705777631528]}]}}","[{""id"":""F_466"",""cls"":""vehicle"",""x"":35.294803619384766,""y"":-24.236434936523438,""distance"":42.86615142822266},{""id"":""R_463"",""cls"":""truck"",""x"":-42.27947235107422,""y"":6.195168495178223,""distance"":42.741728973388675},{""id"":""R_324"",""cls"":""vehicle"",""x"":-47.28043746948242,""y"":-1.1892675161361694,""distance"":47.295570373535156},{""id"":""R_463"",""cls"":""truck"",""x"":-42.27947235107422,""y"":6.195168495178223,""distance"":42.741728973388675},{""id"":""RT_464"",""cls"":""vehicle"",""x"":4.424636363983154,""y"":11.813987731933594,""distance"":12.95208568572998}]","[{""id"":""RT_464"",""cls"":""vehicle"",""label"":""Car"",""dist_m"":12.952,""speed_mps"":0.123,""motion"":""stationary""},{""id"":""R_463"",""cls"":""truck"",""label"":""Truck"",""dist_m"":42.742,""speed_mps"":0.746,""motion"":""receding""},{""id"":""R_463"",""cls"":""truck"",""label"":""Truck"",""dist_m"":42.742,""speed_mps"":null,""motion"":""unknown""},{""id"":""F_466"",""cls"":""vehicle"",""label"":""Car"",""dist_m"":42.866,""speed_mps"":null,""motion"":""unknown""},{""id"":""R_324"",""cls"":""vehicle"",""label"":""Car"",""dist_m"":47.296,""speed_mps"":0.051,""motion"":""stationary""}]",frame_000215
"{""cam"":true,""radar"":true,""gnss"":true,""imu"":true,""lidar"":true}",498659918,3.1,184.2,17,11.4,"{""vehicle"":3,""person"":0,""cyclist"":0}",FALSE,"{""heading_deg"":230.4182894618344,""speed_mps"":0.0043542118445919755,""accelerating"":false,""braking"":false,""turning_left"":false,""turning_right"":false,""world_x"":-95.18555450439453,""world_y"":-59.72713851928711}","{""front"":{""boxes"":[{""id"":""F_466"",""cls"":""car"",""conf"":0.4921875,""box"":[0.15708098719944555,0.5282467512784723,0.04253485540373421,0.0283054074984614]}]},""left"":{""boxes"":[]},""rear"":{""boxes"":[{""id"":""R_324"",""cls"":""car"",""conf"":0.42822265625,""box"":[0.5145185366394063,0.507730555582693,0.0257714435215159,0.020512565532377933]},{""id"":""R_463"",""cls"":""bus"",""conf"":0.6533203125,""box"":[0.41886031494789633,0.518958024823071,0.031984079544411514,0.039951863031768536]},{""id"":""R_465"",""cls"":""bench"",""conf"":0.3720703125,""box"":[0.19691336908406729,0.5609381114005385,0.054778202894574315,0.04749733624769235]}]},""right"":{""boxes"":[{""id"":""RT_464"",""cls"":""car"",""conf"":0.939453125,""box"":[0.2705463852449289,0.5930370725472088,0.23606964828704663,0.09823919780827642]}]}}","[{""id"":""R_463"",""cls"":""truck"",""x"":-41.863319396972656,""y"":7.291181564331055,""distance"":42.515023422241214},{""id"":""R_463"",""cls"":""truck"",""x"":-41.863319396972656,""y"":7.291181564331055,""distance"":42.515023422241214},{""id"":""RT_464"",""cls"":""vehicle"",""x"":4.763621807098389,""y"":11.478534698486328,""distance"":12.764009284973145}]","[{""id"":""RT_464"",""cls"":""vehicle"",""label"":""Car"",""dist_m"":12.764,""speed_mps"":1.017,""motion"":""receding""},{""id"":""R_463"",""cls"":""truck"",""label"":""Truck"",""dist_m"":42.515,""speed_mps"":1.248,""motion"":""receding""},{""id"":""R_463"",""cls"":""truck"",""label"":""Truck"",""dist_m"":42.515,""speed_mps"":null,""motion"":""unknown""}]",frame_000216
"{""cam"":true,""radar"":true,""gnss"":true,""imu"":true,""lidar"":true}",831979640,3.1,164.3,17,5.9,"{""vehicle"":3,""person"":0,""cyclist"":0}",FALSE,"{""heading_deg"":230.4183167825911,""speed_mps"":0.002473402835242696,""accelerating"":false,""braking"":false,""turning_left"":false,""turning_right"":false,""world_x"":-95.1849136352539,""world_y"":-59.72663497924805}","{""front"":{""boxes"":[]},""left"":{""boxes"":[]},""rear"":{""boxes"":[{""id"":""R_324"",""cls"":""car"",""conf"":0.26904296875,""box"":[0.5145955827870566,0.5069248938134105,0.027144972280847314,0.02172164680569401]},{""id"":""R_463"",""cls"":""bus"",""conf"":0.60400390625,""box"":[0.4186730393795184,0.5183409421418453,0.03243040099048988,0.04075425351198601]}]},""right"":{""boxes"":[{""id"":""RT_464"",""cls"":""car"",""conf"":0.92919921875,""box"":[0.25144711532329145,0.5962080840881936,0.24290339845022232,0.10103759278689223]}]}}","[{""id"":""R_463"",""cls"":""truck"",""x"":-41.58949279785156,""y"":6.935996055603027,""distance"":42.17277946472168},{""id"":""R_463"",""cls"":""truck"",""x"":-41.58949279785156,""y"":6.935996055603027,""distance"":42.17277946472168},{""id"":""RT_464"",""cls"":""vehicle"",""x"":5.181362152099609,""y"":11.11485767364502,""distance"":12.544368934631347}]","[{""id"":""RT_464"",""cls"":""vehicle"",""label"":""Car"",""dist_m"":12.544,""speed_mps"":1.253,""motion"":""receding""},{""id"":""R_463"",""cls"":""truck"",""label"":""Truck"",""dist_m"":42.173,""speed_mps"":0.822,""motion"":""receding""},{""id"":""R_463"",""cls"":""truck"",""label"":""Truck"",""dist_m"":42.173,""speed_mps"":null,""motion"":""unknown""}]",frame_000217
"{""cam"":true,""radar"":true,""gnss"":true,""imu"":true,""lidar"":true}",165278187,3,265.4,17,11.2,"{""vehicle"":6,""person"":0,""cyclist"":0}",FALSE,"{""heading_deg"":230.41834410334775,""speed_mps"":0.0013177713578718558,""accelerating"":false,""braking"":false,""turning_left"":false,""turning_right"":false,""world_x"":-95.18457794189453,""world_y"":-59.72636032104492}","{""front"":{""boxes"":[{""id"":""F_466"",""cls"":""car"",""conf"":0.6494140625,""box"":[0.15383730623002392,0.5285976445217317,0.04198245496367088,0.028051451317832488]}]},""left"":{""boxes"":[]},""rear"":{""boxes"":[{""id"":""R_324"",""cls"":""car"",""conf"":0.385009765625,""box"":[0.514523452716923,0.506286006509174,0.027542353208415804,0.02217669111738143]},{""id"":""R_463"",""cls"":""bus"",""conf"":0.46875,""box"":[0.41849707932501723,0.5181046257114182,0.032528795088712315,0.04105591298861917]}]},""right"":{""boxes"":[{""id"":""RT_464"",""cls"":""car"",""conf"":0.264404296875,""box"":[0.2296510989809472,0.5997416676610849,0.25225053270951464,0.10474593785674043]},{""id"":""RT_467"",""cls"":""car"",""conf"":0.67724609375,""box"":[0.7622656250000001,0.5255729166666667,0.03375112853673379,0.03239583333333336]}]}}","[{""id"":""R_463"",""cls"":""truck"",""x"":-41.35197448730469,""y"":6.135166168212891,""distance"":41.81819076538086},{""id"":""R_463"",""cls"":""truck"",""x"":-41.35197448730469,""y"":6.135166168212891,""distance"":41.81819076538086},{""id"":""R_324"",""cls"":""vehicle"",""x"":-47.27756881713867,""y"":-1.1891992092132568,""distance"":47.29286994934082},{""id"":""RT_467"",""cls"":""vehicle"",""x"":-21.197187423706055,""y"":39.44906997680664,""distance"":44.81242370605469},{""id"":""RT_464"",""cls"":""vehicle"",""x"":5.311514377593994,""y"":10.601924896240234,""distance"":12.16022186279297},{""id"":""RT_464"",""cls"":""vehicle"",""x"":5.311514377593994,""y"":10.601924896240234,""distance"":12.16022186279297}]","[{""id"":""RT_464"",""cls"":""vehicle"",""label"":""Car"",""dist_m"":12.16,""speed_mps"":0.39,""motion"":""receding""},{""id"":""RT_464"",""cls"":""vehicle"",""label"":""Car"",""dist_m"":12.16,""speed_mps"":null,""motion"":""unknown""},{""id"":""R_463"",""cls"":""truck"",""label"":""Truck"",""dist_m"":41.818,""speed_mps"":0.713,""motion"":""receding""},{""id"":""R_463"",""cls"":""truck"",""label"":""Truck"",""dist_m"":41.818,""speed_mps"":null,""motion"":""unknown""},{""id"":""RT_467"",""cls"":""vehicle"",""label"":""Car"",""dist_m"":44.812,""speed_mps"":null,""motion"":""unknown""},{""id"":""R_324"",""cls"":""vehicle"",""label"":""Car"",""dist_m"":47.293,""speed_mps"":0.003,""motion"":""stationary""}]",frame_000218
"{""cam"":true,""radar"":true,""gnss"":true,""imu"":true,""lidar"":true}",498658318,3.1,240.6,28,8.8,"{""vehicle"":4,""person"":0,""cyclist"":0}",FALSE,"{""heading_deg"":230.41834410334775,""speed_mps"":0.0005432623805478607,""accelerating"":false,""braking"":false,""turning_left"":false,""turning_right"":false,""world_x"":-95.18444061279297,""world_y"":-59.72624588012695}","{""front"":{""boxes"":[{""id"":""F_466"",""cls"":""car"",""conf"":0.58154296875,""box"":[0.15248127486593743,0.5284691167876948,0.04135053245996116,0.027766058955240366]}]},""left"":{""boxes"":[]},""rear"":{""boxes"":[{""id"":""R_324"",""cls"":""car"",""conf"":0.307373046875,""box"":[0.5144114455336831,0.5062093915829167,0.02728167114154152,0.022013570857354618]},{""id"":""R_463"",""cls"":""bus"",""conf"":0.6494140625,""box"":[0.41819888431575103,0.5180132749291564,0.03248782118625728,0.04116642819911517]}]},""right"":{""boxes"":[{""id"":""RT_464"",""cls"":""car"",""conf"":0.92529296875,""box"":[0.20447793830652633,0.6037347404397603,0.26432855916829345,0.1094646243768801]},{""id"":""RT_467"",""cls"":""car"",""conf"":0.5908203125,""box"":[0.7622952193322148,0.5261253442013436,0.031627596684305904,0.03034395963310459]}]}}","[{""id"":""R_463"",""cls"":""truck"",""x"":-41.072357177734375,""y"":5.792367935180664,""distance"":41.53040313720703},{""id"":""R_463"",""cls"":""truck"",""x"":-41.072357177734375,""y"":5.792367935180664,""distance"":41.53040313720703},{""id"":""RT_464"",""cls"":""vehicle"",""x"":5.682509422302246,""y"":10.259198188781738,""distance"":11.971285247802735},{""id"":""RT_467"",""cls"":""vehicle"",""x"":-21.510663986206055,""y"":39.351768493652344,""distance"":44.87628936767578}]","[{""id"":""RT_464"",""cls"":""vehicle"",""label"":""Car"",""dist_m"":11.971,""speed_mps"":1.113,""motion"":""receding""},{""id"":""R_463"",""cls"":""truck"",""label"":""Truck"",""dist_m"":41.53,""speed_mps"":0.839,""motion"":""receding""},{""id"":""R_463"",""cls"":""truck"",""label"":""Truck"",""dist_m"":41.53,""speed_mps"":null,""motion"":""unknown""},{""id"":""RT_467"",""cls"":""vehicle"",""label"":""Car"",""dist_m"":44.876,""speed_mps"":0.94,""motion"":""approaching""}]",frame_000219
"{""cam"":true,""radar"":true,""gnss"":true,""imu"":true,""lidar"":true}",832021306,3.1,202.3,28,9,"{""vehicle"":4,""person"":0,""cyclist"":0}",FALSE,"{""heading_deg"":230.41834410334775,""speed_mps"":0.0004430077416093395,""accelerating"":false,""braking"":false,""turning_left"":false,""turning_right"":false,""world_x"":-95.18431854248047,""world_y"":-59.726165771484375}","{""front"":{""boxes"":[{""id"":""F_466"",""cls"":""car"",""conf"":0.72314453125,""box"":[0.15110563636723104,0.5284231550693087,0.04087516500543509,0.02766612105124846]}]},""left"":{""boxes"":[]},""rear"":{""boxes"":[{""id"":""R_324"",""cls"":""car"",""conf"":0.39990234375,""box"":[0.5142808512715555,0.5065290242686422,0.027182972215279565,0.02194610897026757]},{""id"":""R_463"",""cls"":""truck"",""conf"":0.60205078125,""box"":[0.4181079990682509,0.5184917339732223,0.032705706188163305,0.041544906346429045]}]},""right"":{""boxes"":[{""id"":""RT_464"",""cls"":""car"",""conf"":0.94775390625,""box"":[0.17728158100839186,0.608229920698394,0.2777851287277686,0.11456811458031714]},{""id"":""RT_467"",""cls"":""car"",""conf"":0.6259765625,""box"":[0.7626171940891033,0.5261087507460934,0.031324905029049076,0.030049329082624608]}]}}","[{""id"":""F_466"",""cls"":""vehicle"",""x"":37.03183364868164,""y"":-25.82273292541504,""distance"":45.175392150878906},{""id"":""R_463"",""cls"":""truck"",""x"":-40.64015579223633,""y"":6.477851390838623,""distance"":41.17015838623047},{""id"":""R_463"",""cls"":""truck"",""x"":-40.64015579223633,""y"":6.477851390838623,""distance"":41.17015838623047},{""id"":""RT_464"",""cls"":""vehicle"",""x"":6.087411403656006,""y"":9.833300590515137,""distance"":11.794141578674317}]","[{""id"":""RT_464"",""cls"":""vehicle"",""label"":""Car"",""dist_m"":11.794,""speed_mps"":1.215,""motion"":""receding""},{""id"":""R_463"",""cls"":""truck"",""label"":""Truck"",""dist_m"":41.17,""speed_mps"":1.296,""motion"":""receding""},{""id"":""R_463"",""cls"":""truck"",""label"":""Truck"",""dist_m"":41.17,""speed_mps"":null,""motion"":""unknown""},{""id"":""F_466"",""cls"":""vehicle"",""label"":""Car"",""dist_m"":45.175,""speed_mps"":1.042,""motion"":""receding""}]",frame_000220
"{""cam"":true,""radar"":true,""gnss"":true,""imu"":true,""lidar"":true}",165299962,3.1,171.3,28,5.7,"{""vehicle"":5,""person"":0,""cyclist"":0}",FALSE,"{""heading_deg"":230.41834410334775,""speed_mps"":0.0002966041193370061,""accelerating"":false,""braking"":false,""turning_left"":false,""turning_right"":false,""world_x"":-95.18424224853516,""world_y"":-59.726104736328125}","{""front"":{""boxes"":[{""id"":""F_466"",""cls"":""car"",""conf"":0.8291015625,""box"":[0.15052984841553463,0.5282258487958971,0.03988244715964247,0.027270336324940202]}]},""left"":{""boxes"":[]},""rear"":{""boxes"":[{""id"":""R_324"",""cls"":""car"",""conf"":0.445556640625,""box"":[0.5138759834300924,0.5064835948911752,0.026734423463928892,0.021575309502415388]},{""id"":""R_463"",""cls"":""bus"",""conf"":0.517578125,""box"":[0.4178370209999933,0.5185027619376047,0.03297142045827641,0.04202459139571809]}]},""right"":{""boxes"":[{""id"":""RT_464"",""cls"":""car"",""conf"":0.3486328125,""box"":[0.1546212566649801,0.6134148255619816,0.29330025371165264,0.12147101310837959]},{""id"":""RT_467"",""cls"":""car"",""conf"":0.72314453125,""box"":[0.762857232422692,0.5249065460815511,0.03284165801222514,0.03158859405831104]}]}}","[{""id"":""R_463"",""cls"":""truck"",""x"":-40.32242202758789,""y"":5.982397556304932,""distance"":40.773485565185545},{""id"":""R_463"",""cls"":""truck"",""x"":-40.32242202758789,""y"":5.982397556304932,""distance"":40.773485565185545},{""id"":""R_324"",""cls"":""vehicle"",""x"":-47.2770881652832,""y"":-1.1891698837280273,""distance"":47.29240036010742},{""id"":""RT_464"",""cls"":""vehicle"",""x"":6.270832061767578,""y"":9.477980613708496,""distance"":11.600333213806152},{""id"":""RT_464"",""cls"":""vehicle"",""x"":6.270832061767578,""y"":9.477980613708496,""distance"":11.60094394683838}]","[{""id"":""RT_464"",""cls"":""vehicle"",""label"":""Car"",""dist_m"":11.6,""speed_mps"":0.55,""motion"":""receding""},{""id"":""RT_464"",""cls"":""vehicle"",""label"":""Car"",""dist_m"":11.601,""speed_mps"":null,""motion"":""unknown""},{""id"":""R_463"",""cls"":""truck"",""label"":""Truck"",""dist_m"":40.773,""speed_mps"":0.953,""motion"":""receding""},{""id"":""R_463"",""cls"":""truck"",""label"":""Truck"",""dist_m"":40.773,""speed_mps"":null,""motion"":""unknown""},{""id"":""R_324"",""cls"":""vehicle"",""label"":""Car"",""dist_m"":47.292,""speed_mps"":0.0,""motion"":""stationary""}]",frame_000221
"{""cam"":true,""radar"":true,""gnss"":true,""imu"":true,""lidar"":true}",498770200,3.2,176.3,13,9.6,"{""vehicle"":4,""person"":0,""cyclist"":0}",FALSE,"{""heading_deg"":230.41834410334775,""speed_mps"":0.0001735093945297698,""accelerating"":false,""braking"":false,""turning_left"":false,""turning_right"":false,""world_x"":-95.18419647216797,""world_y"":-59.726070404052734}","{""front"":{""boxes"":[{""id"":""F_466"",""cls"":""car"",""conf"":0.85009765625,""box"":[0.15007198616973866,0.5277961470751198,0.03918196724196388,0.02712579747306094]}]},""left"":{""boxes"":[]},""rear"":{""boxes"":[{""id"":""R_324"",""cls"":""car"",""conf"":0.509765625,""box"":[0.5133661878660497,0.5068156029682682,0.02660429119079586,0.02143237675643951]},{""id"":""R_463"",""cls"":""bus"",""conf"":0.52734375,""box"":[0.4176242090256956,0.5186761148761118,0.032816762861007834,0.041860276022902924]}]},""right"":{""boxes"":[{""id"":""RT_464"",""cls"":""car"",""conf"":0.89892578125,""box"":[0.1378785342057221,0.6191804901687686,0.3050019306672278,0.1283991133868091]},{""id"":""RT_467"",""cls"":""car"",""conf"":0.72509765625,""box"":[0.7633459732477752,0.5243372608441412,0.033571699172732304,0.032463990210734234]}]}}","[{""id"":""R_463"",""cls"":""truck"",""x"":-39.974910736083984,""y"":5.564348220825195,""distance"":40.42899131774902},{""id"":""R_463"",""cls"":""truck"",""x"":-39.974910736083984,""y"":5.564348220825195,""distance"":40.42899131774902},{""id"":""RT_464"",""cls"":""vehicle"",""x"":6.67462158203125,""y"":8.934863090515137,""distance"":11.351574516296386},{""id"":""RT_467"",""cls"":""vehicle"",""x"":-21.837139129638672,""y"":39.94908905029297,""distance"":45.55744934082031}]","[{""id"":""RT_464"",""cls"":""vehicle"",""label"":""Car"",""dist_m"":11.352,""speed_mps"":1.211,""motion"":""receding""},{""id"":""R_463"",""cls"":""truck"",""label"":""Truck"",""dist_m"":40.429,""speed_mps"":1.042,""motion"":""receding""},{""id"":""R_463"",""cls"":""truck"",""label"":""Truck"",""dist_m"":40.429,""speed_mps"":null,""motion"":""unknown""},{""id"":""RT_467"",""cls"":""vehicle"",""label"":""Car"",""dist_m"":45.557,""speed_mps"":0.326,""motion"":""approaching""}]",frame_000222
"{""cam"":true,""radar"":true,""gnss"":true,""imu"":true,""lidar"":true}",831996881,3.1,162.7,13,7.9,"{""vehicle"":4,""person"":0,""cyclist"":0}",FALSE,"{""heading_deg"":230.41812553729432,""speed_mps"":0.000138162516298517,""accelerating"":false,""braking"":false,""turning_left"":false,""turning_right"":false,""world_x"":-95.18416595458984,""world_y"":-59.726036071777344}","{""front"":{""boxes"":[{""id"":""F_466"",""cls"":""car"",""conf"":0.82080078125,""box"":[0.14904279041753862,0.5278178425392619,0.038986790494740034,0.027429281830773356]},{""id"":""F_468"",""cls"":""car"",""conf"":0.88623046875,""box"":[0.9481249999999999,0.6418750000000001,0.07376271502257162,0.08562500000000005]}]},""left"":{""boxes"":[]},""rear"":{""boxes"":[{""id"":""R_463"",""cls"":""truck"",""conf"":0.470703125,""box"":[0.41743447518870624,0.5190838061419023,0.033234833563629176,0.042474389118240495]}]},""right"":{""boxes"":[{""id"":""RT_464"",""cls"":""car"",""conf"":0.91650390625,""box"":[0.12297632689475839,0.617153924179229,0.27901362590537915,0.11863337801862314]},{""id"":""RT_467"",""cls"":""car"",""conf"":0.69580078125,""box"":[0.7639180387393523,0.5234260966025615,0.03436520330437363,0.03349721789274008]}]}}","[{""id"":""F_468"",""cls"":""vehicle"",""x"":13.920150756835938,""y"":11.169845581054688,""distance"":18.0878963470459},{""id"":""R_463"",""cls"":""truck"",""x"":-39.47989273071289,""y"":6.292914867401123,""distance"":39.99798774719238},{""id"":""R_463"",""cls"":""truck"",""x"":-39.47989273071289,""y"":6.292914867401123,""distance"":39.99798774719238},{""id"":""RT_464"",""cls"":""vehicle"",""x"":6.815173625946045,""y"":8.78030776977539,""distance"":11.279492378234863}]","[{""id"":""RT_464"",""cls"":""vehicle"",""label"":""Car"",""dist_m"":11.279,""speed_mps"":0.422,""motion"":""receding""},{""id"":""F_468"",""cls"":""vehicle"",""label"":""Car"",""dist_m"":18.088,""speed_mps"":null,""motion"":""unknown""},{""id"":""R_463"",""cls"":""truck"",""label"":""Truck"",""dist_m"":39.998,""speed_mps"":1.486,""motion"":""receding""},{""id"":""R_463"",""cls"":""truck"",""label"":""Truck"",""dist_m"":39.998,""speed_mps"":null,""motion"":""unknown""}]",frame_000223
"{""cam"":true,""radar"":true,""gnss"":true,""imu"":true,""lidar"":true}",165300194,3.1,179.4,13,6.7,"{""vehicle"":6,""person"":0,""cyclist"":0}",FALSE,"{""heading_deg"":230.46233052160264,""speed_mps"":0.036235235340403085,""accelerating"":false,""braking"":false,""turning_left"":false,""turning_right"":false,""world_x"":-95.1935806274414,""world_y"":-59.73360061645508}","{""front"":{""boxes"":[{""id"":""F_466"",""cls"":""car"",""conf"":0.8291015625,""box"":[0.14819329948974952,0.5278285414900175,0.037523218858232045,0.026843774085254422]},{""id"":""F_468"",""cls"":""car"",""conf"":0.303955078125,""box"":[0.9280250827037786,0.6301254882276245,0.08408223226783118,0.09607774291455501]}]},""left"":{""boxes"":[]},""rear"":{""boxes"":[{""id"":""R_463"",""cls"":""bus"",""conf"":0.51953125,""box"":[0.4171217915567009,0.5190654329286912,0.03358239734872663,0.04304128938482285]},{""id"":""R_324"",""cls"":""car"",""conf"":0.556640625,""box"":[0.5126858279484576,0.5063540544304362,0.025223712953478295,0.02015123259270517]}]},""right"":{""boxes"":[{""id"":""RT_464"",""cls"":""car"",""conf"":0.9287109375,""box"":[0.10577672701164147,0.6169553616449925,0.25659104925193904,0.11121453073765153]},{""id"":""RT_467"",""cls"":""car"",""conf"":0.7265625,""box"":[0.7645128992304574,0.5229326390017844,0.03470951611709472,0.03421646708078712]}]}}","[{""id"":""F_468"",""cls"":""vehicle"",""x"":13.458148002624512,""y"":9.715472221374512,""distance"":18.108752632141112},{""id"":""F_468"",""cls"":""vehicle"",""x"":13.458148002624512,""y"":9.715472221374512,""distance"":18.108752632141112},{""id"":""R_324"",""cls"":""vehicle"",""x"":-47.28695297241211,""y"":-1.1894140243530273,""distance"":47.30644989013672},{""id"":""R_463"",""cls"":""truck"",""x"":-39.12055587768555,""y"":5.660556793212891,""distance"":39.544816970825195},{""id"":""R_463"",""cls"":""truck"",""x"":-39.12055587768555,""y"":5.660556793212891,""distance"":39.544816970825195},{""id"":""RT_464"",""cls"":""vehicle"",""x"":6.674973964691162,""y"":8.915011405944824,""distance"":11.277721214294434}]","[{""id"":""RT_464"",""cls"":""vehicle"",""label"":""Car"",""dist_m"":11.278,""speed_mps"":0.421,""motion"":""approaching""},{""id"":""F_468"",""cls"":""vehicle"",""label"":""Car"",""dist_m"":18.109,""speed_mps"":1.386,""motion"":""approaching""},{""id"":""F_468"",""cls"":""vehicle"",""label"":""Car"",""dist_m"":18.109,""speed_mps"":null,""motion"":""unknown""},{""id"":""R_463"",""cls"":""truck"",""label"":""Truck"",""dist_m"":39.545,""speed_mps"":1.078,""motion"":""receding""},{""id"":""R_463"",""cls"":""truck"",""label"":""Truck"",""dist_m"":39.545,""speed_mps"":null,""motion"":""unknown""},{""id"":""R_324"",""cls"":""vehicle"",""label"":""Car"",""dist_m"":47.306,""speed_mps"":0.01,""motion"":""stationary""}]",frame_000224
"{""cam"":true,""radar"":true,""gnss"":true,""imu"":true,""lidar"":true}",498658875,3.1,199.9,12,6.2,"{""vehicle"":6,""person"":0,""cyclist"":0}",FALSE,"{""heading_deg"":230.50172705273528,""speed_mps"":0.1466859052801872,""accelerating"":true,""braking"":false,""turning_left"":false,""turning_right"":false,""world_x"":-95.23233795166016,""world_y"":-59.7634162902832}","{""front"":{""boxes"":[{""id"":""F_466"",""cls"":""car"",""conf"":0.732421875,""box"":[0.14682172582444736,0.5276598316707077,0.03606883821723472,0.026272345629267176]},{""id"":""F_468"",""cls"":""car"",""conf"":0.73876953125,""box"":[0.9072568347242875,0.6204493130312501,0.09326697258057148,0.10321763507076795]}]},""left"":{""boxes"":[]},""rear"":{""boxes"":[{""id"":""R_463"",""cls"":""truck"",""conf"":0.474609375,""box"":[0.41676253364401994,0.5193958047527147,0.033732437471720014,0.04325017010331133]},{""id"":""R_324"",""cls"":""car"",""conf"":0.6875,""box"":[0.5116876933651733,0.5064363553113843,0.025466962561914296,0.020221909062166078]}]},""right"":{""boxes"":[{""id"":""RT_464"",""cls"":""car"",""conf"":0.9228515625,""box"":[0.08755131900507045,0.6195658587170139,0.2422057079600775,0.10835131720297515]},{""id"":""RT_467"",""cls"":""car"",""conf"":0.689453125,""box"":[0.764983405488169,0.5225937751627513,0.034184087621262196,0.03411981003333822]}]}}","[{""id"":""F_468"",""cls"":""vehicle"",""x"":15.159253120422363,""y"":9.56596851348877,""distance"":18.14895668029785},{""id"":""F_468"",""cls"":""vehicle"",""x"":15.159253120422363,""y"":9.56596851348877,""distance"":18.14895668029785},{""id"":""R_463"",""cls"":""truck"",""x"":-38.61420440673828,""y"":6.653842926025391,""distance"":39.20075988769531},{""id"":""R_463"",""cls"":""truck"",""x"":-38.61420440673828,""y"":6.653842926025391,""distance"":39.20075988769531},{""id"":""RT_464"",""cls"":""vehicle"",""x"":6.734857082366943,""y"":8.766923904418945,""distance"":11.167485618591309},{""id"":""RT_467"",""cls"":""vehicle"",""x"":-22.365419387817383,""y"":40.915496826171875,""distance"":46.6595344543457}]","[{""id"":""RT_464"",""cls"":""vehicle"",""label"":""Car"",""dist_m"":11.167,""speed_mps"":0.18,""motion"":""stationary""},{""id"":""F_468"",""cls"":""vehicle"",""label"":""Car"",""dist_m"":18.149,""speed_mps"":5.103,""motion"":""receding""},{""id"":""F_468"",""cls"":""vehicle"",""label"":""Car"",""dist_m"":18.149,""speed_mps"":null,""motion"":""unknown""},{""id"":""R_463"",""cls"":""truck"",""label"":""Truck"",""dist_m"":39.201,""speed_mps"":1.519,""motion"":""receding""},{""id"":""R_463"",""cls"":""truck"",""label"":""Truck"",""dist_m"":39.201,""speed_mps"":null,""motion"":""unknown""},{""id"":""RT_467"",""cls"":""vehicle"",""label"":""Car"",""dist_m"":46.66,""speed_mps"":0.528,""motion"":""approaching""}]",frame_000225
"{""cam"":true,""radar"":true,""gnss"":true,""imu"":true,""lidar"":true}",832019113,3.1,216.8,12,8,"{""vehicle"":6,""person"":0,""cyclist"":0}",FALSE,"{""heading_deg"":230.62308585390807,""speed_mps"":0.30076017959339557,""accelerating"":true,""braking"":false,""turning_left"":false,""turning_right"":false,""world_x"":-95.31185150146484,""world_y"":-59.82448959350586}","{""front"":{""boxes"":[{""id"":""F_466"",""cls"":""car"",""conf"":0.82666015625,""box"":[0.14406227033474808,0.5277762446065675,0.03551716776353473,0.026418543166089787]},{""id"":""F_468"",""cls"":""car"",""conf"":0.90869140625,""box"":[0.8879884625340905,0.61704436668789,0.10314578578402304,0.10882189301768411]}]},""left"":{""boxes"":[]},""rear"":{""boxes"":[{""id"":""R_463"",""cls"":""bus"",""conf"":0.418701171875,""box"":[0.41600129455405754,0.5193488597573058,0.03404042415821205,0.043661927383100915]},{""id"":""R_324"",""cls"":""car"",""conf"":0.609375,""box"":[0.5105728776366758,0.5059420488997406,0.025263811209224586,0.019897774058708073]}]},""right"":{""boxes"":[{""id"":""RT_464"",""cls"":""car"",""conf"":0.9228515625,""box"":[0.06949666266678292,0.6251304404766861,0.23824415966365303,0.11176915641731675]}]}}","[{""id"":""F_468"",""cls"":""vehicle"",""x"":11.866726875305176,""y"":7.88571834564209,""distance"":18.190752029418945},{""id"":""R_324"",""cls"":""vehicle"",""x"":-47.44050598144531,""y"":-1.0227344036102295,""distance"":47.45608139038086},{""id"":""R_463"",""cls"":""truck"",""x"":-38.28678512573242,""y"":6.102734088897705,""distance"":38.79762496948242},{""id"":""R_463"",""cls"":""truck"",""x"":-38.28678512573242,""y"":6.102734088897705,""distance"":38.79762496948242},{""id"":""R_463"",""cls"":""vehicle"",""x"":-38.28678512573242,""y"":6.102734088897705,""distance"":38.79762496948242},{""id"":""RT_464"",""cls"":""vehicle"",""x"":6.771978855133057,""y"":8.490286827087402,""distance"":10.992716789245605}]","[{""id"":""RT_464"",""cls"":""vehicle"",""label"":""Car"",""dist_m"":10.993,""speed_mps"":0.111,""motion"":""stationary""},{""id"":""F_468"",""cls"":""vehicle"",""label"":""Car"",""dist_m"":18.191,""speed_mps"":9.877,""motion"":""approaching""},{""id"":""R_463"",""cls"":""truck"",""label"":""Truck"",""dist_m"":38.798,""speed_mps"":0.982,""motion"":""receding""},{""id"":""R_463"",""cls"":""truck"",""label"":""Truck"",""dist_m"":38.798,""speed_mps"":null,""motion"":""unknown""},{""id"":""R_463"",""cls"":""vehicle"",""label"":""Car"",""dist_m"":38.798,""speed_mps"":null,""motion"":""unknown""},{""id"":""R_324"",""cls"":""vehicle"",""label"":""Car"",""dist_m"":47.456,""speed_mps"":0.23,""motion"":""approaching""}]",frame_000226
"{""cam"":true,""radar"":true,""gnss"":true,""imu"":true,""lidar"":true}",165351211,3.1,201.5,12,10.5,"{""vehicle"":3,""person"":0,""cyclist"":0}",FALSE,"{""heading_deg"":230.83034111408293,""speed_mps"":0.4701990689480551,""accelerating"":true,""braking"":false,""turning_left"":false,""turning_right"":false,""world_x"":-95.43611907958984,""world_y"":-59.92000198364258}","{""front"":{""boxes"":[{""id"":""F_466"",""cls"":""car"",""conf"":0.77197265625,""box"":[0.13944341549576578,0.5276466178531709,0.03457304715385352,0.026128383665948066]}]},""left"":{""boxes"":[]},""rear"":{""boxes"":[{""id"":""R_463"",""cls"":""bus"",""conf"":0.6298828125,""box"":[0.41483166184513076,0.5191571035606898,0.033954410487635964,0.04346921406199531]},{""id"":""R_324"",""cls"":""car"",""conf"":0.69921875,""box"":[0.5087472359002378,0.5059355222877946,0.025635832038145078,0.020130777821121448]}]},""right"":{""boxes"":[{""id"":""RT_464"",""cls"":""car"",""conf"":0.896484375,""box"":[0.05510510927668984,0.6340967669744761,0.22098699562916888,0.10926774346824572]}]}}","[{""id"":""R_463"",""cls"":""truck"",""x"":-37.9884147644043,""y"":5.822202205657959,""distance"":38.446607971191405},{""id"":""R_463"",""cls"":""truck"",""x"":-37.9884147644043,""y"":5.822202205657959,""distance"":38.446607971191405},{""id"":""RT_464"",""cls"":""vehicle"",""x"":6.835969924926758,""y"":8.807238578796387,""distance"":13.1532772064209}]","[{""id"":""RT_464"",""cls"":""vehicle"",""label"":""Car"",""dist_m"":13.153,""speed_mps"":0.192,""motion"":""stationary""},{""id"":""R_463"",""cls"":""truck"",""label"":""Truck"",""dist_m"":38.447,""speed_mps"":0.895,""motion"":""receding""},{""id"":""R_463"",""cls"":""truck"",""label"":""Truck"",""dist_m"":38.447,""speed_mps"":null,""motion"":""unknown""}]",frame_000227
"{""cam"":true,""radar"":true,""gnss"":true,""imu"":true,""lidar"":true}",498664516,3.1,235.6,22,8,"{""vehicle"":6,""person"":0,""cyclist"":0}",FALSE,"{""heading_deg"":231.10868498313928,""speed_mps"":0.6498780773924226,""accelerating"":true,""braking"":false,""turning_left"":false,""turning_right"":false,""world_x"":-95.6084213256836,""world_y"":-60.05127716064453}","{""front"":{""boxes"":[{""id"":""F_466"",""cls"":""car"",""conf"":0.81298828125,""box"":[0.1329687692568257,0.528473315687385,0.03539870794188908,0.027072865711953695]},{""id"":""F_468"",""cls"":""car"",""conf"":0.708984375,""box"":[0.8687248155160459,0.6233520531777282,0.1268524901356102,0.12635705702474642]}]},""left"":{""boxes"":[]},""rear"":{""boxes"":[{""id"":""R_463"",""cls"":""bus"",""conf"":0.673828125,""box"":[0.41324605254334096,0.5194227731363755,0.034441125035292154,0.04406995469900762]},{""id"":""R_324"",""cls"":""car"",""conf"":0.7041015625,""box"":[0.5061560560880756,0.506109340707394,0.025483615278446604,0.01987499713368261]}]},""right"":{""boxes"":[{""id"":""RT_464"",""cls"":""car"",""conf"":0.888671875,""box"":[0.04779648064920639,0.6405682917068319,0.20508309865941676,0.106844272278173]}]}}","[{""id"":""F_468"",""cls"":""vehicle"",""x"":13.540521621704102,""y"":8.647255897521973,""distance"":18.249209213256837},{""id"":""F_468"",""cls"":""vehicle"",""x"":13.540521621704102,""y"":8.647255897521973,""distance"":18.249206161499025},{""id"":""R_324"",""cls"":""vehicle"",""x"":-47.8823127746582,""y"":-0.5161181688308716,""distance"":47.889686584472656},{""id"":""R_463"",""cls"":""truck"",""x"":-37.62237548828125,""y"":6.413369178771973,""distance"":38.17603645324707},{""id"":""R_463"",""cls"":""truck"",""x"":-37.62237548828125,""y"":6.413369178771973,""distance"":38.17603645324707},{""id"":""RT_464"",""cls"":""vehicle"",""x"":6.710336685180664,""y"":8.269847869873047,""distance"":11.03597812652588}]","[{""id"":""RT_464"",""cls"":""vehicle"",""label"":""Car"",""dist_m"":11.036,""speed_mps"":0.377,""motion"":""approaching""},{""id"":""F_468"",""cls"":""vehicle"",""label"":""Car"",""dist_m"":18.249,""speed_mps"":2.511,""motion"":""receding""},{""id"":""F_468"",""cls"":""vehicle"",""label"":""Car"",""dist_m"":18.249,""speed_mps"":null,""motion"":""unknown""},{""id"":""R_463"",""cls"":""truck"",""label"":""Truck"",""dist_m"":38.176,""speed_mps"":1.098,""motion"":""receding""},{""id"":""R_463"",""cls"":""truck"",""label"":""Truck"",""dist_m"":38.176,""speed_mps"":null,""motion"":""unknown""},{""id"":""R_324"",""cls"":""vehicle"",""label"":""Car"",""dist_m"":47.89,""speed_mps"":0.663,""motion"":""approaching""}]",frame_000228
"{""cam"":true,""radar"":true,""gnss"":true,""imu"":true,""lidar"":true}",832022280,3,297.1,22,10.2,"{""vehicle"":4,""person"":0,""cyclist"":0}",FALSE,"{""heading_deg"":231.40965043872671,""speed_mps"":0.8214448295419191,""accelerating"":true,""braking"":false,""turning_left"":false,""turning_right"":false,""world_x"":-95.82683563232422,""world_y"":-60.21644592285156}","{""front"":{""boxes"":[{""id"":""F_466"",""cls"":""car"",""conf"":0.822265625,""box"":[0.12335553674265931,0.5286056116346965,0.03616136601797511,0.0277639614576346]},{""id"":""F_468"",""cls"":""car"",""conf"":0.91796875,""box"":[0.8667196941364882,0.625896953745022,0.13757378250370494,0.1295836278225206]}]},""left"":{""boxes"":[]},""rear"":{""boxes"":[{""id"":""R_463"",""cls"":""bus"",""conf"":0.708984375,""box"":[0.4110039371291562,0.5191803325699283,0.03459148452198786,0.0442896076096727]},{""id"":""R_324"",""cls"":""car"",""conf"":0.46875,""box"":[0.5027383641834909,0.5063535633148544,0.025785154589913706,0.02013015814929163]}]},""right"":{""boxes"":[{""id"":""RT_464"",""cls"":""car"",""conf"":0.9013671875,""box"":[0.048098039834883165,0.643208478826837,0.20000096096496905,0.10937128223598064]},{""id"":""RT_467"",""cls"":""car"",""conf"":0.7041015625,""box"":[0.7725303956350945,0.5210634609622303,0.03671801360355405,0.03671637542687929]}]}}","[{""id"":""F_468"",""cls"":""vehicle"",""x"":13.92780590057373,""y"":9.359490394592285,""distance"":18.263629913330078},{""id"":""R_463"",""cls"":""truck"",""x"":-37.41527557373047,""y"":6.032780647277832,""distance"":37.9101676940918},{""id"":""RT_464"",""cls"":""vehicle"",""x"":6.448925495147705,""y"":8.125035285949707,""distance"":10.498783683776855},{""id"":""RT_467"",""cls"":""vehicle"",""x"":-24.092802047729492,""y"":42.60905075073242,""distance"":48.964115142822266}]","[{""id"":""RT_464"",""cls"":""vehicle"",""label"":""Car"",""dist_m"":10.499,""speed_mps"":0.784,""motion"":""approaching""},{""id"":""F_468"",""cls"":""vehicle"",""label"":""Car"",""dist_m"":18.264,""speed_mps"":1.162,""motion"":""receding""},{""id"":""R_463"",""cls"":""truck"",""label"":""Truck"",""dist_m"":37.91,""speed_mps"":0.621,""motion"":""receding""},{""id"":""RT_467"",""cls"":""vehicle"",""label"":""Car"",""dist_m"":48.964,""speed_mps"":1.296,""motion"":""approaching""}]",frame_000229
"{""cam"":true,""radar"":true,""gnss"":true,""imu"":true,""lidar"":true}",165349610,3.1,265.2,33,9.8,"{""vehicle"":4,""person"":0,""cyclist"":0}",FALSE,"{""heading_deg"":231.77241544592445,""speed_mps"":1.0057084659857791,""accelerating"":true,""braking"":false,""turning_left"":false,""turning_right"":false,""world_x"":-96.09514617919922,""world_y"":-60.417415618896484}","{""front"":{""boxes"":[{""id"":""F_466"",""cls"":""car"",""conf"":0.8017578125,""box"":[0.1108826154652141,0.5279714700197392,0.03539473336076292,0.02666258204881859]},{""id"":""F_468"",""cls"":""car"",""conf"":0.943359375,""box"":[0.867291026902433,0.6272933876025762,0.14434536981770557,0.128682396897421]}]},""left"":{""boxes"":[]},""rear"":{""boxes"":[{""id"":""R_463"",""cls"":""bus"",""conf"":0.85107421875,""box"":[0.4086981690174739,0.5192553206439889,0.03438369513519777,0.04402245810406905]},{""id"":""R_324"",""cls"":""car"",""conf"":0.60595703125,""box"":[0.4991837307574504,0.5061013323157504,0.026038904750608972,0.020227721707393384]}]},""right"":{""boxes"":[{""id"":""RT_464"",""cls"":""car"",""conf"":0.8818359375,""box"":[0.05226061271436211,0.6406734059738625,0.2046339641198689,0.11712698396467439]},{""id"":""RT_467"",""cls"":""car"",""conf"":0.80322265625,""box"":[0.7753152049681838,0.5209469727599336,0.035819157743153876,0.03556692291776464]}]}}","[{""id"":""F_468"",""cls"":""vehicle"",""x"":14.619873046875,""y"":10.084609031677246,""distance"":18.280885696411133},{""id"":""R_463"",""cls"":""truck"",""x"":-37.12876892089844,""y"":6.810656547546387,""distance"":37.75938262939453},{""id"":""RT_464"",""cls"":""vehicle"",""x"":6.246372222900391,""y"":8.016660690307617,""distance"":10.279717445373535},{""id"":""RT_467"",""cls"":""vehicle"",""x"":-24.95212745666504,""y"":42.68531036376953,""distance"":49.46176452636719}]","[{""id"":""RT_464"",""cls"":""vehicle"",""label"":""Car"",""dist_m"":10.28,""speed_mps"":0.608,""motion"":""approaching""},{""id"":""F_468"",""cls"":""vehicle"",""label"":""Car"",""dist_m"":18.281,""speed_mps"":2.076,""motion"":""receding""},{""id"":""R_463"",""cls"":""truck"",""label"":""Truck"",""dist_m"":37.759,""speed_mps"":0.86,""motion"":""receding""},{""id"":""RT_467"",""cls"":""vehicle"",""label"":""Car"",""dist_m"":49.462,""speed_mps"":2.578,""motion"":""approaching""}]",frame_000230
"{""cam"":true,""radar"":true,""gnss"":true,""imu"":true,""lidar"":true}",498661540,3.1,248.2,33,10.2,"{""vehicle"":4,""person"":0,""cyclist"":0}",FALSE,"{""heading_deg"":232.11067373438016,""speed_mps"":1.1845744597145516,""accelerating"":true,""braking"":false,""turning_left"":false,""turning_right"":false,""world_x"":-96.41149139404297,""world_y"":-60.6536750793457}","{""front"":{""boxes"":[{""id"":""F_466"",""cls"":""car"",""conf"":0.830078125,""box"":[0.09774523393736842,0.5278952894001228,0.035341732323925346,0.025879875251458392]},{""id"":""F_468"",""cls"":""car"",""conf"":0.67236328125,""box"":[0.8692066062861479,0.626901867595291,0.1452176434493963,0.12204495626463832]}]},""left"":{""boxes"":[]},""rear"":{""boxes"":[{""id"":""R_463"",""cls"":""bus"",""conf"":0.77978515625,""box"":[0.40598490193987846,0.51945365963071,0.03454471085217361,0.044253376193995324]},{""id"":""R_324"",""cls"":""car"",""conf"":0.556640625,""box"":[0.4947939121053279,0.5058352452567729,0.026210856295611595,0.019922668029960396]},{""id"":""R_469"",""cls"":""bench"",""conf"":0.8115234375,""box"":[0.1948828125,0.5575520833333333,0.05233214727722772,0.04635416666666667]}]},""right"":{""boxes"":[{""id"":""RT_464"",""cls"":""car"",""conf"":0.92626953125,""box"":[0.057783853162120445,0.6401570863573446,0.2035020542170487,0.12103651879034251]},{""id"":""RT_467"",""cls"":""car"",""conf"":0.85986328125,""box"":[0.7764165952607118,0.5205683360400305,0.03558537492227032,0.03514875748495771]}]}}","[{""id"":""F_468"",""cls"":""vehicle"",""x"":13.869003295898438,""y"":8.900135040283203,""distance"":16.76042194366455},{""id"":""F_468"",""cls"":""vehicle"",""x"":13.869003295898438,""y"":8.900135040283203,""distance"":16.76042194366455},{""id"":""R_463"",""cls"":""truck"",""x"":-37.028785705566406,""y"":6.517704963684082,""distance"":37.60661697387695},{""id"":""RT_464"",""cls"":""vehicle"",""x"":5.94261360168457,""y"":7.8279852867126465,""distance"":9.967033386230469}]","[{""id"":""RT_464"",""cls"":""vehicle"",""label"":""Car"",""dist_m"":9.967,""speed_mps"":0.911,""motion"":""approaching""},{""id"":""F_468"",""cls"":""vehicle"",""label"":""Car"",""dist_m"":16.76,""speed_mps"":2.253,""motion"":""approaching""},{""id"":""F_468"",""cls"":""vehicle"",""label"":""Car"",""dist_m"":16.76,""speed_mps"":null,""motion"":""unknown""},{""id"":""R_463"",""cls"":""truck"",""label"":""Truck"",""dist_m"":37.607,""speed_mps"":0.3,""motion"":""receding""}]",frame_000231
"{""cam"":true,""radar"":true,""gnss"":true,""imu"":true,""lidar"":true}",832026912,3.2,164.3,33,10,"{""vehicle"":3,""person"":0,""cyclist"":0}",FALSE,"{""heading_deg"":232.47193609996046,""speed_mps"":1.35281132798755,""accelerating"":true,""braking"":false,""turning_left"":false,""turning_right"":false,""world_x"":-96.7737808227539,""world_y"":-60.922245025634766}","{""front"":{""boxes"":[{""id"":""F_466"",""cls"":""car"",""conf"":0.87158203125,""box"":[0.08551894206775441,0.528042858850188,0.03615177801436914,0.02594406806007233]},{""id"":""F_468"",""cls"":""car"",""conf"":0.9404296875,""box"":[0.872095269594649,0.6280789286321713,0.14946885529426188,0.11904510318799465]}]},""left"":{""boxes"":[]},""rear"":{""boxes"":[{""id"":""R_463"",""cls"":""bus"",""conf"":0.71533203125,""box"":[0.4031344805699174,0.5190134118557047,0.034911192106420866,0.04467592318110102]},{""id"":""R_324"",""cls"":""car"",""conf"":0.6318359375,""box"":[0.487868922405082,0.50625754128146,0.0253799067823282,0.01946244902383576]},{""id"":""R_469"",""cls"":""bench"",""conf"":0.75634765625,""box"":[0.19694523415114612,0.5561470272206304,0.051833346507382846,0.04595272206303728]}]},""right"":{""boxes"":[{""id"":""RT_464"",""cls"":""car"",""conf"":0.92822265625,""box"":[0.06482576673596667,0.6398348407701497,0.2030323820815989,0.12454098250915954]},{""id"":""RT_467"",""cls"":""car"",""conf"":0.8310546875,""box"":[0.7773021066576888,0.5199223991957151,0.03529707584841128,0.03464646245722699]}]}}","[{""id"":""F_468"",""cls"":""vehicle"",""x"":13.580619812011719,""y"":9.167962074279785,""distance"":16.76346664428711},{""id"":""R_463"",""cls"":""truck"",""x"":-36.83177185058594,""y"":7.304794788360596,""distance"":37.55761566162109},{""id"":""RT_464"",""cls"":""vehicle"",""x"":5.723660469055176,""y"":7.641413688659668,""distance"":9.668570613861084}]","[{""id"":""RT_464"",""cls"":""vehicle"",""label"":""Car"",""dist_m"":9.669,""speed_mps"":0.657,""motion"":""approaching""},{""id"":""F_468"",""cls"":""vehicle"",""label"":""Car"",""dist_m"":16.763,""speed_mps"":0.865,""motion"":""approaching""},{""id"":""R_463"",""cls"":""truck"",""label"":""Truck"",""dist_m"":37.558,""speed_mps"":0.591,""motion"":""receding""}]",frame_000232
"{""cam"":true,""radar"":true,""gnss"":true,""imu"":true,""lidar"":true}",165454984,3.2,177.4,22,7.4,"{""vehicle"":4,""person"":0,""cyclist"":0}",FALSE,"{""heading_deg"":232.73913310029138,""speed_mps"":1.515678774171451,""accelerating"":true,""braking"":false,""turning_left"":false,""turning_right"":false,""world_x"":-97.17992401123047,""world_y"":-61.22298812866211}","{""front"":{""boxes"":[{""id"":""F_466"",""cls"":""car"",""conf"":0.8759765625,""box"":[0.07282522079547356,0.527923881907578,0.03730462141294026,0.026318084137945934]},{""id"":""F_468"",""cls"":""car"",""conf"":0.9375,""box"":[0.8747705526493167,0.6317105224619796,0.1582779131697965,0.12071742199066358]}]},""left"":{""boxes"":[]},""rear"":{""boxes"":[{""id"":""R_463"",""cls"":""bus"",""conf"":0.505859375,""box"":[0.40049331955414313,0.5193566533656687,0.03531079823969403,0.04517059798895288]},{""id"":""R_324"",""cls"":""car"",""conf"":0.689453125,""box"":[0.483273199250168,0.5062442452454357,0.02542547141797371,0.019642912646816]},{""id"":""R_469"",""cls"":""bench"",""conf"":0.77978515625,""box"":[0.19984743762044072,0.5544565947639472,0.04981905838064164,0.04419035172504333]}]},""right"":{""boxes"":[{""id"":""RT_464"",""cls"":""car"",""conf"":0.92578125,""box"":[0.07254892844766436,0.6411318063576524,0.20221017233139899,0.12685636969068123]},{""id"":""RT_467"",""cls"":""car"",""conf"":0.85302734375,""box"":[0.7786264239199298,0.5198697973336357,0.03545744134158566,0.03480426667425617]}]}}","[{""id"":""F_468"",""cls"":""vehicle"",""x"":13.512157440185547,""y"":9.25910758972168,""distance"":16.769594955444337},{""id"":""R_463"",""cls"":""truck"",""x"":-36.87501907348633,""y"":6.69567346572876,""distance"":37.49030952453613},{""id"":""R_463"",""cls"":""truck"",""x"":-36.87501907348633,""y"":6.69567346572876,""distance"":37.49030952453613},{""id"":""RT_464"",""cls"":""vehicle"",""x"":5.521613121032715,""y"":7.338515281677246,""distance"":9.289511108398438}]","[{""id"":""RT_464"",""cls"":""vehicle"",""label"":""Car"",""dist_m"":9.29,""speed_mps"":0.606,""motion"":""approaching""},{""id"":""F_468"",""cls"":""vehicle"",""label"":""Car"",""dist_m"":16.77,""speed_mps"":0.205,""motion"":""approaching""},{""id"":""R_463"",""cls"":""truck"",""label"":""Truck"",""dist_m"":37.49,""speed_mps"":0.13,""motion"":""stationary""},{""id"":""R_463"",""cls"":""truck"",""label"":""Truck"",""dist_m"":37.49,""speed_mps"":null,""motion"":""unknown""}]",frame_000233
"{""cam"":true,""radar"":true,""gnss"":true,""imu"":true,""lidar"":true}",498644723,3.1,179.8,22,6.9,"{""vehicle"":4,""person"":0,""cyclist"":0}",FALSE,"{""heading_deg"":232.9821785517171,""speed_mps"":1.61888827827426,""accelerating"":true,""braking"":false,""turning_left"":false,""turning_right"":false,""world_x"":-97.61382293701172,""world_y"":-61.543426513671875}","{""front"":{""boxes"":[{""id"":""F_466"",""cls"":""car"",""conf"":0.892578125,""box"":[0.06049568499855775,0.528051725602415,0.038575377410373646,0.026805109258487232]},{""id"":""F_468"",""cls"":""car"",""conf"":0.9423828125,""box"":[0.8774999243790645,0.6366913087766424,0.16786013466951485,0.12373086804218568]}]},""left"":{""boxes"":[]},""rear"":{""boxes"":[{""id"":""R_463"",""cls"":""bus"",""conf"":0.6259765625,""box"":[0.39851226887746505,0.5194868503036225,0.035463576434573076,0.045350868103384026]},{""id"":""R_324"",""cls"":""car"",""conf"":0.76611328125,""box"":[0.4790736034312337,0.5060674847364921,0.025263036423535203,0.019367187124989606]},{""id"":""R_469"",""cls"":""bench"",""conf"":0.58154296875,""box"":[0.20336230360663818,0.553187764346143,0.049062372894395946,0.043664191914658326]}]},""right"":{""boxes"":[{""id"":""RT_464"",""cls"":""car"",""conf"":0.9384765625,""box"":[0.08194513641823484,0.6425668469318299,0.20291000920559013,0.12903685167832332]},{""id"":""RT_467"",""cls"":""car"",""conf"":0.80908203125,""box"":[0.7805018077578716,0.5193467718281478,0.035855568281844,0.03520837113737466]}]}}","[{""id"":""F_468"",""cls"":""vehicle"",""x"":12.521726608276367,""y"":8.662715911865234,""distance"":15.49261178970337},{""id"":""R_463"",""cls"":""truck"",""x"":-36.71318054199219,""y"":7.69338846206665,""distance"":37.518402099609375},{""id"":""R_463"",""cls"":""truck"",""x"":-36.71318054199219,""y"":7.69338846206665,""distance"":37.518402099609375},{""id"":""RT_464"",""cls"":""vehicle"",""x"":5.225734233856201,""y"":7.082575798034668,""distance"":8.93142204284668}]","[{""id"":""RT_464"",""cls"":""vehicle"",""label"":""Car"",""dist_m"":8.931,""speed_mps"":0.888,""motion"":""approaching""},{""id"":""F_468"",""cls"":""vehicle"",""label"":""Car"",""dist_m"":15.493,""speed_mps"":2.973,""motion"":""approaching""},{""id"":""R_463"",""cls"":""truck"",""label"":""Truck"",""dist_m"":37.518,""speed_mps"":0.486,""motion"":""receding""},{""id"":""R_463"",""cls"":""truck"",""label"":""Truck"",""dist_m"":37.518,""speed_mps"":null,""motion"":""unknown""}]",frame_000234
"{""cam"":true,""radar"":true,""gnss"":true,""imu"":true,""lidar"":true}",832033928,3.2,182.6,22,12.8,"{""vehicle"":4,""person"":0,""cyclist"":0}",FALSE,"{""heading_deg"":232.53425474594766,""speed_mps"":1.6809419774231498,""accelerating"":false,""braking"":false,""turning_left"":true,""turning_right"":false,""world_x"":-98.05802154541016,""world_y"":-61.88510513305664}","{""front"":{""boxes"":[{""id"":""F_466"",""cls"":""car"",""conf"":0.87158203125,""box"":[0.048465187588060774,0.5286141447115814,0.03985307138927339,0.027333061508817202]},{""id"":""F_468"",""cls"":""car"",""conf"":0.93798828125,""box"":[0.8803939112641022,0.6438853389526148,0.17872537118437676,0.12860695478795064]}]},""left"":{""boxes"":[]},""rear"":{""boxes"":[{""id"":""R_463"",""cls"":""bus"",""conf"":0.42626953125,""box"":[0.39704259184938995,0.5197057117219244,0.03529241217387944,0.045068316718755004]},{""id"":""R_324"",""cls"":""car"",""conf"":0.5947265625,""box"":[0.47604583129803524,0.506523050529157,0.026544537612015962,0.020309449736933338]},{""id"":""R_469"",""cls"":""bench"",""conf"":0.368408203125,""box"":[0.2087135652252083,0.5520772142401409,0.04708943752325767,0.042004804868949225]}]},""right"":{""boxes"":[{""id"":""RT_464"",""cls"":""car"",""conf"":0.9375,""box"":[0.09201749271424761,0.6449020863120134,0.20670483484569546,0.13217254824882735]},{""id"":""RT_467"",""cls"":""car"",""conf"":0.71044921875,""box"":[0.7833536312546382,0.5212228465762743,0.03350498472541519,0.03261418272420477]}]}}","[{""id"":""F_468"",""cls"":""vehicle"",""x"":12.115163803100586,""y"":8.203512191772461,""distance"":15.118151473999024},{""id"":""R_463"",""cls"":""truck"",""x"":-36.789825439453125,""y"":7.296469688415527,""distance"":37.513999938964844},{""id"":""R_463"",""cls"":""truck"",""x"":-36.789825439453125,""y"":7.296469688415527,""distance"":37.513999938964844},{""id"":""RT_464"",""cls"":""vehicle"",""x"":4.932632923126221,""y"":6.803983211517334,""distance"":8.54121379852295}]","[{""id"":""RT_464"",""cls"":""vehicle"",""label"":""Car"",""dist_m"":8.541,""speed_mps"":0.879,""motion"":""approaching""},{""id"":""F_468"",""cls"":""vehicle"",""label"":""Car"",""dist_m"":15.118,""speed_mps"":1.219,""motion"":""approaching""},{""id"":""R_463"",""cls"":""truck"",""label"":""Truck"",""dist_m"":37.514,""speed_mps"":0.23,""motion"":""approaching""},{""id"":""R_463"",""cls"":""truck"",""label"":""Truck"",""dist_m"":37.514,""speed_mps"":null,""motion"":""unknown""}]",frame_000235
"{""cam"":true,""radar"":true,""gnss"":true,""imu"":true,""lidar"":true}",165460884,3.1,191.5,11,7.4,"{""vehicle"":5,""person"":0,""cyclist"":0}",FALSE,"{""heading_deg"":231.61193332118583,""speed_mps"":1.7960838587795156,""accelerating"":true,""braking"":false,""turning_left"":true,""turning_right"":false,""world_x"":-98.5219955444336,""world_y"":-62.26374053955078}","{""front"":{""boxes"":[{""id"":""F_466"",""cls"":""car"",""conf"":0.8740234375,""box"":[0.04426847715774995,0.5289982086031593,0.04098667119569486,0.02787445859752419]},{""id"":""F_468"",""cls"":""car"",""conf"":0.9189453125,""box"":[0.8855808042667423,0.6516978965787449,0.18590954385341876,0.13179132516993436]}]},""left"":{""boxes"":[]},""rear"":{""boxes"":[{""id"":""R_463"",""cls"":""truck"",""conf"":0.394287109375,""box"":[0.39995539092908866,0.5196152871761641,0.03545650228582633,0.045293978540588614]},{""id"":""R_324"",""cls"":""car"",""conf"":0.79833984375,""box"":[0.47689881588596383,0.5066901926432814,0.02625244341939421,0.019976577168630407]},{""id"":""R_469"",""cls"":""bench"",""conf"":0.54296875,""box"":[0.21968071298651753,0.550450408361091,0.04503983259768822,0.04036136837580126]}]},""right"":{""boxes"":[{""id"":""RT_464"",""cls"":""car"",""conf"":0.943359375,""box"":[0.10496310092346502,0.6484266907319617,0.21723857662958715,0.13869594680153435]},{""id"":""RT_467"",""cls"":""car"",""conf"":0.72509765625,""box"":[0.7930281660440357,0.5218013291643468,0.03252394307649462,0.031248633963765707]}]}}","[{""id"":""F_468"",""cls"":""vehicle"",""x"":11.626984596252441,""y"":8.104723930358887,""distance"":14.609720802307129},{""id"":""R_463"",""cls"":""truck"",""x"":-37.05146789550781,""y"":5.701323509216309,""distance"":37.49773902893067},{""id"":""R_463"",""cls"":""truck"",""x"":-37.05146789550781,""y"":5.701323509216309,""distance"":37.49773902893067},{""id"":""R_463"",""cls"":""vehicle"",""x"":-37.05146789550781,""y"":5.701323509216309,""distance"":37.49773902893067},{""id"":""RT_464"",""cls"":""vehicle"",""x"":4.429710388183594,""y"":6.574223518371582,""distance"":8.156071090698243}]","[{""id"":""RT_464"",""cls"":""vehicle"",""label"":""Car"",""dist_m"":8.156,""speed_mps"":1.508,""motion"":""approaching""},{""id"":""F_468"",""cls"":""vehicle"",""label"":""Car"",""dist_m"":14.61,""speed_mps"":1.464,""motion"":""approaching""},{""id"":""R_463"",""cls"":""truck"",""label"":""Truck"",""dist_m"":37.498,""speed_mps"":0.785,""motion"":""approaching""},{""id"":""R_463"",""cls"":""truck"",""label"":""Truck"",""dist_m"":37.498,""speed_mps"":null,""motion"":""unknown""},{""id"":""R_463"",""cls"":""vehicle"",""label"":""Car"",""dist_m"":37.498,""speed_mps"":null,""motion"":""unknown""}]",frame_000236
"{""cam"":true,""radar"":true,""gnss"":true,""imu"":true,""lidar"":true}",498734106,3.1,256.7,11,11.9,"{""vehicle"":5,""person"":0,""cyclist"":0}",FALSE,"{""heading_deg"":230.57691377511878,""speed_mps"":1.9511043395960508,""accelerating"":true,""braking"":false,""turning_left"":true,""turning_right"":false,""world_x"":-99.01790618896484,""world_y"":-62.68433380126953}","{""front"":{""boxes"":[{""id"":""F_466"",""cls"":""car"",""conf"":0.861328125,""box"":[0.04765276633819396,0.5289722687510976,0.04117145478004184,0.027738303555854375]},{""id"":""F_468"",""cls"":""car"",""conf"":0.90185546875,""box"":[0.8935896640870684,0.6651889697090465,0.18944282185740144,0.1336558242574205]}]},""left"":{""boxes"":[]},""rear"":{""boxes"":[{""id"":""R_463"",""cls"":""bus"",""conf"":0.673828125,""box"":[0.4074588954562202,0.5195788062314638,0.03598403340254706,0.04605728502614769]},{""id"":""R_324"",""cls"":""car"",""conf"":0.82763671875,""box"":[0.4828297286309368,0.5067546850332765,0.026133599522355232,0.019845668846263466]}]},""right"":{""boxes"":[{""id"":""RT_464"",""cls"":""car"",""conf"":0.94921875,""box"":[0.12061926121852806,0.6538918466995932,0.23381538299249266,0.14814432085847665]}]}}","[{""id"":""F_468"",""cls"":""vehicle"",""x"":10.84472942352295,""y"":7.65615701675415,""distance"":14.072270393371582},{""id"":""F_466"",""cls"":""vehicle"",""x"":37.27363204956055,""y"":-33.187294006347656,""distance"":49.92263412475586},{""id"":""R_463"",""cls"":""truck"",""x"":-37.199562072753906,""y"":5.109970569610596,""distance"":37.573448181152344},{""id"":""R_463"",""cls"":""truck"",""x"":-37.199562072753906,""y"":5.109970569610596,""distance"":37.573448181152344},{""id"":""RT_464"",""cls"":""vehicle"",""x"":3.8433613777160645,""y"":6.598514556884766,""distance"":7.817908191680909}]","[{""id"":""RT_464"",""cls"":""vehicle"",""label"":""Car"",""dist_m"":7.818,""speed_mps"":1.759,""motion"":""approaching""},{""id"":""F_468"",""cls"":""vehicle"",""label"":""Car"",""dist_m"":14.072,""speed_mps"":2.347,""motion"":""approaching""},{""id"":""R_463"",""cls"":""truck"",""label"":""Truck"",""dist_m"":37.573,""speed_mps"":0.444,""motion"":""approaching""},{""id"":""R_463"",""cls"":""truck"",""label"":""Truck"",""dist_m"":37.573,""speed_mps"":null,""motion"":""unknown""},{""id"":""F_466"",""cls"":""vehicle"",""label"":""Car"",""dist_m"":49.923,""speed_mps"":0.043,""motion"":""stationary""}]",frame_000237
"{""cam"":true,""radar"":true,""gnss"":true,""imu"":true,""lidar"":true}",832117428,3.1,267.6,11,8.3,"{""vehicle"":3,""person"":0,""cyclist"":0}",FALSE,"{""heading_deg"":229.45517814734924,""speed_mps"":2.116813069481682,""accelerating"":true,""braking"":false,""turning_left"":true,""turning_right"":false,""world_x"":-99.5478286743164,""world_y"":-63.150390625}","{""front"":{""boxes"":[{""id"":""F_466"",""cls"":""car"",""conf"":0.8642578125,""box"":[0.05426239350121761,0.5291294441706036,0.04265314318915235,0.028709492583598183]},{""id"":""F_468"",""cls"":""car"",""conf"":0.875,""box"":[0.9039315800320976,0.6845925788504454,0.19513448641156045,0.13906678223285585]}]},""left"":{""boxes"":[]},""rear"":{""boxes"":[{""id"":""R_324"",""cls"":""car"",""conf"":0.77978515625,""box"":[0.4912245942559883,0.5064322569463783,0.026155691311267937,0.01979764640439375]}]},""right"":{""boxes"":[{""id"":""RT_464"",""cls"":""car"",""conf"":0.94384765625,""box"":[0.138162634329371,0.6614086232451981,0.2581897868861227,0.16198488940879027]}]}}","[{""id"":""F_468"",""cls"":""vehicle"",""x"":10.359312057495117,""y"":7.766690731048584,""distance"":13.434294128417969},{""id"":""F_466"",""cls"":""vehicle"",""x"":36.89105224609375,""y"":-31.90833854675293,""distance"":48.89797172546387},{""id"":""RT_464"",""cls"":""vehicle"",""x"":3.1271395683288574,""y"":6.552945613861084,""distance"":7.473269653320313}]","[{""id"":""RT_464"",""cls"":""vehicle"",""label"":""Car"",""dist_m"":7.473,""speed_mps"":2.148,""motion"":""approaching""},{""id"":""F_468"",""cls"":""vehicle"",""label"":""Car"",""dist_m"":13.434,""speed_mps"":1.456,""motion"":""approaching""},{""id"":""F_466"",""cls"":""vehicle"",""label"":""Car"",""dist_m"":48.898,""speed_mps"":1.148,""motion"":""approaching""}]",frame_000238
"{""cam"":true,""radar"":true,""gnss"":true,""imu"":true,""lidar"":true}",165350025,3.1,188.4,28,7.5,"{""vehicle"":2,""person"":0,""cyclist"":0}",FALSE,"{""heading_deg"":228.64761756102197,""speed_mps"":2.278797384807241,""accelerating"":true,""braking"":false,""turning_left"":true,""turning_right"":false,""world_x"":-100.11363983154297,""world_y"":-63.6568489074707}","{""front"":{""boxes"":[{""id"":""F_466"",""cls"":""car"",""conf"":0.75927734375,""box"":[0.06221984680018857,0.5291862234445012,0.04233892755521689,0.028394088209202965]},{""id"":""F_468"",""cls"":""car"",""conf"":0.9111328125,""box"":[0.9164860843275221,0.7102110052449516,0.19992181168224227,0.14612497764546692]}]},""left"":{""boxes"":[]},""rear"":{""boxes"":[{""id"":""R_324"",""cls"":""car"",""conf"":0.83642578125,""box"":[0.5003717870354354,0.5059653908411957,0.02621074385024915,0.019781004833059158]}]},""right"":{""boxes"":[{""id"":""RT_464"",""cls"":""car"",""conf"":0.93896484375,""box"":[0.15688996836999344,0.6766707617689869,0.30530910534580374,0.19142420568428212]}]}}","[{""id"":""F_468"",""cls"":""vehicle"",""x"":9.587813377380371,""y"":7.364231109619141,""distance"":12.67469072341919},{""id"":""RT_464"",""cls"":""vehicle"",""x"":2.5859200954437256,""y"":6.298611164093018,""distance"":6.975308895111084}]","[{""id"":""RT_464"",""cls"":""vehicle"",""label"":""Car"",""dist_m"":6.975,""speed_mps"":1.624,""motion"":""approaching""},{""id"":""F_468"",""cls"":""vehicle"",""label"":""Car"",""dist_m"":12.675,""speed_mps"":2.315,""motion"":""approaching""}]",frame_000239
"{""cam"":true,""radar"":true,""gnss"":true,""imu"":true,""lidar"":true}",498686606,3.2,171.8,28,7.6,"{""vehicle"":2,""person"":0,""cyclist"":0}",FALSE,"{""heading_deg"":228.00527925071728,""speed_mps"":2.4374185957521375,""accelerating"":true,""braking"":false,""turning_left"":true,""turning_right"":false,""world_x"":-100.71576690673828,""world_y"":-64.20234680175781}","{""front"":{""boxes"":[{""id"":""F_466"",""cls"":""car"",""conf"":0.79833984375,""box"":[0.06738785455214388,0.529032497828497,0.043545491794376855,0.029290413026641163]},{""id"":""F_468"",""cls"":""car"",""conf"":0.9091796875,""box"":[0.9296221136858553,0.7356839768973332,0.20850985273523684,0.15879938802610868]}]},""left"":{""boxes"":[]},""rear"":{""boxes"":[{""id"":""R_324"",""cls"":""car"",""conf"":0.79931640625,""box"":[0.5087323384836941,0.5061352260277464,0.025419798349318866,0.019086595116917]}]},""right"":{""boxes"":[{""id"":""RT_464"",""cls"":""car"",""conf"":0.96630859375,""box"":[0.17626282596641005,0.6943370301907076,0.3600576313952474,0.2269528514363421]}]}}","[{""id"":""F_468"",""cls"":""vehicle"",""x"":9.1400728225708,""y"":7.119999885559082,""distance"":11.99113826751709},{""id"":""RT_464"",""cls"":""vehicle"",""x"":1.9831064939498901,""y"":6.184502124786377,""distance"":6.841041135787964}]","[{""id"":""RT_464"",""cls"":""vehicle"",""label"":""Car"",""dist_m"":6.841,""speed_mps"":1.808,""motion"":""approaching""},{""id"":""F_468"",""cls"":""vehicle"",""label"":""Car"",""dist_m"":11.991,""speed_mps"":1.343,""motion"":""approaching""}]",frame_000240
"{""cam"":true,""radar"":true,""gnss"":true,""imu"":true,""lidar"":true}",831967074,3.1,181.5,13,6.8,"{""vehicle"":4,""person"":0,""cyclist"":0}",FALSE,"{""heading_deg"":228.0013997032687,""speed_mps"":2.5973164720863022,""accelerating"":true,""braking"":false,""turning_left"":false,""turning_right"":false,""world_x"":-101.35990905761719,""world_y"":-64.78062438964844}","{""front"":{""boxes"":[{""id"":""F_466"",""cls"":""car"",""conf"":0.83642578125,""box"":[0.06874114741550667,0.5293112526764455,0.04314417942009556,0.028945776209545096]},{""id"":""F_468"",""cls"":""car"",""conf"":0.79833984375,""box"":[0.9447946059896882,0.7499101865182027,0.1868441531371447,0.1489674110009157]}]},""left"":{""boxes"":[]},""rear"":{""boxes"":[{""id"":""R_324"",""cls"":""car"",""conf"":0.77197265625,""box"":[0.5148896869787244,0.5060276055087296,0.025622391322156178,0.01917462251557254]},{""id"":""R_472"",""cls"":""bus"",""conf"":0.537109375,""box"":[0.44671874999999994,0.51921875,0.033906022495631925,0.04468749999999998]}]},""right"":{""boxes"":[{""id"":""RT_464"",""cls"":""car"",""conf"":0.96337890625,""box"":[0.19668288850407226,0.7064966747258464,0.3968436073233783,0.25014082853514935]}]}}","[{""id"":""F_468"",""cls"":""vehicle"",""x"":8.375049591064453,""y"":6.673386096954346,""distance"":11.395493316650391},{""id"":""R_472"",""cls"":""truck"",""x"":-38.745452880859375,""y"":3.4891576766967773,""distance"":38.91450729370117},{""id"":""R_472"",""cls"":""truck"",""x"":-38.745452880859375,""y"":3.4891576766967773,""distance"":38.91450729370117},{""id"":""RT_464"",""cls"":""vehicle"",""x"":1.5152453184127808,""y"":6.097884654998779,""distance"":6.615922927856445}]","[{""id"":""RT_464"",""cls"":""vehicle"",""label"":""Car"",""dist_m"":6.616,""speed_mps"":1.404,""motion"":""approaching""},{""id"":""F_468"",""cls"":""vehicle"",""label"":""Car"",""dist_m"":11.395,""speed_mps"":2.295,""motion"":""approaching""},{""id"":""R_472"",""cls"":""truck"",""label"":""Truck"",""dist_m"":38.915,""speed_mps"":null,""motion"":""unknown""},{""id"":""R_472"",""cls"":""truck"",""label"":""Truck"",""dist_m"":38.915,""speed_mps"":null,""motion"":""unknown""}]",frame_000241
"{""cam"":true,""radar"":true,""gnss"":true,""imu"":true,""lidar"":true}",165346574,3.2,183.4,13,7.3,"{""vehicle"":3,""person"":0,""cyclist"":0}",FALSE,"{""heading_deg"":228.4086565627199,""speed_mps"":2.7569336227334005,""accelerating"":true,""braking"":false,""turning_left"":false,""turning_right"":false,""world_x"":-102.0506591796875,""world_y"":-65.3869400024414}","{""front"":{""boxes"":[{""id"":""F_466"",""cls"":""car"",""conf"":0.8662109375,""box"":[0.06139573038954602,0.529416850657298,0.04323575973116296,0.02880133577678604]}]},""left"":{""boxes"":[]},""rear"":{""boxes"":[{""id"":""R_324"",""cls"":""car"",""conf"":0.732421875,""box"":[0.5168291949300567,0.5059892935961633,0.025746529208222846,0.0192096598055817]},{""id"":""R_472"",""cls"":""bus"",""conf"":0.56591796875,""box"":[0.44848977818604724,0.5186584246981998,0.034262727842675214,0.045167778830114476]}]},""right"":{""boxes"":[{""id"":""RT_464"",""cls"":""car"",""conf"":0.9638671875,""box"":[0.21677915955563054,0.7200932817703803,0.4300055138057993,0.2706040482294179]},{""id"":""RT_473"",""cls"":""car"",""conf"":0.658203125,""box"":[0.907421875,0.5233854166666666,0.038283456165165396,0.030312500000000023]}]}}","[{""id"":""R_472"",""cls"":""truck"",""x"":-39.34813690185547,""y"":4.447973728179932,""distance"":39.617741394042966},{""id"":""R_472"",""cls"":""truck"",""x"":-39.34813690185547,""y"":4.447973728179932,""distance"":39.617741394042966},{""id"":""RT_464"",""cls"":""vehicle"",""x"":2.0048305988311768,""y"":6.4228434562683105,""distance"":9.8769100189209}]","[{""id"":""RT_464"",""cls"":""vehicle"",""label"":""Car"",""dist_m"":9.877,""speed_mps"":1.469,""motion"":""receding""},{""id"":""R_472"",""cls"":""truck"",""label"":""Truck"",""dist_m"":39.618,""speed_mps"":1.808,""motion"":""approaching""},{""id"":""R_472"",""cls"":""truck"",""label"":""Truck"",""dist_m"":39.618,""speed_mps"":null,""motion"":""unknown""}]",frame_000242
"{""cam"":true,""radar"":true,""gnss"":true,""imu"":true,""lidar"":true}",498705451,3.1,184.1,13,7.4,"{""vehicle"":3,""person"":0,""cyclist"":0}",FALSE,"{""heading_deg"":228.32418078306517,""speed_mps"":2.8993690495262507,""accelerating"":true,""braking"":false,""turning_left"":false,""turning_right"":false,""world_x"":-102.77510070800781,""world_y"":-66.0267562866211}","{""front"":{""boxes"":[{""id"":""F_466"",""cls"":""car"",""conf"":0.87158203125,""box"":[0.045530093746607936,0.5301397486624855,0.04471308561857724,0.029427294221381985]}]},""left"":{""boxes"":[]},""rear"":{""boxes"":[{""id"":""R_324"",""cls"":""car"",""conf"":0.7373046875,""box"":[0.5152777302410978,0.5059764135503263,0.02587559417248677,0.019226000537884858]},{""id"":""R_472"",""cls"":""bus"",""conf"":0.55078125,""box"":[0.44712654584026656,0.5180667110725499,0.03373063301487589,0.044525283695885896]}]},""right"":{""boxes"":[{""id"":""RT_464"",""cls"":""car"",""conf"":0.953125,""box"":[0.2375331894809868,0.7345317085392631,0.47005211292256865,0.29543731720544814]},{""id"":""RT_473"",""cls"":""car"",""conf"":0.7548828125,""box"":[0.9154481553552497,0.5234265770787448,0.03830405657278106,0.030230179175843593]}]}}","[{""id"":""R_472"",""cls"":""truck"",""x"":-40.076744079589844,""y"":4.117656230926514,""distance"":40.29526138305664},{""id"":""R_472"",""cls"":""truck"",""x"":-40.076744079589844,""y"":4.117656230926514,""distance"":40.29526138305664},{""id"":""RT_464"",""cls"":""vehicle"",""x"":3.729668140411377,""y"":7.26237154006958,""distance"":9.847232913970947}]","[{""id"":""RT_464"",""cls"":""vehicle"",""label"":""Car"",""dist_m"":9.847,""speed_mps"":5.174,""motion"":""receding""},{""id"":""R_472"",""cls"":""truck"",""label"":""Truck"",""dist_m"":40.295,""speed_mps"":2.186,""motion"":""approaching""},{""id"":""R_472"",""cls"":""truck"",""label"":""Truck"",""dist_m"":40.295,""speed_mps"":null,""motion"":""unknown""}]",frame_000243
"{""cam"":true,""radar"":true,""gnss"":true,""imu"":true,""lidar"":true}",832029954,3.1,266.2,21,8.7,"{""vehicle"":3,""person"":0,""cyclist"":0}",FALSE,"{""heading_deg"":227.89344173324747,""speed_mps"":2.9352524739550736,""accelerating"":false,""braking"":false,""turning_left"":false,""turning_right"":false,""world_x"":-103.50218200683594,""world_y"":-66.68143463134766}","{""front"":{""boxes"":[{""id"":""F_466"",""cls"":""car"",""conf"":0.8740234375,""box"":[0.03167970710892463,0.5310882012475285,0.04544905165052824,0.02965851688354396]}]},""left"":{""boxes"":[]},""rear"":{""boxes"":[{""id"":""R_324"",""cls"":""car"",""conf"":0.69287109375,""box"":[0.5148788569443237,0.5061456849300437,0.02638215588786208,0.01958011993984498]},{""id"":""R_472"",""cls"":""bus"",""conf"":0.51953125,""box"":[0.44796043100735883,0.5177010291188602,0.033834453404324005,0.0446980934011617]}]},""right"":{""boxes"":[{""id"":""RT_464"",""cls"":""car"",""conf"":0.96435546875,""box"":[0.2625217760786238,0.7524052890171393,0.5144070793704947,0.32321589342436163]},{""id"":""RT_473"",""cls"":""car"",""conf"":0.82666015625,""box"":[0.9290396897996906,0.5228234687240904,0.038951609726141534,0.03061512725540562]}]}}","[{""id"":""R_472"",""cls"":""truck"",""x"":-40.82465744018555,""y"":3.6763622760772705,""distance"":41.007815551757815},{""id"":""R_472"",""cls"":""truck"",""x"":-40.82465744018555,""y"":3.6763622760772705,""distance"":41.007815551757815},{""id"":""RT_464"",""cls"":""vehicle"",""x"":3.5852315425872803,""y"":7.225447654724121,""distance"":9.041564559936523}]","[{""id"":""RT_464"",""cls"":""vehicle"",""label"":""Car"",""dist_m"":9.042,""speed_mps"":0.433,""motion"":""approaching""},{""id"":""R_472"",""cls"":""truck"",""label"":""Truck"",""dist_m"":41.008,""speed_mps"":2.244,""motion"":""approaching""},{""id"":""R_472"",""cls"":""truck"",""label"":""Truck"",""dist_m"":41.008,""speed_mps"":null,""motion"":""unknown""}]",frame_000244
"{""cam"":true,""radar"":true,""gnss"":true,""imu"":true,""lidar"":true}",165409083,3,271.2,21,11.4,"{""vehicle"":3,""person"":0,""cyclist"":0}",FALSE,"{""heading_deg"":226.41976011792553,""speed_mps"":2.8653313361362747,""accelerating"":false,""braking"":false,""turning_left"":true,""turning_right"":false,""world_x"":-104.19515991210938,""world_y"":-67.33890533447266}","{""front"":{""boxes"":[{""id"":""F_466"",""cls"":""car"",""conf"":0.85498046875,""box"":[0.023423139235091706,0.5311058091090586,0.04623709970206025,0.03042226692560798]}]},""left"":{""boxes"":[]},""rear"":{""boxes"":[{""id"":""R_324"",""cls"":""car"",""conf"":0.6533203125,""box"":[0.5163506657154778,0.506552572962241,0.02647883732871197,0.019714232655342202]},{""id"":""R_472"",""cls"":""bus"",""conf"":0.61669921875,""box"":[0.45218627839985387,0.5168472235459523,0.03320733018244262,0.04400488721058592]}]},""right"":{""boxes"":[{""id"":""RT_464"",""cls"":""car"",""conf"":0.97705078125,""box"":[0.3082159907782893,0.7729593266352187,0.5650639584795993,0.3585452937453383]},{""id"":""RT_473"",""cls"":""car"",""conf"":0.7216796875,""box"":[0.9435253630472082,0.5224431097875893,0.03747722669662377,0.029560530568803027]}]}}","[{""id"":""R_472"",""cls"":""truck"",""x"":-41.57415008544922,""y"":2.99212384223938,""distance"":41.699886322021484},{""id"":""R_472"",""cls"":""truck"",""x"":-41.57415008544922,""y"":2.99212384223938,""distance"":41.699886322021484},{""id"":""RT_464"",""cls"":""vehicle"",""x"":2.811372756958008,""y"":6.750913619995117,""distance"":8.329713821411133}]","[{""id"":""RT_464"",""cls"":""vehicle"",""label"":""Car"",""dist_m"":8.33,""speed_mps"":2.321,""motion"":""approaching""},{""id"":""R_472"",""cls"":""truck"",""label"":""Truck"",""dist_m"":41.7,""speed_mps"":2.248,""motion"":""approaching""},{""id"":""R_472"",""cls"":""truck"",""label"":""Truck"",""dist_m"":41.7,""speed_mps"":null,""motion"":""unknown""}]",frame_000245
"{""cam"":true,""radar"":true,""gnss"":true,""imu"":true,""lidar"":true}",498689458,3.2,178.1,21,8.8,"{""vehicle"":3,""person"":0,""cyclist"":0}",FALSE,"{""heading_deg"":223.73246317011905,""speed_mps"":2.722540899462686,""accelerating"":false,""braking"":true,""turning_left"":true,""turning_right"":false,""world_x"":-104.81806945800781,""world_y"":-67.9986801147461}","{""front"":{""boxes"":[{""id"":""F_466"",""cls"":""car"",""conf"":0.8623046875,""box"":[0.02365947665306777,0.5314440228613042,0.047123380607843435,0.030706758573522563]}]},""left"":{""boxes"":[]},""rear"":{""boxes"":[{""id"":""R_324"",""cls"":""car"",""conf"":0.72021484375,""box"":[0.5252184688434716,0.506364822004361,0.024864379696789916,0.018393734219012064]},{""id"":""R_472"",""cls"":""bus"",""conf"":0.73095703125,""box"":[0.4633439191552255,0.5167602771640118,0.032139080781307075,0.042657618150179565]}]},""right"":{""boxes"":[{""id"":""RT_464"",""cls"":""car"",""conf"":0.95751953125,""box"":[0.36941652952524473,0.790289858914201,0.5977672952126717,0.3839257051687299]}]}}","[{""id"":""F_466"",""cls"":""vehicle"",""x"":35.60061264038086,""y"":-32.159297943115234,""distance"":47.99015808105469},{""id"":""R_472"",""cls"":""truck"",""x"":-42.292137145996094,""y"":1.3678417205810547,""distance"":42.34170913696289},{""id"":""RT_464"",""cls"":""vehicle"",""x"":2.611748695373535,""y"":6.468390941619873,""distance"":8.013874816894532}]","[{""id"":""RT_464"",""cls"":""vehicle"",""label"":""Car"",""dist_m"":8.014,""speed_mps"":0.599,""motion"":""approaching""},{""id"":""R_472"",""cls"":""truck"",""label"":""Truck"",""dist_m"":42.342,""speed_mps"":2.154,""motion"":""approaching""},{""id"":""F_466"",""cls"":""vehicle"",""label"":""Car"",""dist_m"":47.99,""speed_mps"":0.484,""motion"":""approaching""}]",frame_000246
"{""cam"":true,""radar"":true,""gnss"":true,""imu"":true,""lidar"":true}",832014426,3.2,196.4,23,9.3,"{""vehicle"":1,""person"":0,""cyclist"":0}",FALSE,"{""heading_deg"":220.09988170156112,""speed_mps"":2.5451951123909744,""accelerating"":false,""braking"":true,""turning_left"":true,""turning_right"":false,""world_x"":-105.35678100585938,""world_y"":-68.65406799316406}","{""front"":{""boxes"":[]},""left"":{""boxes"":[]},""rear"":{""boxes"":[]},""right"":{""boxes"":[{""id"":""RT_464"",""cls"":""car"",""conf"":0.9501953125,""box"":[0.4449802452689834,0.7984305554237074,0.5962280421634452,0.3855508226396233]}]}}","[{""id"":""RT_464"",""cls"":""vehicle"",""x"":2.3719406127929688,""y"":6.615992546081543,""distance"":8.19431438446045}]","[{""id"":""RT_464"",""cls"":""vehicle"",""label"":""Car"",""dist_m"":8.194,""speed_mps"":0.719,""motion"":""approaching""}]",frame_000247
"{""cam"":true,""radar"":true,""gnss"":true,""imu"":true,""lidar"":true}",165353422,3.2,199,23,7.4,"{""vehicle"":1,""person"":0,""cyclist"":0}",FALSE,"{""heading_deg"":215.54980092179537,""speed_mps"":2.355625673222585,""accelerating"":false,""braking"":true,""turning_left"":true,""turning_right"":false,""world_x"":-105.79597473144531,""world_y"":-69.30497741699219}","{""front"":{""boxes"":[]},""left"":{""boxes"":[]},""rear"":{""boxes"":[]},""right"":{""boxes"":[{""id"":""RT_464"",""cls"":""car"",""conf"":0.923828125,""box"":[0.56784714916401,0.793452060537031,0.5448253218215561,0.3545609001264548]}]}}","[{""id"":""RT_464"",""cls"":""vehicle"",""x"":-2.074669599533081,""y"":7.3601555824279785,""distance"":8.588607501983642}]","[{""id"":""RT_464"",""cls"":""vehicle"",""label"":""Car"",""dist_m"":8.589,""speed_mps"":13.34,""motion"":""approaching""}]",frame_000248
"{""cam"":true,""radar"":true,""gnss"":true,""imu"":true,""lidar"":true}",498659623,3.2,187,23,7.2,"{""vehicle"":1,""person"":0,""cyclist"":0}",FALSE,"{""heading_deg"":210.36881556839558,""speed_mps"":2.1650249608901944,""accelerating"":false,""braking"":true,""turning_left"":true,""turning_right"":false,""world_x"":-106.13558959960938,""world_y"":-69.94168090820312}","{""front"":{""boxes"":[]},""left"":{""boxes"":[]},""rear"":{""boxes"":[]},""right"":{""boxes"":[{""id"":""RT_464"",""cls"":""car"",""conf"":0.8662109375,""box"":[0.7021383535114843,0.8108161063840462,0.5442807597552858,0.3584420024960602]}]}}","[{""id"":""RT_464"",""cls"":""vehicle"",""x"":-2.6213581562042236,""y"":6.061779022216797,""distance"":7.450677871704102}]","[{""id"":""RT_464"",""cls"":""vehicle"",""label"":""Car"",""dist_m"":7.451,""speed_mps"":1.64,""motion"":""approaching""}]",frame_000249
"{""cam"":true,""radar"":true,""gnss"":true,""imu"":true,""lidar"":true}",832001778,3.2,194,11,8.3,"{""vehicle"":1,""person"":0,""cyclist"":0}",FALSE,"{""heading_deg"":204.09610643843925,""speed_mps"":1.964250846482965,""accelerating"":false,""braking"":true,""turning_left"":true,""turning_right"":false,""world_x"":-106.36109924316406,""world_y"":-70.55638885498047}","{""front"":{""boxes"":[]},""left"":{""boxes"":[]},""rear"":{""boxes"":[]},""right"":{""boxes"":[{""id"":""RT_464"",""cls"":""car"",""conf"":0.9267578125,""box"":[0.7951578208958934,0.8221447861080835,0.51032337856881,0.34707443228052137]}]}}","[{""id"":""RT_464"",""cls"":""vehicle"",""x"":-2.5246386528015137,""y"":6.1126251220703125,""distance"":7.211817741394043}]","[{""id"":""RT_464"",""cls"":""vehicle"",""label"":""Car"",""dist_m"":7.212,""speed_mps"":0.29,""motion"":""receding""}]",frame_000250
"{""cam"":true,""radar"":true,""gnss"":true,""imu"":true,""lidar"":true}",165335664,3.1,280.7,11,8.1,"{""vehicle"":2,""person"":0,""cyclist"":0}",FALSE,"{""heading_deg"":197.160076657048,""speed_mps"":1.8515462726664111,""accelerating"":false,""braking"":true,""turning_left"":true,""turning_right"":false,""world_x"":-106.4830322265625,""world_y"":-71.16140747070312}","{""front"":{""boxes"":[]},""left"":{""boxes"":[]},""rear"":{""boxes"":[{""id"":""R_490"",""cls"":""car"",""conf"":0.73095703125,""box"":[0.13232421875,0.8140625,0.17144694699892965,0.3577083333333333]}]},""right"":{""boxes"":[{""id"":""RT_464"",""cls"":""car"",""conf"":0.90576171875,""box"":[0.864998426307816,0.8578575430417874,0.3987390902467537,0.28025151275949106]}]}}","[{""id"":""R_490"",""cls"":""vehicle"",""x"":-4.3930487632751465,""y"":1.8355578184127808,""distance"":5.2596540451049805},{""id"":""RT_464"",""cls"":""vehicle"",""x"":-2.537961483001709,""y"":5.820143699645996,""distance"":6.984795475006104}]","[{""id"":""R_490"",""cls"":""vehicle"",""label"":""Car"",""dist_m"":5.26,""speed_mps"":null,""motion"":""unknown""},{""id"":""RT_464"",""cls"":""vehicle"",""label"":""Car"",""dist_m"":6.985,""speed_mps"":0.04,""motion"":""stationary""}]",frame_000251
"{""cam"":true,""radar"":true,""gnss"":true,""imu"":true,""lidar"":true}",498689895,3.1,253.8,11,9.9,"{""vehicle"":0,""person"":0,""cyclist"":0}",FALSE,"{""heading_deg"":190.5069396507003,""speed_mps"":1.859029787818385,""accelerating"":false,""braking"":false,""turning_left"":true,""turning_right"":false,""world_x"":-106.52554321289062,""world_y"":-71.7796630859375}","{""front"":{""boxes"":[]},""left"":{""boxes"":[]},""rear"":{""boxes"":[{""id"":""R_490"",""cls"":""train"",""conf"":0.89501953125,""box"":[0.18555640361695067,0.8033085232592019,0.18574394930741886,0.38046765865385884]}]},""right"":{""boxes"":[]}}",[],[],frame_000252
"{""cam"":true,""radar"":true,""gnss"":true,""imu"":true,""lidar"":true}",832057226,3.2,169.4,30,11.7,"{""vehicle"":0,""person"":0,""cyclist"":0}",FALSE,"{""heading_deg"":183.88524883529138,""speed_mps"":1.9365942210372438,""accelerating"":false,""braking"":false,""turning_left"":true,""turning_right"":false,""world_x"":-106.49598693847656,""world_y"":-72.4245834350586}","{""front"":{""boxes"":[]},""left"":{""boxes"":[]},""rear"":{""boxes"":[{""id"":""R_490"",""cls"":""train"",""conf"":0.81982421875,""box"":[0.30083079440428395,0.7824021976602159,0.18600500089681615,0.37627546124065]}]},""right"":{""boxes"":[]}}",[],[],frame_000253
"{""cam"":true,""radar"":true,""gnss"":true,""imu"":true,""lidar"":true}",165387303,3.2,185.1,30,8.8,"{""vehicle"":1,""person"":0,""cyclist"":0}",FALSE,"{""heading_deg"":177.92396901073096,""speed_mps"":2.078658317645241,""accelerating"":true,""braking"":false,""turning_left"":true,""turning_right"":false,""world_x"":-106.40296936035156,""world_y"":-73.11119079589844}","{""front"":{""boxes"":[]},""left"":{""boxes"":[]},""rear"":{""boxes"":[{""id"":""R_490"",""cls"":""car"",""conf"":0.60595703125,""box"":[0.4099355269489985,0.7270121011527008,0.1480354083929764,0.2930659968560859]}]},""right"":{""boxes"":[]}}","[{""id"":""R_490"",""cls"":""vehicle"",""x"":-6.385912895202637,""y"":0.3207327425479889,""distance"":6.765261650085449}]","[{""id"":""R_490"",""cls"":""vehicle"",""label"":""Car"",""dist_m"":6.765,""speed_mps"":1.993,""motion"":""approaching""}]",frame_000254
"{""cam"":true,""radar"":true,""gnss"":true,""imu"":true,""lidar"":true}",498657738,3.2,162.5,30,6.7,"{""vehicle"":0,""person"":0,""cyclist"":0}",FALSE,"{""heading_deg"":172.37687185744014,""speed_mps"":2.237445245761845,""accelerating"":true,""braking"":false,""turning_left"":true,""turning_right"":false,""world_x"":-106.24900817871094,""world_y"":-73.8407974243164}","{""front"":{""boxes"":[]},""left"":{""boxes"":[]},""rear"":{""boxes"":[{""id"":""R_490"",""cls"":""train"",""conf"":0.81640625,""box"":[0.49194188677031825,0.6896272432324291,0.12298003721596347,0.2381488625537627]}]},""right"":{""boxes"":[]}}",[],[],frame_000255
"{""cam"":true,""radar"":true,""gnss"":true,""imu"":true,""lidar"":true}",832020795,3.1,172.7,15,6.6,"{""vehicle"":1,""person"":0,""cyclist"":0}",FALSE,"{""heading_deg"":167.6838625391027,""speed_mps"":2.4003986122415117,""accelerating"":true,""braking"":false,""turning_left"":true,""turning_right"":false,""world_x"":-106.03585815429688,""world_y"":-74.61209106445312}","{""front"":{""boxes"":[]},""left"":{""boxes"":[]},""rear"":{""boxes"":[{""id"":""R_490"",""cls"":""car"",""conf"":0.81640625,""box"":[0.5498998278075378,0.6675714691876872,0.10869136506851991,0.20585399515957062]}]},""right"":{""boxes"":[]}}","[{""id"":""R_490"",""cls"":""vehicle"",""x"":-7.546804428100586,""y"":-0.926318347454071,""distance"":7.853466987609863}]","[{""id"":""R_490"",""cls"":""vehicle"",""label"":""Car"",""dist_m"":7.853,""speed_mps"":1.741,""motion"":""approaching""}]",frame_000256
"{""cam"":true,""radar"":true,""gnss"":true,""imu"":true,""lidar"":true}",165377720,3.2,178.4,15,8.9,"{""vehicle"":0,""person"":0,""cyclist"":0}",FALSE,"{""heading_deg"":163.6202688131603,""speed_mps"":2.560312008296381,""accelerating"":true,""braking"":false,""turning_left"":true,""turning_right"":false,""world_x"":-105.76773071289062,""world_y"":-75.42237854003906}","{""front"":{""boxes"":[]},""left"":{""boxes"":[]},""rear"":{""boxes"":[]},""right"":{""boxes"":[]}}",[],[],frame_000257
"{""cam"":true,""radar"":true,""gnss"":true,""imu"":true,""lidar"":true}",498710120,3.1,263.1,22,8.5,"{""vehicle"":0,""person"":0,""cyclist"":0}",FALSE,"{""heading_deg"":160.7637197777209,""speed_mps"":2.720526565376676,""accelerating"":true,""braking"":false,""turning_left"":true,""turning_right"":false,""world_x"":-105.45088195800781,""world_y"":-76.27206420898438}","{""front"":{""boxes"":[]},""left"":{""boxes"":[]},""rear"":{""boxes"":[]},""right"":{""boxes"":[]}}",[],[],frame_000258
"{""cam"":true,""radar"":true,""gnss"":true,""imu"":true,""lidar"":true}",832061955,3.2,181.5,22,8.6,"{""vehicle"":1,""person"":0,""cyclist"":0}",FALSE,"{""heading_deg"":158.883273076568,""speed_mps"":2.862859655308798,""accelerating"":true,""braking"":false,""turning_left"":true,""turning_right"":false,""world_x"":-105.09956359863281,""world_y"":-77.15938568115234}","{""front"":{""boxes"":[]},""left"":{""boxes"":[]},""rear"":{""boxes"":[{""id"":""R_501"",""cls"":""car"",""conf"":0.87841796875,""box"":[0.626484375,0.6284375,0.11439907204848385,0.14020833333333335]}]},""right"":{""boxes"":[]}}","[{""id"":""R_501"",""cls"":""vehicle"",""x"":-9.891460418701172,""y"":-2.373547077178955,""distance"":10.365561485290527}]","[{""id"":""R_501"",""cls"":""vehicle"",""label"":""Car"",""dist_m"":10.366,""speed_mps"":null,""motion"":""unknown""}]",frame_000259
"{""cam"":true,""radar"":true,""gnss"":true,""imu"":true,""lidar"":true}",165378577,3.2,186.6,22,8.2,"{""vehicle"":1,""person"":0,""cyclist"":0}",FALSE,"{""heading_deg"":158.5248247489257,""speed_mps"":2.9708919187056653,""accelerating"":true,""braking"":false,""turning_left"":false,""turning_right"":false,""world_x"":-104.73297119140625,""world_y"":-78.07927703857422}","{""front"":{""boxes"":[]},""left"":{""boxes"":[]},""rear"":{""boxes"":[{""id"":""R_501"",""cls"":""car"",""conf"":0.89501953125,""box"":[0.6332292731294963,0.6174135804765222,0.1046807249427398,0.12810688784139532]}]},""right"":{""boxes"":[]}}","[{""id"":""R_501"",""cls"":""vehicle"",""x"":-10.903698921203613,""y"":-2.155484676361084,""distance"":11.422447013854981}]","[{""id"":""R_501"",""cls"":""vehicle"",""label"":""Car"",""dist_m"":11.422,""speed_mps"":3.037,""motion"":""approaching""}]",frame_000260
